#options: 1920x1080 fps=30/1 timebase=1/30 bitdepth=8 cabac=1 ref=1 deblock=1:0:0 analyse=0x1:0 me=dia subme=2 psy=1 psy_rd=1.00:0.00 mixed_ref=0 me_range=16 chroma_me=1 trellis=0 8x8dct=0 cqm=0 deadzone=21,11 fast_pskip=1 chroma_qp_offset=0 threads=15 lookahead_threads=5 sliced_threads=0 nr=0 decimate=1 interlaced=0 bluray_compat=0 constrained_intra=0 bframes=3 b_pyramid=2 b_adapt=1 b_bias=0 direct=3 weightb=1 open_gop=0 weightp=2 keyint=250 keyint_min=25 scenecut=40 intra_refresh=0 rc_lookahead=50 rc=abr mbtree=1 bitrate=6500 ratetol=1.0 qcomp=0.60 qpmin=0 qpmax=69 qpstep=4 vbv_maxrate=8000 vbv_bufsize=16000 nal_hrd=none filler=0 ip_ratio=1.40 aq=1:1.00
in:0 out:0 type:I dur:2 cpbdur:2 q:30.54 aq:23.73 tex:1565484 mv:163906 misc:6706 imb:8160 pmb:0 smb:0 d:- ref:;
in:4 out:1 type:P dur:2 cpbdur:2 q:34.40 aq:26.10 tex:543550 mv:30998 misc:2052 imb:2173 pmb:4304 smb:1683 d:- ref:0 w:6,69,-4,5,35,-13,32,0 ;
in:2 out:2 type:B dur:2 cpbdur:2 q:34.40 aq:28.64 tex:190302 mv:24605 misc:4349 imb:407 pmb:5896 smb:1857 d:s ref:0 ;
in:1 out:3 type:b dur:2 cpbdur:2 q:34.40 aq:28.89 tex:75904 mv:26204 misc:4796 imb:2733 pmb:2368 smb:3059 d:s ref:0 ;
in:3 out:4 type:b dur:2 cpbdur:2 q:34.40 aq:35.05 tex:91041 mv:15062 misc:4769 imb:55 pmb:2231 smb:5874 d:- ref:0 ;
in:8 out:5 type:P dur:2 cpbdur:2 q:34.75 aq:32.56 tex:480544 mv:29813 misc:1459 imb:590 pmb:4386 smb:3184 d:- ref:0 ;
in:6 out:6 type:B dur:2 cpbdur:2 q:34.79 aq:34.07 tex:163211 mv:19554 misc:4699 imb:145 pmb:3010 smb:5005 d:s ref:0 ;
in:5 out:7 type:b dur:2 cpbdur:2 q:34.79 aq:31.04 tex:66706 mv:12379 misc:4787 imb:68 pmb:1933 smb:6159 d:s ref:0 ;
in:7 out:8 type:b dur:2 cpbdur:2 q:34.79 aq:35.32 tex:72634 mv:15352 misc:5014 imb:70 pmb:2114 smb:5976 d:- ref:0 ;
in:12 out:9 type:P dur:2 cpbdur:2 q:34.94 aq:31.18 tex:446992 mv:30413 misc:1651 imb:611 pmb:4762 smb:2787 d:- ref:0 ;
in:10 out:10 type:B dur:2 cpbdur:2 q:34.97 aq:32.88 tex:153641 mv:18387 misc:5028 imb:149 pmb:3044 smb:4967 d:s ref:0 ;
in:9 out:11 type:b dur:2 cpbdur:2 q:34.97 aq:33.98 tex:69701 mv:11993 misc:4746 imb:87 pmb:1895 smb:6178 d:s ref:0 ;
in:11 out:12 type:b dur:2 cpbdur:2 q:34.97 aq:35.65 tex:66595 mv:15558 misc:5143 imb:99 pmb:2064 smb:5997 d:- ref:0 ;
in:16 out:13 type:P dur:2 cpbdur:2 q:35.10 aq:31.22 tex:407033 mv:30895 misc:2040 imb:572 pmb:4727 smb:2861 d:- ref:0 ;
in:14 out:14 type:B dur:2 cpbdur:2 q:35.11 aq:33.68 tex:144455 mv:18498 misc:5111 imb:168 pmb:2950 smb:5042 d:s ref:0 ;
in:13 out:15 type:b dur:2 cpbdur:2 q:35.11 aq:36.24 tex:64717 mv:11973 misc:5006 imb:91 pmb:1855 smb:6214 d:s ref:0 ;
in:15 out:16 type:b dur:2 cpbdur:2 q:35.11 aq:34.83 tex:74812 mv:16651 misc:5289 imb:88 pmb:2182 smb:5890 d:- ref:0 ;
in:20 out:17 type:P dur:2 cpbdur:2 q:39.75 aq:37.30 tex:42144 mv:21494 misc:5050 imb:394 pmb:2670 smb:5096 d:s ref:0 ;
in:18 out:18 type:B dur:2 cpbdur:2 q:39.70 aq:33.92 tex:6857 mv:14963 misc:4428 imb:103 pmb:1213 smb:6844 d:t ref:0 ;
in:17 out:19 type:b dur:2 cpbdur:2 q:39.67 aq:35.88 tex:4635 mv:8042 misc:3171 imb:41 pmb:697 smb:7422 d:t ref:0 ;
in:19 out:20 type:b dur:2 cpbdur:2 q:39.73 aq:38.09 tex:1663 mv:7890 misc:3191 imb:29 pmb:705 smb:7426 d:- ref:0 ;
in:24 out:21 type:P dur:2 cpbdur:2 q:40.24 aq:33.79 tex:41774 mv:22757 misc:5405 imb:1187 pmb:2436 smb:4537 d:s ref:0 ;
in:22 out:22 type:B dur:2 cpbdur:2 q:40.24 aq:34.07 tex:5390 mv:15175 misc:4579 imb:86 pmb:1271 smb:6803 d:t ref:0 ;
in:21 out:23 type:b dur:2 cpbdur:2 q:40.24 aq:38.10 tex:2224 mv:8835 misc:3541 imb:53 pmb:798 smb:7309 d:t ref:0 ;
in:23 out:24 type:b dur:2 cpbdur:2 q:40.24 aq:35.82 tex:2171 mv:7493 misc:3240 imb:39 pmb:703 smb:7418 d:- ref:0 ;
in:28 out:25 type:P dur:2 cpbdur:2 q:38.61 aq:34.47 tex:136447 mv:30761 misc:4000 imb:845 pmb:3893 smb:3422 d:s ref:0 ;
in:26 out:26 type:B dur:2 cpbdur:2 q:40.23 aq:32.69 tex:5908 mv:15815 misc:4693 imb:100 pmb:1302 smb:6758 d:t ref:0 ;
in:25 out:27 type:b dur:2 cpbdur:2 q:40.24 aq:32.54 tex:2081 mv:8576 misc:3415 imb:54 pmb:743 smb:7363 d:s ref:0 ;
in:27 out:28 type:b dur:2 cpbdur:2 q:40.22 aq:37.16 tex:2019 mv:8465 misc:3532 imb:42 pmb:785 smb:7333 d:- ref:0 ;
in:32 out:29 type:P dur:2 cpbdur:2 q:37.44 aq:32.83 tex:243118 mv:33919 misc:3075 imb:980 pmb:4467 smb:2713 d:s ref:0 ;
in:30 out:30 type:B dur:2 cpbdur:2 q:38.60 aq:38.16 tex:17786 mv:20811 misc:5443 imb:125 pmb:1793 smb:6242 d:t ref:0 ;
in:29 out:31 type:b dur:2 cpbdur:2 q:38.60 aq:37.80 tex:5842 mv:11712 misc:4318 imb:72 pmb:1090 smb:6998 d:s ref:0 ;
in:31 out:32 type:b dur:2 cpbdur:2 q:38.60 aq:39.11 tex:5541 mv:11772 misc:4327 imb:60 pmb:1092 smb:7008 d:- ref:0 ;
in:36 out:33 type:P dur:2 cpbdur:2 q:37.38 aq:33.03 tex:238223 mv:35346 misc:3103 imb:955 pmb:4680 smb:2525 d:s ref:0 ;
in:34 out:34 type:B dur:2 cpbdur:2 q:37.59 aq:35.29 tex:38505 mv:25120 misc:5935 imb:169 pmb:2331 smb:5660 d:t ref:0 ;
in:33 out:35 type:b dur:2 cpbdur:2 q:37.59 aq:36.25 tex:16255 mv:15430 misc:5139 imb:95 pmb:1517 smb:6548 d:s ref:0 ;
in:35 out:36 type:b dur:2 cpbdur:2 q:37.58 aq:38.17 tex:17473 mv:15051 misc:5228 imb:94 pmb:1559 smb:6507 d:- ref:0 ;
in:40 out:37 type:P dur:2 cpbdur:2 q:37.60 aq:33.36 tex:209518 mv:35051 misc:3439 imb:970 pmb:4603 smb:2587 d:s ref:0 ;
in:38 out:38 type:B dur:2 cpbdur:2 q:37.72 aq:36.73 tex:36541 mv:24361 misc:5882 imb:165 pmb:2234 smb:5761 d:t ref:0 ;
in:37 out:39 type:b dur:2 cpbdur:2 q:37.73 aq:36.50 tex:16306 mv:14878 misc:4952 imb:110 pmb:1383 smb:6667 d:s ref:0 ;
in:39 out:40 type:b dur:2 cpbdur:2 q:37.72 aq:38.02 tex:16576 mv:14719 misc:5121 imb:87 pmb:1468 smb:6605 d:- ref:0 ;
in:44 out:41 type:P dur:2 cpbdur:2 q:36.63 aq:32.85 tex:310338 mv:37742 misc:2640 imb:1056 pmb:4933 smb:2171 d:s ref:0 ;
in:42 out:42 type:B dur:2 cpbdur:2 q:37.59 aq:36.42 tex:35692 mv:25605 misc:6063 imb:180 pmb:2257 smb:5723 d:t ref:0 ;
in:41 out:43 type:b dur:2 cpbdur:2 q:37.60 aq:36.84 tex:21716 mv:14972 misc:4944 imb:128 pmb:1419 smb:6613 d:s ref:0 ;
in:43 out:44 type:b dur:2 cpbdur:2 q:37.59 aq:37.85 tex:22797 mv:15554 misc:5177 imb:99 pmb:1524 smb:6537 d:- ref:0 ;
in:48 out:45 type:P dur:2 cpbdur:2 q:36.12 aq:32.87 tex:328810 mv:39016 misc:2558 imb:1019 pmb:5076 smb:2065 d:t ref:0 ;
in:46 out:46 type:B dur:2 cpbdur:2 q:36.62 aq:34.95 tex:56337 mv:16064 misc:5767 imb:203 pmb:2008 smb:5949 d:s ref:0 ;
in:45 out:47 type:b dur:2 cpbdur:2 q:36.62 aq:35.41 tex:34028 mv:10928 misc:5068 imb:138 pmb:1464 smb:6558 d:s ref:0 ;
in:47 out:48 type:b dur:2 cpbdur:2 q:36.62 aq:37.32 tex:30812 mv:17332 misc:5744 imb:113 pmb:1848 smb:6199 d:- ref:0 ;
in:52 out:49 type:P dur:2 cpbdur:2 q:35.99 aq:32.84 tex:357239 mv:40812 misc:2541 imb:1097 pmb:5169 smb:1894 d:t ref:0 ;
in:50 out:50 type:B dur:2 cpbdur:2 q:36.36 aq:35.67 tex:68542 mv:19181 misc:6149 imb:221 pmb:2432 smb:5507 d:s ref:0 ;
in:49 out:51 type:b dur:2 cpbdur:2 q:36.37 aq:35.02 tex:39988 mv:12378 misc:5362 imb:145 pmb:1750 smb:6265 d:s ref:0 ;
in:51 out:52 type:b dur:2 cpbdur:2 q:36.36 aq:36.36 tex:38214 mv:19052 misc:6030 imb:183 pmb:1938 smb:6039 d:- ref:0 ;
in:56 out:53 type:P dur:2 cpbdur:2 q:35.80 aq:32.62 tex:346737 mv:42623 misc:2536 imb:1279 pmb:5220 smb:1661 d:t ref:0 ;
in:54 out:54 type:B dur:2 cpbdur:2 q:36.17 aq:34.38 tex:82038 mv:21081 misc:6305 imb:244 pmb:2746 smb:5170 d:s ref:0 ;
in:53 out:55 type:b dur:2 cpbdur:2 q:36.17 aq:34.95 tex:40655 mv:13839 misc:5442 imb:229 pmb:1732 smb:6199 d:s ref:0 ;
in:55 out:56 type:b dur:2 cpbdur:2 q:36.17 aq:35.30 tex:43841 mv:20034 misc:6221 imb:128 pmb:2196 smb:5836 d:- ref:0 ;
in:60 out:57 type:P dur:2 cpbdur:2 q:35.12 aq:31.43 tex:386996 mv:45554 misc:2402 imb:1490 pmb:5293 smb:1377 d:t ref:0 ;
in:58 out:58 type:B dur:2 cpbdur:2 q:35.84 aq:34.00 tex:90153 mv:22830 misc:6569 imb:295 pmb:2784 smb:5081 d:s ref:0 ;
in:57 out:59 type:b dur:2 cpbdur:2 q:36.06 aq:35.05 tex:44551 mv:14573 misc:5708 imb:147 pmb:1887 smb:6126 d:s ref:0 ;
in:59 out:60 type:b dur:2 cpbdur:2 q:35.87 aq:35.75 tex:45758 mv:22445 misc:6373 imb:244 pmb:2298 smb:5618 d:- ref:0 ;
in:64 out:61 type:P dur:2 cpbdur:2 q:34.69 aq:30.75 tex:446142 mv:48819 misc:2383 imb:1403 pmb:5589 smb:1168 d:t ref:0 ;
in:62 out:62 type:B dur:2 cpbdur:2 q:35.61 aq:33.32 tex:99527 mv:27456 misc:6785 imb:351 pmb:3214 smb:4595 d:s ref:0 ;
in:61 out:63 type:b dur:2 cpbdur:2 q:35.96 aq:34.46 tex:40850 mv:15295 misc:5855 imb:207 pmb:1790 smb:6163 d:s ref:0 ;
in:63 out:64 type:b dur:2 cpbdur:2 q:35.73 aq:34.81 tex:42365 mv:23645 misc:6590 imb:253 pmb:2399 smb:5508 d:- ref:0 ;
in:68 out:65 type:P dur:2 cpbdur:2 q:34.44 aq:30.83 tex:486622 mv:49517 misc:2301 imb:1263 pmb:5663 smb:1234 d:t ref:0 ;
in:66 out:66 type:B dur:2 cpbdur:2 q:35.80 aq:33.38 tex:96777 mv:25905 misc:6902 imb:289 pmb:3113 smb:4758 d:s ref:0 ;
in:65 out:67 type:b dur:2 cpbdur:2 q:35.80 aq:33.79 tex:42839 mv:14919 misc:5786 imb:196 pmb:1760 smb:6204 d:s ref:0 ;
in:67 out:68 type:b dur:2 cpbdur:2 q:35.80 aq:34.80 tex:47190 mv:22854 misc:6508 imb:197 pmb:2388 smb:5575 d:- ref:0 ;
in:72 out:69 type:P dur:2 cpbdur:2 q:34.34 aq:30.73 tex:507307 mv:50473 misc:2060 imb:1574 pmb:5621 smb:965 d:s ref:0 ;
in:70 out:70 type:B dur:2 cpbdur:2 q:35.38 aq:33.26 tex:132132 mv:44179 misc:6801 imb:346 pmb:4233 smb:3581 d:t ref:0 ;
in:69 out:71 type:b dur:2 cpbdur:2 q:35.38 aq:34.39 tex:60274 mv:27148 misc:6842 imb:316 pmb:2591 smb:5253 d:t ref:0 ;
in:71 out:72 type:b dur:2 cpbdur:2 q:35.38 aq:34.33 tex:59013 mv:27920 misc:6803 imb:306 pmb:2583 smb:5271 d:- ref:0 ;
in:76 out:73 type:P dur:2 cpbdur:2 q:34.33 aq:30.34 tex:505418 mv:50379 misc:2235 imb:1551 pmb:5486 smb:1123 d:s ref:0 ;
in:74 out:74 type:B dur:2 cpbdur:2 q:35.05 aq:32.94 tex:154680 mv:48188 misc:6668 imb:401 pmb:4613 smb:3146 d:t ref:0 ;
in:73 out:75 type:b dur:2 cpbdur:2 q:35.05 aq:34.26 tex:68835 mv:28146 misc:6883 imb:271 pmb:2825 smb:5064 d:s ref:0 ;
in:75 out:76 type:b dur:2 cpbdur:2 q:35.05 aq:34.10 tex:65454 mv:29319 misc:7099 imb:347 pmb:2919 smb:4894 d:- ref:0 ;
in:80 out:77 type:P dur:2 cpbdur:2 q:34.43 aq:30.42 tex:485006 mv:49851 misc:2263 imb:1456 pmb:5521 smb:1183 d:s ref:0 ;
in:78 out:78 type:B dur:2 cpbdur:2 q:35.12 aq:32.69 tex:151885 mv:47095 misc:6412 imb:406 pmb:4412 smb:3342 d:t ref:0 ;
in:77 out:79 type:b dur:2 cpbdur:2 q:35.12 aq:34.43 tex:62108 mv:28099 misc:6705 imb:218 pmb:2774 smb:5168 d:s ref:0 ;
in:79 out:80 type:b dur:2 cpbdur:2 q:35.12 aq:34.02 tex:62841 mv:28562 misc:6661 imb:222 pmb:2817 smb:5121 d:- ref:0 ;
in:84 out:81 type:P dur:2 cpbdur:2 q:34.34 aq:30.04 tex:483229 mv:49849 misc:2354 imb:1433 pmb:5504 smb:1223 d:s ref:0 ;
in:82 out:82 type:B dur:2 cpbdur:2 q:35.18 aq:32.35 tex:151182 mv:45934 misc:6724 imb:417 pmb:4291 smb:3452 d:t ref:0 ;
in:81 out:83 type:b dur:2 cpbdur:2 q:35.18 aq:33.63 tex:68081 mv:28449 misc:6846 imb:295 pmb:2771 smb:5094 d:t ref:0 ;
in:83 out:84 type:b dur:2 cpbdur:2 q:35.18 aq:33.35 tex:59370 mv:25652 misc:6506 imb:242 pmb:2481 smb:5437 d:- ref:0 ;
in:88 out:85 type:P dur:2 cpbdur:2 q:34.42 aq:30.20 tex:483037 mv:49765 misc:2286 imb:1422 pmb:5411 smb:1327 d:s ref:0 ;
in:86 out:86 type:B dur:2 cpbdur:2 q:35.31 aq:32.44 tex:130673 mv:45607 misc:6648 imb:391 pmb:4219 smb:3550 d:t ref:0 ;
in:85 out:87 type:b dur:2 cpbdur:2 q:35.31 aq:33.80 tex:57634 mv:26221 misc:6545 imb:252 pmb:2544 smb:5364 d:s ref:0 ;
in:87 out:88 type:b dur:2 cpbdur:2 q:35.31 aq:33.80 tex:55184 mv:25848 misc:6640 imb:315 pmb:2502 smb:5343 d:- ref:0 ;
in:92 out:89 type:P dur:2 cpbdur:2 q:34.61 aq:30.20 tex:436686 mv:48061 misc:2525 imb:1571 pmb:5276 smb:1313 d:s ref:0 ;
in:90 out:90 type:B dur:2 cpbdur:2 q:35.29 aq:32.09 tex:133136 mv:44492 misc:6452 imb:404 pmb:4122 smb:3634 d:t ref:0 ;
in:89 out:91 type:b dur:2 cpbdur:2 q:35.29 aq:33.63 tex:58151 mv:26124 misc:6405 imb:285 pmb:2486 smb:5389 d:t ref:0 ;
in:91 out:92 type:b dur:2 cpbdur:2 q:35.30 aq:32.83 tex:61151 mv:26803 misc:6702 imb:284 pmb:2683 smb:5193 d:- ref:0 ;
in:95 out:93 type:P dur:2 cpbdur:2 q:34.73 aq:30.41 tex:396886 mv:44821 misc:2653 imb:1156 pmb:5426 smb:1578 d:s ref:0 ;
in:93 out:94 type:B dur:2 cpbdur:2 q:35.23 aq:32.06 tex:90112 mv:34430 misc:6786 imb:327 pmb:3392 smb:4441 d:t ref:0 ;
in:94 out:95 type:b dur:2 cpbdur:2 q:35.23 aq:33.68 tex:56802 mv:26136 misc:6582 imb:273 pmb:2563 smb:5324 d:- ref:0 ;
in:99 out:96 type:P dur:2 cpbdur:2 q:34.55 aq:30.15 tex:416797 mv:48940 misc:2575 imb:1579 pmb:5378 smb:1203 d:t ref:0 ;
in:97 out:97 type:B dur:2 cpbdur:2 q:35.33 aq:32.15 tex:115522 mv:31981 misc:6641 imb:394 pmb:3835 smb:3931 d:s ref:0 ;
in:96 out:98 type:b dur:2 cpbdur:2 q:35.33 aq:32.77 tex:49269 mv:17669 misc:6086 imb:252 pmb:2094 smb:5814 d:s ref:0 ;
in:98 out:99 type:b dur:2 cpbdur:2 q:35.33 aq:33.28 tex:50678 mv:25417 misc:6481 imb:309 pmb:2544 smb:5307 d:- ref:0 ;
in:103 out:100 type:P dur:2 cpbdur:2 q:34.49 aq:29.70 tex:420541 mv:49587 misc:2512 imb:1548 pmb:5260 smb:1352 d:t ref:0 ;
in:101 out:101 type:B dur:2 cpbdur:2 q:35.38 aq:31.49 tex:113519 mv:31780 misc:6349 imb:384 pmb:3451 smb:4325 d:t ref:0 ;
in:100 out:102 type:b dur:2 cpbdur:2 q:35.38 aq:32.10 tex:46304 mv:17689 misc:5847 imb:226 pmb:1988 smb:5946 d:s ref:0 ;
in:102 out:103 type:b dur:2 cpbdur:2 q:35.38 aq:32.70 tex:48565 mv:25077 misc:6126 imb:257 pmb:2386 smb:5517 d:- ref:0 ;
in:107 out:104 type:P dur:2 cpbdur:2 q:34.40 aq:29.90 tex:466407 mv:49937 misc:2448 imb:1570 pmb:5226 smb:1364 d:t ref:0 ;
in:105 out:105 type:B dur:2 cpbdur:2 q:35.38 aq:31.21 tex:113293 mv:32482 misc:6393 imb:388 pmb:3516 smb:4256 d:s ref:0 ;
in:104 out:106 type:b dur:2 cpbdur:2 q:35.38 aq:32.24 tex:47552 mv:17733 misc:5843 imb:253 pmb:2045 smb:5862 d:s ref:0 ;
in:106 out:107 type:b dur:2 cpbdur:2 q:35.38 aq:32.11 tex:50333 mv:24298 misc:6193 imb:300 pmb:2313 smb:5547 d:- ref:0 ;
in:111 out:108 type:P dur:2 cpbdur:2 q:34.47 aq:29.42 tex:437746 mv:50431 misc:2823 imb:1427 pmb:5174 smb:1559 d:t ref:0 ;
in:109 out:109 type:B dur:2 cpbdur:2 q:35.09 aq:31.69 tex:138661 mv:35738 misc:6273 imb:482 pmb:3844 smb:3834 d:t ref:0 ;
in:108 out:110 type:b dur:2 cpbdur:2 q:35.09 aq:31.48 tex:55425 mv:20685 misc:6138 imb:302 pmb:2318 smb:5540 d:s ref:0 ;
in:110 out:111 type:b dur:2 cpbdur:2 q:35.09 aq:32.80 tex:58901 mv:26812 misc:6087 imb:296 pmb:2523 smb:5341 d:- ref:0 ;
in:115 out:112 type:P dur:2 cpbdur:2 q:34.80 aq:29.46 tex:407157 mv:48642 misc:2857 imb:1545 pmb:5151 smb:1464 d:t ref:0 ;
in:113 out:113 type:B dur:2 cpbdur:2 q:35.11 aq:31.54 tex:127874 mv:32509 misc:6441 imb:399 pmb:3736 smb:4025 d:t ref:0 ;
in:112 out:114 type:b dur:2 cpbdur:2 q:35.11 aq:31.90 tex:48906 mv:18861 misc:5961 imb:310 pmb:2086 smb:5764 d:s ref:0 ;
in:114 out:115 type:b dur:2 cpbdur:2 q:35.11 aq:32.61 tex:52783 mv:25451 misc:6366 imb:249 pmb:2613 smb:5298 d:- ref:0 ;
in:119 out:116 type:P dur:2 cpbdur:2 q:34.89 aq:29.66 tex:367522 mv:48894 misc:2816 imb:1590 pmb:5154 smb:1416 d:t ref:0 ;
in:117 out:117 type:B dur:2 cpbdur:2 q:35.44 aq:30.84 tex:102558 mv:31102 misc:6340 imb:384 pmb:3319 smb:4457 d:s ref:0 ;
in:116 out:118 type:b dur:2 cpbdur:2 q:35.44 aq:31.62 tex:41868 mv:17343 misc:5733 imb:219 pmb:1941 smb:6000 d:s ref:0 ;
in:118 out:119 type:b dur:2 cpbdur:2 q:35.44 aq:32.02 tex:45619 mv:24765 misc:6128 imb:282 pmb:2335 smb:5543 d:- ref:0 ;
in:123 out:120 type:P dur:2 cpbdur:2 q:34.76 aq:29.38 tex:369175 mv:48719 misc:2810 imb:1364 pmb:5052 smb:1744 d:s ref:0 ;
in:121 out:121 type:B dur:2 cpbdur:2 q:35.39 aq:30.87 tex:115190 mv:45213 misc:6429 imb:450 pmb:3992 smb:3718 d:t ref:0 ;
in:120 out:122 type:b dur:2 cpbdur:2 q:35.39 aq:31.82 tex:46852 mv:25401 misc:6123 imb:288 pmb:2331 smb:5541 d:s ref:0 ;
in:122 out:123 type:b dur:2 cpbdur:2 q:35.39 aq:32.18 tex:47008 mv:24204 misc:5956 imb:270 pmb:2283 smb:5607 d:- ref:0 ;
in:127 out:124 type:P dur:2 cpbdur:2 q:34.62 aq:29.23 tex:381156 mv:49653 misc:3071 imb:1546 pmb:4955 smb:1659 d:s ref:0 ;
in:125 out:125 type:B dur:2 cpbdur:2 q:35.33 aq:31.19 tex:113197 mv:44599 misc:6564 imb:482 pmb:4000 smb:3678 d:t ref:0 ;
in:124 out:126 type:b dur:2 cpbdur:2 q:35.33 aq:31.80 tex:48768 mv:26580 misc:6180 imb:285 pmb:2423 smb:5452 d:s ref:0 ;
in:126 out:127 type:b dur:2 cpbdur:2 q:35.33 aq:31.88 tex:50042 mv:26263 misc:6311 imb:284 pmb:2459 smb:5417 d:- ref:0 ;
in:130 out:128 type:P dur:2 cpbdur:2 q:34.66 aq:29.43 tex:357524 mv:44722 misc:2930 imb:1433 pmb:5054 smb:1673 d:s ref:0 ;
in:128 out:129 type:B dur:2 cpbdur:2 q:35.28 aq:31.66 tex:86394 mv:34101 misc:6361 imb:325 pmb:3254 smb:4581 d:t ref:0 ;
in:129 out:130 type:b dur:2 cpbdur:2 q:35.28 aq:32.33 tex:49986 mv:26779 misc:6091 imb:282 pmb:2442 smb:5436 d:- ref:0 ;
in:134 out:131 type:P dur:2 cpbdur:2 q:34.64 aq:29.02 tex:369983 mv:48422 misc:2923 imb:1620 pmb:4891 smb:1649 d:s ref:0 ;
in:132 out:132 type:B dur:2 cpbdur:2 q:35.23 aq:30.42 tex:124850 mv:45047 misc:6215 imb:484 pmb:3915 smb:3761 d:t ref:0 ;
in:131 out:133 type:b dur:2 cpbdur:2 q:35.23 aq:31.23 tex:55476 mv:26663 misc:6189 imb:282 pmb:2468 smb:5410 d:s ref:0 ;
in:133 out:134 type:b dur:2 cpbdur:2 q:35.23 aq:32.00 tex:56708 mv:25374 misc:6054 imb:299 pmb:2415 smb:5446 d:- ref:0 ;
in:138 out:135 type:P dur:2 cpbdur:2 q:34.70 aq:28.61 tex:373874 mv:48859 misc:2891 imb:1629 pmb:4781 smb:1750 d:s ref:0 ;
in:136 out:136 type:B dur:2 cpbdur:2 q:35.21 aq:30.25 tex:113106 mv:44308 misc:6122 imb:471 pmb:3874 smb:3815 d:t ref:0 ;
in:135 out:137 type:b dur:2 cpbdur:2 q:35.21 aq:32.21 tex:49662 mv:25671 misc:5987 imb:276 pmb:2310 smb:5574 d:s ref:0 ;
in:137 out:138 type:b dur:2 cpbdur:2 q:35.21 aq:32.12 tex:52169 mv:26074 misc:6141 imb:260 pmb:2496 smb:5404 d:- ref:0 ;
in:142 out:139 type:P dur:2 cpbdur:2 q:34.84 aq:28.61 tex:350762 mv:49000 misc:3158 imb:1635 pmb:4810 smb:1715 d:s ref:0 ;
in:140 out:140 type:B dur:2 cpbdur:2 q:35.45 aq:31.08 tex:94542 mv:41631 misc:6171 imb:374 pmb:3616 smb:4170 d:t ref:0 ;
in:139 out:141 type:b dur:2 cpbdur:2 q:35.45 aq:31.54 tex:48151 mv:25137 misc:6072 imb:279 pmb:2312 smb:5569 d:s ref:0 ;
in:141 out:142 type:b dur:2 cpbdur:2 q:35.45 aq:31.49 tex:43127 mv:25693 misc:6140 imb:308 pmb:2326 smb:5526 d:- ref:0 ;
in:146 out:143 type:P dur:2 cpbdur:2 q:34.70 aq:28.17 tex:352568 mv:48407 misc:3153 imb:1804 pmb:4753 smb:1603 d:s ref:0 ;
in:144 out:144 type:B dur:2 cpbdur:2 q:35.42 aq:30.25 tex:92284 mv:42515 misc:6297 imb:414 pmb:3613 smb:4133 d:t ref:0 ;
in:143 out:145 type:b dur:2 cpbdur:2 q:35.42 aq:31.60 tex:44570 mv:26121 misc:6205 imb:255 pmb:2364 smb:5541 d:s ref:0 ;
in:145 out:146 type:b dur:2 cpbdur:2 q:35.42 aq:31.46 tex:46143 mv:24368 misc:5841 imb:276 pmb:2200 smb:5684 d:- ref:0 ;
in:150 out:147 type:P dur:2 cpbdur:2 q:34.79 aq:28.36 tex:343683 mv:47821 misc:3136 imb:1700 pmb:4635 smb:1825 d:s ref:0 ;
in:148 out:148 type:B dur:2 cpbdur:2 q:35.35 aq:30.18 tex:86101 mv:40494 misc:6373 imb:369 pmb:3584 smb:4207 d:t ref:0 ;
in:147 out:149 type:b dur:2 cpbdur:2 q:35.35 aq:31.35 tex:45546 mv:25786 misc:6100 imb:279 pmb:2432 smb:5449 d:s ref:0 ;
in:149 out:150 type:b dur:2 cpbdur:2 q:35.35 aq:31.42 tex:44763 mv:24900 misc:6129 imb:289 pmb:2361 smb:5510 d:- ref:0 ;
in:154 out:151 type:P dur:2 cpbdur:2 q:34.77 aq:28.33 tex:331387 mv:47712 misc:3469 imb:1673 pmb:4586 smb:1901 d:s ref:0 ;
in:152 out:152 type:B dur:2 cpbdur:2 q:35.30 aq:30.19 tex:90406 mv:41656 misc:6018 imb:426 pmb:3385 smb:4349 d:t ref:0 ;
in:151 out:153 type:b dur:2 cpbdur:2 q:35.30 aq:30.44 tex:45218 mv:25646 misc:5944 imb:248 pmb:2351 smb:5561 d:s ref:0 ;
in:153 out:154 type:b dur:2 cpbdur:2 q:35.30 aq:30.74 tex:50374 mv:24927 misc:5875 imb:294 pmb:2333 smb:5533 d:- ref:0 ;
in:158 out:155 type:P dur:2 cpbdur:2 q:34.75 aq:28.16 tex:313123 mv:47173 misc:3312 imb:1823 pmb:4568 smb:1769 d:s ref:0 ;
in:156 out:156 type:B dur:2 cpbdur:2 q:35.52 aq:29.95 tex:72585 mv:39490 misc:6333 imb:405 pmb:3315 smb:4440 d:t ref:0 ;
in:155 out:157 type:b dur:2 cpbdur:2 q:35.52 aq:31.06 tex:42539 mv:24053 misc:5904 imb:238 pmb:2261 smb:5661 d:s ref:0 ;
in:157 out:158 type:b dur:2 cpbdur:2 q:35.52 aq:30.98 tex:40609 mv:23208 misc:5711 imb:305 pmb:2100 smb:5755 d:- ref:0 ;
in:162 out:159 type:P dur:2 cpbdur:2 q:34.69 aq:28.04 tex:335545 mv:47432 misc:3327 imb:1845 pmb:4514 smb:1801 d:s ref:0 ;
in:160 out:160 type:B dur:2 cpbdur:2 q:35.46 aq:30.09 tex:81218 mv:39123 misc:6467 imb:362 pmb:3545 smb:4253 d:t ref:0 ;
in:159 out:161 type:b dur:2 cpbdur:2 q:35.46 aq:30.84 tex:40426 mv:23816 misc:6054 imb:235 pmb:2304 smb:5621 d:s ref:0 ;
in:161 out:162 type:b dur:2 cpbdur:2 q:35.46 aq:30.37 tex:41997 mv:24653 misc:6222 imb:266 pmb:2370 smb:5524 d:- ref:0 ;
in:166 out:163 type:P dur:2 cpbdur:2 q:34.58 aq:27.49 tex:324371 mv:47215 misc:3670 imb:1684 pmb:4488 smb:1988 d:s ref:0 ;
in:164 out:164 type:B dur:2 cpbdur:2 q:35.27 aq:29.47 tex:81603 mv:39215 misc:6054 imb:385 pmb:3293 smb:4482 d:t ref:0 ;
in:163 out:165 type:b dur:2 cpbdur:2 q:35.27 aq:30.37 tex:45821 mv:24613 misc:5910 imb:293 pmb:2265 smb:5602 d:s ref:0 ;
in:165 out:166 type:b dur:2 cpbdur:2 q:35.27 aq:30.48 tex:45832 mv:23956 misc:6124 imb:252 pmb:2395 smb:5513 d:- ref:0 ;
in:170 out:167 type:P dur:2 cpbdur:2 q:34.52 aq:27.54 tex:324194 mv:47079 misc:3719 imb:1730 pmb:4367 smb:2063 d:s ref:0 ;
in:168 out:168 type:B dur:2 cpbdur:2 q:35.22 aq:29.64 tex:88676 mv:40983 misc:5989 imb:406 pmb:3456 smb:4298 d:t ref:0 ;
in:167 out:169 type:b dur:2 cpbdur:2 q:35.22 aq:29.90 tex:45888 mv:25756 misc:6140 imb:266 pmb:2450 smb:5444 d:s ref:0 ;
in:169 out:170 type:b dur:2 cpbdur:2 q:35.22 aq:29.10 tex:39324 mv:24094 misc:5886 imb:242 pmb:2257 smb:5661 d:- ref:0 ;
in:174 out:171 type:P dur:2 cpbdur:2 q:34.43 aq:27.18 tex:317135 mv:45855 misc:3730 imb:1712 pmb:4223 smb:2225 d:t ref:0 ;
in:172 out:172 type:B dur:2 cpbdur:2 q:35.11 aq:28.74 tex:90349 mv:30733 misc:6054 imb:527 pmb:3020 smb:4613 d:s ref:0 ;
in:171 out:173 type:b dur:2 cpbdur:2 q:35.11 aq:29.76 tex:42934 mv:18119 misc:5755 imb:279 pmb:2066 smb:5815 d:s ref:0 ;
in:173 out:174 type:b dur:2 cpbdur:2 q:35.11 aq:29.58 tex:44909 mv:23950 misc:6117 imb:261 pmb:2395 smb:5504 d:- ref:0 ;
in:178 out:175 type:P dur:2 cpbdur:2 q:34.30 aq:27.05 tex:325361 mv:46767 misc:3600 imb:1853 pmb:4291 smb:2016 d:t ref:0 ;
in:176 out:176 type:B dur:2 cpbdur:2 q:34.98 aq:29.12 tex:88470 mv:30063 misc:5707 imb:325 pmb:3049 smb:4786 d:s ref:0 ;
in:175 out:177 type:b dur:2 cpbdur:2 q:34.98 aq:29.54 tex:42505 mv:17277 misc:5682 imb:211 pmb:1973 smb:5976 d:s ref:0 ;
in:177 out:178 type:b dur:2 cpbdur:2 q:34.98 aq:29.81 tex:40395 mv:23861 misc:6088 imb:255 pmb:2377 smb:5528 d:- ref:0 ;
in:182 out:179 type:P dur:2 cpbdur:2 q:34.33 aq:26.79 tex:325985 mv:46260 misc:3747 imb:1682 pmb:4140 smb:2338 d:t ref:0 ;
in:180 out:180 type:B dur:2 cpbdur:2 q:34.86 aq:28.74 tex:96135 mv:30680 misc:5857 imb:383 pmb:3154 smb:4623 d:s ref:0 ;
in:179 out:181 type:b dur:2 cpbdur:2 q:34.86 aq:28.85 tex:45765 mv:18756 misc:5719 imb:249 pmb:2097 smb:5814 d:s ref:0 ;
in:181 out:182 type:b dur:2 cpbdur:2 q:34.86 aq:29.66 tex:47436 mv:24002 misc:5650 imb:255 pmb:2298 smb:5607 d:- ref:0 ;
in:186 out:183 type:P dur:2 cpbdur:2 q:34.30 aq:26.61 tex:312944 mv:45990 misc:3698 imb:1931 pmb:4025 smb:2204 d:t ref:0 ;
in:184 out:184 type:B dur:2 cpbdur:2 q:35.00 aq:28.30 tex:79454 mv:29679 misc:5811 imb:371 pmb:2917 smb:4872 d:s ref:0 ;
in:183 out:185 type:b dur:2 cpbdur:2 q:35.00 aq:29.52 tex:41194 mv:17084 misc:5434 imb:247 pmb:1842 smb:6071 d:s ref:0 ;
in:185 out:186 type:b dur:2 cpbdur:2 q:35.00 aq:29.48 tex:35425 mv:22711 misc:5968 imb:203 pmb:2298 smb:5659 d:- ref:0 ;
in:190 out:187 type:P dur:2 cpbdur:2 q:34.10 aq:26.61 tex:309579 mv:45094 misc:3807 imb:1635 pmb:4007 smb:2518 d:s ref:0 ;
in:188 out:188 type:B dur:2 cpbdur:2 q:34.93 aq:28.59 tex:81370 mv:38376 misc:5774 imb:359 pmb:3186 smb:4615 d:t ref:0 ;
in:187 out:189 type:b dur:2 cpbdur:2 q:34.93 aq:29.72 tex:41664 mv:23961 misc:5519 imb:190 pmb:2119 smb:5851 d:s ref:0 ;
in:189 out:190 type:b dur:2 cpbdur:2 q:34.93 aq:29.19 tex:41572 mv:22860 misc:5416 imb:194 pmb:2077 smb:5889 d:- ref:0 ;
in:193 out:191 type:P dur:2 cpbdur:2 q:34.23 aq:26.24 tex:301322 mv:40623 misc:3855 imb:1525 pmb:3895 smb:2740 d:s ref:0 ;
in:191 out:192 type:B dur:2 cpbdur:2 q:34.80 aq:29.36 tex:59262 mv:30286 misc:5772 imb:310 pmb:2601 smb:5249 d:t ref:0 ;
in:192 out:193 type:b dur:2 cpbdur:2 q:34.80 aq:29.89 tex:40800 mv:23642 misc:5702 imb:201 pmb:2224 smb:5735 d:- ref:0 ;
in:197 out:194 type:P dur:2 cpbdur:2 q:34.11 aq:26.08 tex:292140 mv:44118 misc:3982 imb:1767 pmb:3850 smb:2543 d:s ref:0 ;
in:195 out:195 type:B dur:2 cpbdur:2 q:34.64 aq:28.45 tex:86821 mv:39457 misc:5698 imb:361 pmb:3264 smb:4535 d:t ref:0 ;
in:194 out:196 type:b dur:2 cpbdur:2 q:34.64 aq:29.98 tex:49980 mv:23433 misc:5523 imb:190 pmb:2109 smb:5861 d:s ref:0 ;
in:196 out:197 type:b dur:2 cpbdur:2 q:34.64 aq:29.28 tex:44007 mv:23957 misc:5500 imb:194 pmb:2166 smb:5800 d:- ref:0 ;
in:201 out:198 type:P dur:2 cpbdur:2 q:33.94 aq:25.64 tex:298615 mv:45155 misc:3734 imb:1836 pmb:3726 smb:2598 d:s ref:0 ;
in:199 out:199 type:B dur:2 cpbdur:2 q:34.85 aq:28.58 tex:72184 mv:38010 misc:5870 imb:369 pmb:3200 smb:4591 d:t ref:0 ;
in:198 out:200 type:b dur:2 cpbdur:2 q:34.85 aq:28.69 tex:39996 mv:23638 misc:5574 imb:242 pmb:2062 smb:5856 d:s ref:0 ;
in:200 out:201 type:b dur:2 cpbdur:2 q:34.85 aq:29.09 tex:38473 mv:23118 misc:5569 imb:221 pmb:2167 smb:5772 d:- ref:0 ;
in:205 out:202 type:P dur:2 cpbdur:2 q:33.71 aq:25.50 tex:306468 mv:44851 misc:3985 imb:1926 pmb:3679 smb:2555 d:s ref:0 ;
in:203 out:203 type:B dur:2 cpbdur:2 q:34.77 aq:28.24 tex:74772 mv:38300 misc:5576 imb:366 pmb:2997 smb:4797 d:t ref:0 ;
in:202 out:204 type:b dur:2 cpbdur:2 q:34.77 aq:29.45 tex:39571 mv:23246 misc:5279 imb:212 pmb:1981 smb:5967 d:s ref:0 ;
in:204 out:205 type:b dur:2 cpbdur:2 q:34.77 aq:29.19 tex:39794 mv:23060 misc:5338 imb:178 pmb:2096 smb:5886 d:- ref:0 ;
in:209 out:206 type:P dur:2 cpbdur:2 q:33.64 aq:25.32 tex:327625 mv:44007 misc:3936 imb:1801 pmb:3602 smb:2757 d:s ref:0 ;
in:207 out:207 type:B dur:2 cpbdur:2 q:34.64 aq:27.60 tex:73482 mv:40272 misc:5678 imb:369 pmb:3214 smb:4577 d:t ref:0 ;
in:206 out:208 type:b dur:2 cpbdur:2 q:34.64 aq:28.80 tex:40719 mv:24095 misc:5402 imb:234 pmb:2104 smb:5822 d:s ref:0 ;
in:208 out:209 type:b dur:2 cpbdur:2 q:34.64 aq:28.75 tex:31774 mv:22744 misc:5290 imb:209 pmb:1993 smb:5958 d:- ref:0 ;
in:213 out:210 type:P dur:2 cpbdur:2 q:33.61 aq:25.36 tex:297507 mv:43343 misc:4166 imb:1776 pmb:3598 smb:2786 d:s ref:0 ;
in:211 out:211 type:B dur:2 cpbdur:2 q:34.43 aq:28.27 tex:90887 mv:39533 misc:5404 imb:355 pmb:3118 smb:4687 d:t ref:0 ;
in:210 out:212 type:b dur:2 cpbdur:2 q:34.43 aq:28.98 tex:43073 mv:24394 misc:5229 imb:163 pmb:2083 smb:5914 d:s ref:0 ;
in:212 out:213 type:b dur:2 cpbdur:2 q:34.43 aq:28.60 tex:42560 mv:23808 misc:5344 imb:180 pmb:2122 smb:5858 d:- ref:0 ;
in:217 out:214 type:P dur:2 cpbdur:2 q:33.56 aq:24.99 tex:298915 mv:43673 misc:4028 imb:1789 pmb:3600 smb:2771 d:s ref:0 ;
in:215 out:215 type:B dur:2 cpbdur:2 q:34.36 aq:27.81 tex:91185 mv:39980 misc:5499 imb:359 pmb:3203 smb:4598 d:t ref:0 ;
in:214 out:216 type:b dur:2 cpbdur:2 q:34.36 aq:28.63 tex:46231 mv:24550 misc:5331 imb:247 pmb:2153 smb:5760 d:s ref:0 ;
in:216 out:217 type:b dur:2 cpbdur:2 q:34.36 aq:28.80 tex:39743 mv:23303 misc:5194 imb:164 pmb:2163 smb:5833 d:- ref:0 ;
in:221 out:218 type:P dur:2 cpbdur:2 q:33.50 aq:25.02 tex:317851 mv:44259 misc:4002 imb:1786 pmb:3487 smb:2887 d:s ref:0 ;
in:219 out:219 type:B dur:2 cpbdur:2 q:34.24 aq:27.78 tex:87035 mv:40592 misc:5285 imb:346 pmb:3179 smb:4635 d:t ref:0 ;
in:218 out:220 type:b dur:2 cpbdur:2 q:34.24 aq:27.73 tex:41556 mv:25871 misc:5285 imb:186 pmb:2203 smb:5771 d:s ref:0 ;
in:220 out:221 type:b dur:2 cpbdur:2 q:34.24 aq:28.75 tex:39140 mv:24181 misc:5183 imb:200 pmb:2098 smb:5862 d:- ref:0 ;
in:225 out:222 type:P dur:2 cpbdur:2 q:33.41 aq:24.56 tex:342220 mv:44230 misc:3982 imb:1920 pmb:3435 smb:2805 d:s ref:0 ;
in:223 out:223 type:B dur:2 cpbdur:2 q:34.11 aq:27.50 tex:83190 mv:39774 misc:5332 imb:390 pmb:3116 smb:4654 d:t ref:0 ;
in:222 out:224 type:b dur:2 cpbdur:2 q:34.11 aq:28.02 tex:42168 mv:25242 misc:5222 imb:197 pmb:2205 smb:5758 d:s ref:0 ;
in:224 out:225 type:b dur:2 cpbdur:2 q:34.11 aq:28.44 tex:40433 mv:24589 misc:5226 imb:148 pmb:2266 smb:5746 d:- ref:0 ;
in:229 out:226 type:P dur:2 cpbdur:2 q:33.37 aq:24.37 tex:301339 mv:38965 misc:3624 imb:1461 pmb:3364 smb:3335 d:s ref:0 ;
in:227 out:227 type:B dur:2 cpbdur:2 q:33.98 aq:27.31 tex:77085 mv:33980 misc:5335 imb:229 pmb:2915 smb:5016 d:t ref:0 ;
in:226 out:228 type:b dur:2 cpbdur:2 q:33.98 aq:27.88 tex:58839 mv:21367 misc:4818 imb:184 pmb:1993 smb:5983 d:s ref:0 ;
in:228 out:229 type:b dur:2 cpbdur:2 q:33.98 aq:27.96 tex:50477 mv:20048 misc:4803 imb:135 pmb:1916 smb:6109 d:- ref:0 ;
in:233 out:230 type:P dur:2 cpbdur:2 q:33.23 aq:24.05 tex:308361 mv:38379 misc:3732 imb:1286 pmb:3407 smb:3467 d:s ref:0 ;
in:231 out:231 type:B dur:2 cpbdur:2 q:33.89 aq:27.72 tex:75351 mv:33729 misc:5248 imb:210 pmb:2817 smb:5133 d:t ref:0 ;
in:230 out:232 type:b dur:2 cpbdur:2 q:33.89 aq:28.11 tex:49765 mv:20852 misc:4735 imb:132 pmb:1935 smb:6093 d:s ref:0 ;
in:232 out:233 type:b dur:2 cpbdur:2 q:33.89 aq:26.72 tex:52673 mv:20780 misc:4779 imb:165 pmb:1884 smb:6111 d:- ref:0 ;
in:237 out:234 type:P dur:2 cpbdur:2 q:33.05 aq:24.13 tex:286330 mv:38775 misc:3855 imb:1239 pmb:3408 smb:3513 d:s ref:0 ;
in:235 out:235 type:B dur:2 cpbdur:2 q:33.74 aq:26.83 tex:72760 mv:33281 misc:5191 imb:231 pmb:2785 smb:5144 d:t ref:0 ;
in:234 out:236 type:b dur:2 cpbdur:2 q:33.74 aq:27.45 tex:52853 mv:20667 misc:4688 imb:121 pmb:1906 smb:6133 d:s ref:0 ;
in:236 out:237 type:b dur:2 cpbdur:2 q:33.74 aq:27.47 tex:52270 mv:20265 misc:4681 imb:128 pmb:1880 smb:6152 d:- ref:0 ;
in:241 out:238 type:P dur:2 cpbdur:2 q:32.79 aq:24.02 tex:309392 mv:39811 misc:3581 imb:1355 pmb:3449 smb:3356 d:t ref:0 ;
in:239 out:239 type:B dur:2 cpbdur:2 q:33.69 aq:26.65 tex:71004 mv:24546 misc:5146 imb:218 pmb:2473 smb:5469 d:t ref:0 ;
in:238 out:240 type:b dur:2 cpbdur:2 q:33.69 aq:27.28 tex:50910 mv:14725 misc:4469 imb:127 pmb:1590 smb:6443 d:s ref:0 ;
in:240 out:241 type:b dur:2 cpbdur:2 q:33.69 aq:28.02 tex:49828 mv:19394 misc:4770 imb:121 pmb:1845 smb:6194 d:- ref:0 ;
in:245 out:242 type:P dur:2 cpbdur:2 q:32.62 aq:23.79 tex:322578 mv:40628 misc:3490 imb:1278 pmb:3460 smb:3422 d:t ref:0 ;
in:243 out:243 type:B dur:2 cpbdur:2 q:33.58 aq:26.44 tex:79755 mv:26063 misc:5086 imb:226 pmb:2591 smb:5343 d:s ref:0 ;
in:242 out:244 type:b dur:2 cpbdur:2 q:33.58 aq:27.16 tex:51590 mv:16279 misc:4683 imb:157 pmb:1724 smb:6279 d:s ref:0 ;
in:244 out:245 type:b dur:2 cpbdur:2 q:33.58 aq:27.79 tex:52955 mv:21381 misc:4872 imb:141 pmb:2001 smb:6018 d:- ref:0 ;
in:249 out:246 type:P dur:2 cpbdur:2 q:32.52 aq:23.42 tex:336574 mv:41499 misc:3559 imb:1434 pmb:3508 smb:3218 d:t ref:0 ;
in:247 out:247 type:B dur:2 cpbdur:2 q:33.45 aq:26.18 tex:86424 mv:28767 misc:5105 imb:294 pmb:2677 smb:5189 d:t ref:0 ;
in:246 out:248 type:b dur:2 cpbdur:2 q:33.45 aq:27.66 tex:54103 mv:16833 misc:4800 imb:145 pmb:1851 smb:6164 d:s ref:0 ;
in:248 out:249 type:b dur:2 cpbdur:2 q:33.45 aq:27.14 tex:54140 mv:23151 misc:4845 imb:167 pmb:2127 smb:5866 d:- ref:0 ;
in:250 out:250 type:I dur:2 cpbdur:2 q:27.91 aq:18.68 tex:1329604 mv:154626 misc:650 imb:8160 pmb:0 smb:0 d:t ref:;
in:254 out:251 type:P dur:2 cpbdur:2 q:32.58 aq:23.19 tex:379567 mv:39636 misc:2533 imb:1311 pmb:3093 smb:3756 d:t ref:0 ;
in:252 out:252 type:B dur:2 cpbdur:2 q:32.58 aq:25.12 tex:146147 mv:36758 misc:3911 imb:332 pmb:3054 smb:4774 d:s ref:0 ;
in:251 out:253 type:b dur:2 cpbdur:2 q:32.58 aq:26.68 tex:91414 mv:20605 misc:4333 imb:210 pmb:1955 smb:5995 d:s ref:0 ;
in:253 out:254 type:b dur:2 cpbdur:2 q:32.58 aq:26.38 tex:89974 mv:26994 misc:4480 imb:154 pmb:2380 smb:5626 d:- ref:0 ;
in:258 out:255 type:P dur:2 cpbdur:2 q:32.82 aq:23.17 tex:317822 mv:39261 misc:2989 imb:1288 pmb:3170 smb:3702 d:t ref:0 ;
in:256 out:256 type:B dur:2 cpbdur:2 q:32.86 aq:25.50 tex:120071 mv:34355 misc:4182 imb:297 pmb:2923 smb:4940 d:t ref:0 ;
in:255 out:257 type:b dur:2 cpbdur:2 q:32.86 aq:26.96 tex:69512 mv:19852 misc:4596 imb:197 pmb:1937 smb:6026 d:s ref:0 ;
in:257 out:258 type:b dur:2 cpbdur:2 q:32.86 aq:27.03 tex:64759 mv:25464 misc:4673 imb:136 pmb:2271 smb:5753 d:- ref:0 ;
in:262 out:259 type:P dur:2 cpbdur:2 q:32.94 aq:23.71 tex:287541 mv:39534 misc:3453 imb:1328 pmb:3208 smb:3624 d:s ref:0 ;
in:260 out:260 type:B dur:2 cpbdur:2 q:33.03 aq:26.43 tex:119200 mv:40907 misc:4397 imb:322 pmb:3081 smb:4757 d:t ref:0 ;
in:259 out:261 type:b dur:2 cpbdur:2 q:33.03 aq:26.70 tex:59147 mv:24110 misc:4703 imb:133 pmb:2172 smb:5855 d:s ref:0 ;
in:261 out:262 type:b dur:2 cpbdur:2 q:33.03 aq:27.49 tex:58741 mv:24555 misc:4784 imb:149 pmb:2248 smb:5763 d:- ref:0 ;
in:266 out:263 type:P dur:2 cpbdur:2 q:32.89 aq:23.78 tex:283409 mv:39945 misc:3494 imb:1470 pmb:3168 smb:3522 d:s ref:0 ;
in:264 out:264 type:B dur:2 cpbdur:2 q:33.21 aq:26.75 tex:108528 mv:39862 misc:4562 imb:314 pmb:3012 smb:4834 d:t ref:0 ;
in:263 out:265 type:b dur:2 cpbdur:2 q:33.21 aq:28.53 tex:54247 mv:24116 misc:4645 imb:147 pmb:2115 smb:5898 d:s ref:0 ;
in:265 out:266 type:b dur:2 cpbdur:2 q:33.21 aq:27.53 tex:55857 mv:24592 misc:4623 imb:213 pmb:2143 smb:5804 d:- ref:0 ;
in:270 out:267 type:P dur:2 cpbdur:2 q:32.69 aq:22.95 tex:292911 mv:40738 misc:3367 imb:1398 pmb:3150 smb:3612 d:s ref:0 ;
in:268 out:268 type:B dur:2 cpbdur:2 q:33.20 aq:26.96 tex:102280 mv:38184 misc:4608 imb:299 pmb:2997 smb:4864 d:t ref:0 ;
in:267 out:269 type:b dur:2 cpbdur:2 q:33.20 aq:27.27 tex:51521 mv:23930 misc:4677 imb:153 pmb:2158 smb:5849 d:s ref:0 ;
in:269 out:270 type:b dur:2 cpbdur:2 q:33.20 aq:26.84 tex:48665 mv:23029 misc:4610 imb:140 pmb:2081 smb:5939 d:- ref:0 ;
in:274 out:271 type:P dur:2 cpbdur:2 q:32.42 aq:22.80 tex:323227 mv:40702 misc:3511 imb:1395 pmb:3110 smb:3655 d:s ref:0 ;
in:272 out:272 type:B dur:2 cpbdur:2 q:33.18 aq:26.80 tex:109807 mv:39461 misc:4532 imb:319 pmb:2997 smb:4844 d:t ref:0 ;
in:271 out:273 type:b dur:2 cpbdur:2 q:33.18 aq:26.46 tex:53844 mv:23523 misc:4641 imb:155 pmb:2114 smb:5891 d:s ref:0 ;
in:273 out:274 type:b dur:2 cpbdur:2 q:33.17 aq:26.32 tex:51751 mv:23697 misc:4640 imb:171 pmb:2127 smb:5862 d:- ref:0 ;
in:278 out:275 type:P dur:2 cpbdur:2 q:32.48 aq:23.38 tex:303441 mv:40767 misc:3464 imb:1328 pmb:3058 smb:3774 d:s ref:0 ;
in:276 out:276 type:B dur:2 cpbdur:2 q:32.87 aq:26.02 tex:117254 mv:41192 misc:4290 imb:330 pmb:3047 smb:4783 d:t ref:0 ;
in:275 out:277 type:b dur:2 cpbdur:2 q:32.87 aq:27.62 tex:61022 mv:25524 misc:4614 imb:162 pmb:2209 smb:5789 d:t ref:0 ;
in:277 out:278 type:b dur:2 cpbdur:2 q:32.87 aq:27.48 tex:57161 mv:24766 misc:4673 imb:156 pmb:2202 smb:5802 d:- ref:0 ;
in:282 out:279 type:P dur:2 cpbdur:2 q:32.59 aq:23.06 tex:298368 mv:41612 misc:3356 imb:1537 pmb:3031 smb:3592 d:s ref:0 ;
in:280 out:280 type:B dur:2 cpbdur:2 q:33.03 aq:26.37 tex:106073 mv:39630 misc:4441 imb:374 pmb:2997 smb:4789 d:t ref:0 ;
in:279 out:281 type:b dur:2 cpbdur:2 q:33.03 aq:26.85 tex:63653 mv:26825 misc:4370 imb:593 pmb:2042 smb:5525 d:s ref:0 ;
in:281 out:282 type:b dur:2 cpbdur:2 q:33.03 aq:26.59 tex:69274 mv:26676 misc:4298 imb:652 pmb:1953 smb:5555 d:- ref:0 ;
in:286 out:283 type:P dur:2 cpbdur:2 q:32.61 aq:23.44 tex:304080 mv:41266 misc:3398 imb:1527 pmb:2934 smb:3699 d:s ref:0 ;
in:284 out:284 type:B dur:2 cpbdur:2 q:33.00 aq:26.63 tex:103605 mv:40698 misc:4297 imb:438 pmb:2906 smb:4816 d:t ref:0 ;
in:283 out:285 type:b dur:2 cpbdur:2 q:33.00 aq:26.92 tex:55504 mv:25661 misc:4643 imb:278 pmb:2133 smb:5749 d:s ref:0 ;
in:285 out:286 type:b dur:2 cpbdur:2 q:33.00 aq:26.35 tex:53813 mv:25003 misc:4536 imb:281 pmb:2113 smb:5766 d:- ref:0 ;
in:290 out:287 type:P dur:2 cpbdur:2 q:32.43 aq:23.46 tex:302471 mv:42021 misc:3388 imb:1406 pmb:2989 smb:3765 d:t ref:0 ;
in:288 out:288 type:B dur:2 cpbdur:2 q:33.12 aq:26.63 tex:107705 mv:31800 misc:4087 imb:587 pmb:2554 smb:5019 d:s ref:0 ;
in:287 out:289 type:b dur:2 cpbdur:2 q:33.12 aq:27.03 tex:53169 mv:20107 misc:4108 imb:308 pmb:1957 smb:5895 d:s ref:0 ;
in:289 out:290 type:b dur:2 cpbdur:2 q:33.12 aq:27.41 tex:53452 mv:24700 misc:4528 imb:369 pmb:2079 smb:5712 d:- ref:0 ;
in:294 out:291 type:P dur:2 cpbdur:2 q:32.20 aq:22.76 tex:305647 mv:42079 misc:3434 imb:1432 pmb:3020 smb:3708 d:t ref:0 ;
in:292 out:292 type:B dur:2 cpbdur:2 q:33.08 aq:26.62 tex:104286 mv:31646 misc:4028 imb:703 pmb:2463 smb:4994 d:t ref:0 ;
in:291 out:293 type:b dur:2 cpbdur:2 q:33.08 aq:26.07 tex:50123 mv:21316 misc:4025 imb:426 pmb:1968 smb:5766 d:s ref:0 ;
in:293 out:294 type:b dur:2 cpbdur:2 q:33.08 aq:25.95 tex:57467 mv:24639 misc:4342 imb:333 pmb:2051 smb:5776 d:- ref:0 ;
in:298 out:295 type:P dur:2 cpbdur:2 q:32.40 aq:22.84 tex:342259 mv:40043 misc:3154 imb:1714 pmb:2759 smb:3687 d:t ref:0 ;
in:296 out:296 type:B dur:2 cpbdur:2 q:33.00 aq:26.45 tex:109219 mv:31635 misc:3834 imb:501 pmb:2750 smb:4909 d:s ref:0 ;
in:295 out:297 type:b dur:2 cpbdur:2 q:33.00 aq:25.80 tex:47062 mv:20366 misc:3868 imb:337 pmb:2029 smb:5794 d:s ref:0 ;
in:297 out:298 type:b dur:2 cpbdur:2 q:33.00 aq:26.37 tex:55726 mv:23393 misc:4361 imb:294 pmb:2047 smb:5819 d:- ref:0 ;
in:302 out:299 type:P dur:2 cpbdur:2 q:32.60 aq:23.11 tex:290928 mv:39240 misc:3064 imb:1557 pmb:2862 smb:3741 d:t ref:0 ;
in:300 out:300 type:B dur:2 cpbdur:2 q:32.63 aq:26.15 tex:117175 mv:32584 misc:3769 imb:447 pmb:2893 smb:4820 d:s ref:0 ;
in:299 out:301 type:b dur:2 cpbdur:2 q:32.63 aq:26.10 tex:63519 mv:20716 misc:4189 imb:428 pmb:1929 smb:5803 d:s ref:0 ;
in:301 out:302 type:b dur:2 cpbdur:2 q:32.63 aq:26.74 tex:62310 mv:25126 misc:4348 imb:320 pmb:2150 smb:5690 d:- ref:0 ;
in:306 out:303 type:P dur:2 cpbdur:2 q:32.68 aq:23.49 tex:282028 mv:38829 misc:3063 imb:1442 pmb:2712 smb:4006 d:s ref:0 ;
in:304 out:304 type:B dur:2 cpbdur:2 q:32.82 aq:26.13 tex:116008 mv:39413 misc:3731 imb:658 pmb:2767 smb:4735 d:t ref:0 ;
in:303 out:305 type:b dur:2 cpbdur:2 q:32.82 aq:26.42 tex:59871 mv:25113 misc:4384 imb:287 pmb:2119 smb:5754 d:s ref:0 ;
in:305 out:306 type:b dur:2 cpbdur:2 q:32.82 aq:25.90 tex:54819 mv:24977 misc:4412 imb:346 pmb:2096 smb:5718 d:- ref:0 ;
in:309 out:307 type:P dur:2 cpbdur:2 q:32.58 aq:22.93 tex:250761 mv:36224 misc:2935 imb:1205 pmb:2820 smb:4135 d:s ref:0 ;
in:307 out:308 type:B dur:2 cpbdur:2 q:32.90 aq:27.22 tex:72426 mv:28406 misc:4512 imb:290 pmb:2375 smb:5495 d:t ref:0 ;
in:308 out:309 type:b dur:2 cpbdur:2 q:32.92 aq:26.86 tex:64122 mv:25169 misc:4069 imb:747 pmb:1798 smb:5615 d:- ref:0 ;
in:313 out:310 type:P dur:2 cpbdur:2 q:32.34 aq:22.67 tex:286729 mv:36532 misc:2419 imb:1788 pmb:2503 smb:3869 d:s ref:0 ;
in:311 out:311 type:B dur:2 cpbdur:2 q:33.21 aq:25.89 tex:88117 mv:35934 misc:4285 imb:395 pmb:2644 smb:5121 d:s ref:0 ;
in:310 out:312 type:b dur:2 cpbdur:2 q:33.21 aq:27.21 tex:49699 mv:22840 misc:4189 imb:481 pmb:1771 smb:5908 d:s ref:0 ;
in:312 out:313 type:b dur:2 cpbdur:2 q:33.21 aq:27.44 tex:47341 mv:22805 misc:4358 imb:340 pmb:1929 smb:5891 d:- ref:0 ;
in:317 out:314 type:P dur:2 cpbdur:2 q:31.77 aq:22.32 tex:289775 mv:37225 misc:2464 imb:1477 pmb:2626 smb:4057 d:s ref:0 ;
in:315 out:315 type:B dur:2 cpbdur:2 q:33.19 aq:26.23 tex:92993 mv:35613 misc:4058 imb:533 pmb:2589 smb:5038 d:t ref:0 ;
in:314 out:316 type:b dur:2 cpbdur:2 q:33.19 aq:27.11 tex:46319 mv:22748 misc:4333 imb:249 pmb:1963 smb:5948 d:s ref:0 ;
in:316 out:317 type:b dur:2 cpbdur:2 q:33.19 aq:26.06 tex:43485 mv:22464 misc:4291 imb:301 pmb:1912 smb:5947 d:- ref:0 ;
in:318 out:318 type:P dur:2 cpbdur:2 q:32.01 aq:22.71 tex:273003 mv:27135 misc:3102 imb:1140 pmb:2845 smb:4175 d:s ref:0 ;
in:322 out:319 type:P dur:2 cpbdur:2 q:32.04 aq:22.65 tex:323176 mv:36647 misc:2297 imb:1492 pmb:2649 smb:4019 d:s ref:0 ;
in:320 out:320 type:B dur:2 cpbdur:2 q:32.05 aq:25.53 tex:125271 mv:40042 misc:3439 imb:562 pmb:2789 smb:4809 d:s ref:0 ;
in:319 out:321 type:b dur:2 cpbdur:2 q:32.05 aq:27.05 tex:65891 mv:26929 misc:4116 imb:477 pmb:2125 smb:5558 d:s ref:0 ;
in:321 out:322 type:b dur:2 cpbdur:2 q:32.05 aq:26.17 tex:57939 mv:25428 misc:4321 imb:216 pmb:2303 smb:5641 d:- ref:0 ;
in:326 out:323 type:P dur:2 cpbdur:2 q:32.20 aq:22.81 tex:305799 mv:36043 misc:2494 imb:1354 pmb:2695 smb:4111 d:s ref:0 ;
in:324 out:324 type:B dur:2 cpbdur:2 q:32.26 aq:24.87 tex:117446 mv:37768 misc:3586 imb:384 pmb:2902 smb:4874 d:t ref:0 ;
in:323 out:325 type:b dur:2 cpbdur:2 q:32.26 aq:26.81 tex:53276 mv:25550 misc:4286 imb:296 pmb:2250 smb:5614 d:s ref:0 ;
in:325 out:326 type:b dur:2 cpbdur:2 q:32.26 aq:26.88 tex:56008 mv:25261 misc:4203 imb:213 pmb:2245 smb:5702 d:- ref:0 ;
in:330 out:327 type:P dur:2 cpbdur:2 q:32.23 aq:22.56 tex:297331 mv:37585 misc:2540 imb:1261 pmb:2690 smb:4209 d:s ref:0 ;
in:328 out:328 type:B dur:2 cpbdur:2 q:32.43 aq:24.76 tex:105671 mv:38905 misc:3656 imb:379 pmb:2841 smb:4940 d:t ref:0 ;
in:327 out:329 type:b dur:2 cpbdur:2 q:32.43 aq:25.84 tex:57240 mv:25345 misc:4279 imb:293 pmb:2136 smb:5731 d:s ref:0 ;
in:329 out:330 type:b dur:2 cpbdur:2 q:32.43 aq:25.95 tex:54175 mv:26161 misc:4168 imb:497 pmb:2114 smb:5549 d:- ref:0 ;
in:334 out:331 type:P dur:2 cpbdur:2 q:32.18 aq:22.51 tex:308147 mv:37709 misc:2352 imb:1717 pmb:2596 smb:3847 d:s ref:0 ;
in:332 out:332 type:B dur:2 cpbdur:2 q:32.61 aq:25.89 tex:107703 mv:37911 misc:3818 imb:429 pmb:2774 smb:4957 d:s ref:0 ;
in:331 out:333 type:b dur:2 cpbdur:2 q:32.61 aq:26.30 tex:49563 mv:23696 misc:4325 imb:230 pmb:2100 smb:5830 d:s ref:0 ;
in:333 out:334 type:b dur:2 cpbdur:2 q:32.61 aq:25.12 tex:53983 mv:23490 misc:4239 imb:227 pmb:2148 smb:5785 d:- ref:0 ;
in:338 out:335 type:P dur:2 cpbdur:2 q:31.94 aq:22.39 tex:296202 mv:37788 misc:2794 imb:1411 pmb:2623 smb:4126 d:s ref:0 ;
in:336 out:336 type:B dur:2 cpbdur:2 q:32.81 aq:25.55 tex:101815 mv:38337 misc:3960 imb:460 pmb:2716 smb:4984 d:t ref:0 ;
in:335 out:337 type:b dur:2 cpbdur:2 q:32.81 aq:25.81 tex:47368 mv:23390 misc:4378 imb:252 pmb:2045 smb:5863 d:s ref:0 ;
in:337 out:338 type:b dur:2 cpbdur:2 q:32.81 aq:25.92 tex:55436 mv:22837 misc:4111 imb:449 pmb:1837 smb:5874 d:- ref:0 ;
in:342 out:339 type:P dur:2 cpbdur:2 q:31.64 aq:22.37 tex:302657 mv:38806 misc:2537 imb:1513 pmb:2677 smb:3970 d:s ref:0 ;
in:340 out:340 type:B dur:2 cpbdur:2 q:33.01 aq:26.26 tex:98237 mv:36898 misc:3961 imb:331 pmb:2720 smb:5109 d:t ref:0 ;
in:339 out:341 type:b dur:2 cpbdur:2 q:33.01 aq:26.13 tex:56164 mv:22450 misc:4226 imb:269 pmb:1881 smb:6010 d:s ref:0 ;
in:341 out:342 type:b dur:2 cpbdur:2 q:33.01 aq:26.00 tex:52535 mv:23763 misc:4158 imb:383 pmb:1923 smb:5854 d:- ref:0 ;
in:346 out:343 type:P dur:2 cpbdur:2 q:31.39 aq:22.11 tex:369183 mv:38789 misc:2556 imb:1723 pmb:2565 smb:3872 d:s ref:0 ;
in:344 out:344 type:B dur:2 cpbdur:2 q:32.61 aq:25.70 tex:107522 mv:37409 misc:3845 imb:412 pmb:2665 smb:5083 d:t ref:0 ;
in:343 out:345 type:b dur:2 cpbdur:2 q:32.70 aq:27.48 tex:52336 mv:22681 misc:4199 imb:184 pmb:1982 smb:5994 d:s ref:0 ;
in:345 out:346 type:b dur:2 cpbdur:2 q:32.70 aq:26.00 tex:55589 mv:23791 misc:4308 imb:288 pmb:1918 smb:5954 d:- ref:0 ;
in:348 out:347 type:P dur:2 cpbdur:2 q:31.84 aq:22.73 tex:314927 mv:33313 misc:2592 imb:1184 pmb:2855 smb:4121 d:s ref:0 ;
in:347 out:348 type:b dur:2 cpbdur:2 q:32.17 aq:26.17 tex:65154 mv:26223 misc:4319 imb:279 pmb:2155 smb:5726 d:t ref:0 ;
in:351 out:349 type:P dur:2 cpbdur:2 q:31.90 aq:22.34 tex:297870 mv:37132 misc:2942 imb:1096 pmb:2894 smb:4170 d:s ref:0 ;
in:349 out:350 type:B dur:2 cpbdur:2 q:32.13 aq:25.01 tex:93130 mv:33704 misc:3750 imb:691 pmb:2346 smb:5123 d:t ref:0 ;
in:350 out:351 type:b dur:2 cpbdur:2 q:32.13 aq:26.44 tex:70018 mv:27189 misc:4185 imb:415 pmb:2128 smb:5617 d:- ref:0 ;
in:355 out:352 type:P dur:2 cpbdur:2 q:31.93 aq:22.57 tex:321813 mv:41533 misc:3182 imb:1557 pmb:2830 smb:3773 d:s ref:0 ;
in:353 out:353 type:B dur:2 cpbdur:2 q:32.36 aq:25.74 tex:127319 mv:42057 misc:3600 imb:825 pmb:2646 smb:4689 d:t ref:0 ;
in:352 out:354 type:b dur:2 cpbdur:2 q:32.36 aq:26.15 tex:56713 mv:24748 misc:4251 imb:263 pmb:2075 smb:5822 d:s ref:0 ;
in:354 out:355 type:b dur:2 cpbdur:2 q:32.36 aq:26.54 tex:61546 mv:26459 misc:4371 imb:290 pmb:2217 smb:5653 d:- ref:0 ;
in:359 out:356 type:P dur:2 cpbdur:2 q:31.83 aq:22.44 tex:329119 mv:40756 misc:3181 imb:1814 pmb:2683 smb:3663 d:s ref:0 ;
in:357 out:357 type:B dur:2 cpbdur:2 q:32.57 aq:25.45 tex:110881 mv:40388 misc:3987 imb:475 pmb:2754 smb:4931 d:t ref:0 ;
in:356 out:358 type:b dur:2 cpbdur:2 q:32.57 aq:26.24 tex:54649 mv:24797 misc:4322 imb:250 pmb:2050 smb:5860 d:s ref:0 ;
in:358 out:359 type:b dur:2 cpbdur:2 q:32.57 aq:26.72 tex:59784 mv:24208 misc:4424 imb:232 pmb:2093 smb:5835 d:- ref:0 ;
in:363 out:360 type:P dur:2 cpbdur:2 q:31.60 aq:22.12 tex:326314 mv:40991 misc:3567 imb:1756 pmb:2727 smb:3677 d:s ref:0 ;
in:361 out:361 type:B dur:2 cpbdur:2 q:32.78 aq:26.29 tex:109793 mv:37936 misc:4287 imb:400 pmb:2807 smb:4953 d:t ref:0 ;
in:360 out:362 type:b dur:2 cpbdur:2 q:32.78 aq:26.57 tex:51213 mv:24272 misc:4395 imb:222 pmb:2027 smb:5911 d:s ref:0 ;
in:362 out:363 type:b dur:2 cpbdur:2 q:32.78 aq:26.37 tex:55834 mv:23551 misc:4439 imb:309 pmb:1967 smb:5884 d:- ref:0 ;
in:367 out:364 type:P dur:2 cpbdur:2 q:31.28 aq:21.89 tex:388937 mv:41492 misc:3467 imb:1712 pmb:2788 smb:3660 d:s ref:0 ;
in:365 out:365 type:B dur:2 cpbdur:2 q:32.75 aq:25.75 tex:110251 mv:38808 misc:4253 imb:443 pmb:2761 smb:4956 d:t ref:0 ;
in:364 out:366 type:b dur:2 cpbdur:2 q:32.76 aq:26.13 tex:55363 mv:23646 misc:4383 imb:254 pmb:2019 smb:5887 d:s ref:0 ;
in:366 out:367 type:b dur:2 cpbdur:2 q:32.75 aq:26.42 tex:64170 mv:24805 misc:4209 imb:612 pmb:1847 smb:5701 d:- ref:0 ;
in:371 out:368 type:P dur:2 cpbdur:2 q:31.39 aq:22.25 tex:372975 mv:42591 misc:3514 imb:1594 pmb:2898 smb:3668 d:s ref:0 ;
in:369 out:369 type:B dur:2 cpbdur:2 q:32.20 aq:25.75 tex:131471 mv:41849 misc:3920 imb:594 pmb:2789 smb:4777 d:t ref:0 ;
in:368 out:370 type:b dur:2 cpbdur:2 q:32.20 aq:26.31 tex:75635 mv:26732 misc:4281 imb:490 pmb:2054 smb:5616 d:s ref:0 ;
in:370 out:371 type:b dur:2 cpbdur:2 q:32.20 aq:25.76 tex:65716 mv:26604 misc:4416 imb:298 pmb:2211 smb:5651 d:- ref:0 ;
in:375 out:372 type:P dur:2 cpbdur:2 q:31.34 aq:22.42 tex:384466 mv:44272 misc:3438 imb:1513 pmb:3077 smb:3570 d:s ref:0 ;
in:373 out:373 type:B dur:2 cpbdur:2 q:32.19 aq:25.38 tex:134361 mv:43334 misc:3849 imb:568 pmb:2961 smb:4631 d:t ref:0 ;
in:372 out:374 type:b dur:2 cpbdur:2 q:32.19 aq:27.24 tex:68221 mv:27927 misc:4356 imb:389 pmb:2165 smb:5606 d:s ref:0 ;
in:374 out:375 type:b dur:2 cpbdur:2 q:32.19 aq:26.51 tex:64024 mv:27518 misc:4458 imb:259 pmb:2258 smb:5643 d:- ref:0 ;
in:379 out:376 type:P dur:2 cpbdur:2 q:31.43 aq:22.37 tex:391432 mv:43931 misc:3397 imb:1797 pmb:2919 smb:3444 d:s ref:0 ;
in:377 out:377 type:B dur:2 cpbdur:2 q:31.92 aq:25.13 tex:147904 mv:45961 misc:3823 imb:583 pmb:3066 smb:4511 d:s ref:0 ;
in:376 out:378 type:b dur:2 cpbdur:2 q:31.92 aq:25.63 tex:67858 mv:29680 misc:4502 imb:280 pmb:2419 smb:5461 d:s ref:0 ;
in:378 out:379 type:b dur:2 cpbdur:2 q:31.92 aq:25.88 tex:72555 mv:28374 misc:4399 imb:200 pmb:2440 smb:5520 d:- ref:0 ;
in:383 out:380 type:P dur:2 cpbdur:2 q:31.37 aq:22.25 tex:386873 mv:45294 misc:3729 imb:1678 pmb:3093 smb:3389 d:s ref:0 ;
in:381 out:381 type:B dur:2 cpbdur:2 q:31.90 aq:25.06 tex:142802 mv:45786 misc:3900 imb:446 pmb:3197 smb:4517 d:t ref:0 ;
in:380 out:382 type:b dur:2 cpbdur:2 q:31.90 aq:26.01 tex:71545 mv:29995 misc:4428 imb:279 pmb:2410 smb:5471 d:s ref:0 ;
in:382 out:383 type:b dur:2 cpbdur:2 q:31.90 aq:26.44 tex:77316 mv:30238 misc:4486 imb:319 pmb:2398 smb:5443 d:- ref:0 ;
in:387 out:384 type:P dur:2 cpbdur:2 q:31.09 aq:21.93 tex:405203 mv:43824 misc:3317 imb:1609 pmb:2892 smb:3659 d:s ref:0 ;
in:385 out:385 type:B dur:2 cpbdur:2 q:31.89 aq:25.65 tex:139552 mv:45292 misc:3900 imb:457 pmb:3108 smb:4595 d:t ref:0 ;
in:384 out:386 type:b dur:2 cpbdur:2 q:31.89 aq:25.61 tex:72794 mv:29455 misc:4471 imb:343 pmb:2326 smb:5491 d:s ref:0 ;
in:386 out:387 type:b dur:2 cpbdur:2 q:31.89 aq:27.10 tex:69806 mv:27146 misc:4520 imb:147 pmb:2351 smb:5662 d:- ref:0 ;
in:391 out:388 type:P dur:2 cpbdur:2 q:31.03 aq:22.04 tex:401450 mv:44485 misc:3073 imb:1818 pmb:2885 smb:3457 d:s ref:0 ;
in:389 out:389 type:B dur:2 cpbdur:2 q:32.13 aq:25.69 tex:136790 mv:45967 misc:4059 imb:623 pmb:2904 smb:4633 d:t ref:0 ;
in:388 out:390 type:b dur:2 cpbdur:2 q:32.13 aq:26.32 tex:66738 mv:27466 misc:4540 imb:274 pmb:2200 smb:5686 d:s ref:0 ;
in:390 out:391 type:b dur:2 cpbdur:2 q:32.13 aq:26.00 tex:68864 mv:27431 misc:4417 imb:335 pmb:2181 smb:5644 d:- ref:0 ;
in:395 out:392 type:P dur:2 cpbdur:2 q:30.92 aq:21.71 tex:383659 mv:45261 misc:3096 imb:1625 pmb:3049 smb:3486 d:s ref:0 ;
in:393 out:393 type:B dur:2 cpbdur:2 q:32.14 aq:25.51 tex:121777 mv:42242 misc:4293 imb:411 pmb:2913 smb:4836 d:s ref:0 ;
in:392 out:394 type:b dur:2 cpbdur:2 q:32.14 aq:26.47 tex:70393 mv:27762 misc:4533 imb:306 pmb:2180 smb:5674 d:s ref:0 ;
in:394 out:395 type:b dur:2 cpbdur:2 q:32.14 aq:26.75 tex:68187 mv:25302 misc:4311 imb:266 pmb:2056 smb:5838 d:- ref:0 ;
in:399 out:396 type:P dur:2 cpbdur:2 q:30.95 aq:21.63 tex:370706 mv:44685 misc:3305 imb:1660 pmb:3012 smb:3488 d:s ref:0 ;
in:397 out:397 type:B dur:2 cpbdur:2 q:31.88 aq:24.95 tex:135925 mv:42725 misc:3990 imb:639 pmb:2765 smb:4756 d:s ref:0 ;
in:396 out:398 type:b dur:2 cpbdur:2 q:31.88 aq:26.53 tex:67758 mv:26474 misc:4368 imb:240 pmb:2145 smb:5775 d:s ref:0 ;
in:398 out:399 type:b dur:2 cpbdur:2 q:31.88 aq:26.08 tex:68550 mv:26376 misc:4330 imb:312 pmb:2078 smb:5770 d:- ref:0 ;
in:403 out:400 type:P dur:2 cpbdur:2 q:30.94 aq:21.94 tex:385389 mv:43401 misc:3210 imb:1448 pmb:2948 smb:3764 d:s ref:0 ;
in:401 out:401 type:B dur:2 cpbdur:2 q:31.87 aq:25.06 tex:131832 mv:40580 misc:4044 imb:478 pmb:2778 smb:4904 d:s ref:0 ;
in:400 out:402 type:b dur:2 cpbdur:2 q:31.87 aq:25.93 tex:75365 mv:28024 misc:3947 imb:638 pmb:2072 smb:5450 d:t ref:0 ;
in:402 out:403 type:b dur:2 cpbdur:2 q:31.87 aq:26.12 tex:69105 mv:25942 misc:4433 imb:244 pmb:2225 smb:5691 d:- ref:0 ;
in:407 out:404 type:P dur:2 cpbdur:2 q:30.96 aq:21.85 tex:377986 mv:43609 misc:3205 imb:1623 pmb:2844 smb:3693 d:s ref:0 ;
in:405 out:405 type:B dur:2 cpbdur:2 q:31.86 aq:25.19 tex:132865 mv:40746 misc:4213 imb:473 pmb:2768 smb:4919 d:s ref:0 ;
in:404 out:406 type:b dur:2 cpbdur:2 q:31.86 aq:26.35 tex:83758 mv:29412 misc:4318 imb:606 pmb:2069 smb:5485 d:s ref:0 ;
in:406 out:407 type:b dur:2 cpbdur:2 q:31.86 aq:26.23 tex:75094 mv:27262 misc:4388 imb:260 pmb:2278 smb:5622 d:- ref:0 ;
in:411 out:408 type:P dur:2 cpbdur:2 q:30.98 aq:21.53 tex:381229 mv:44225 misc:3210 imb:1713 pmb:2964 smb:3483 d:s ref:0 ;
in:409 out:409 type:B dur:2 cpbdur:2 q:31.86 aq:25.51 tex:136824 mv:44411 misc:4037 imb:561 pmb:2925 smb:4674 d:t ref:0 ;
in:408 out:410 type:b dur:2 cpbdur:2 q:31.86 aq:26.07 tex:68869 mv:26406 misc:4485 imb:256 pmb:2163 smb:5741 d:s ref:0 ;
in:410 out:411 type:b dur:2 cpbdur:2 q:31.86 aq:25.15 tex:74623 mv:25997 misc:4268 imb:500 pmb:2041 smb:5619 d:- ref:0 ;
in:415 out:412 type:P dur:2 cpbdur:2 q:31.11 aq:22.00 tex:354515 mv:42063 misc:3422 imb:1518 pmb:2949 smb:3693 d:s ref:0 ;
in:413 out:413 type:B dur:2 cpbdur:2 q:31.86 aq:25.07 tex:127539 mv:39974 misc:4263 imb:375 pmb:2872 smb:4913 d:s ref:0 ;
in:412 out:414 type:b dur:2 cpbdur:2 q:31.86 aq:26.69 tex:66953 mv:25463 misc:4416 imb:214 pmb:2183 smb:5763 d:t ref:0 ;
in:414 out:415 type:b dur:2 cpbdur:2 q:31.86 aq:26.11 tex:70229 mv:25950 misc:4309 imb:213 pmb:2209 smb:5738 d:- ref:0 ;
in:419 out:416 type:P dur:2 cpbdur:2 q:30.96 aq:21.93 tex:409334 mv:42666 misc:3336 imb:1835 pmb:2667 smb:3658 d:s ref:0 ;
in:417 out:417 type:B dur:2 cpbdur:2 q:31.85 aq:25.40 tex:138065 mv:44583 misc:3784 imb:656 pmb:2856 smb:4648 d:t ref:0 ;
in:416 out:418 type:b dur:2 cpbdur:2 q:31.85 aq:26.55 tex:66686 mv:26486 misc:4396 imb:254 pmb:2228 smb:5678 d:s ref:0 ;
in:418 out:419 type:b dur:2 cpbdur:2 q:31.85 aq:25.81 tex:63801 mv:25032 misc:4495 imb:275 pmb:2145 smb:5740 d:- ref:0 ;
in:423 out:420 type:P dur:2 cpbdur:2 q:31.07 aq:21.98 tex:375738 mv:42659 misc:3419 imb:1544 pmb:2839 smb:3777 d:s ref:0 ;
in:421 out:421 type:B dur:2 cpbdur:2 q:31.85 aq:25.00 tex:120905 mv:40238 misc:4193 imb:451 pmb:2830 smb:4879 d:s ref:0 ;
in:420 out:422 type:b dur:2 cpbdur:2 q:31.85 aq:25.99 tex:62577 mv:26555 misc:4412 imb:286 pmb:2125 smb:5749 d:s ref:0 ;
in:422 out:423 type:b dur:2 cpbdur:2 q:31.85 aq:25.40 tex:59890 mv:24667 misc:4403 imb:209 pmb:2121 smb:5830 d:- ref:0 ;
in:427 out:424 type:P dur:2 cpbdur:2 q:31.18 aq:21.64 tex:357229 mv:39626 misc:3377 imb:1510 pmb:2812 smb:3838 d:s ref:0 ;
in:425 out:425 type:B dur:2 cpbdur:2 q:31.86 aq:25.94 tex:121034 mv:41632 misc:4094 imb:532 pmb:2764 smb:4864 d:s ref:0 ;
in:424 out:426 type:b dur:2 cpbdur:2 q:31.86 aq:26.34 tex:64037 mv:25421 misc:4150 imb:440 pmb:2020 smb:5700 d:s ref:0 ;
in:426 out:427 type:b dur:2 cpbdur:2 q:31.86 aq:26.77 tex:59004 mv:24198 misc:4358 imb:244 pmb:2073 smb:5843 d:- ref:0 ;
in:431 out:428 type:P dur:2 cpbdur:2 q:31.15 aq:21.79 tex:349098 mv:41138 misc:3140 imb:1812 pmb:2567 smb:3781 d:s ref:0 ;
in:429 out:429 type:B dur:2 cpbdur:2 q:31.85 aq:25.16 tex:109367 mv:39331 misc:3958 imb:451 pmb:2643 smb:5066 d:s ref:0 ;
in:428 out:430 type:b dur:2 cpbdur:2 q:31.85 aq:26.41 tex:59133 mv:25347 misc:4328 imb:400 pmb:1935 smb:5825 d:s ref:0 ;
in:430 out:431 type:b dur:2 cpbdur:2 q:31.85 aq:26.63 tex:54162 mv:23894 misc:4352 imb:213 pmb:2030 smb:5917 d:- ref:0 ;
in:435 out:432 type:P dur:2 cpbdur:2 q:30.86 aq:22.08 tex:367191 mv:42857 misc:2816 imb:1582 pmb:2805 smb:3773 d:s ref:0 ;
in:433 out:433 type:B dur:2 cpbdur:2 q:31.42 aq:24.65 tex:104695 mv:39724 misc:4061 imb:514 pmb:2750 smb:4896 d:s ref:0 ;
in:432 out:434 type:b dur:2 cpbdur:2 q:32.11 aq:26.94 tex:47999 mv:23538 misc:4119 imb:537 pmb:1802 smb:5821 d:s ref:0 ;
in:434 out:435 type:b dur:2 cpbdur:2 q:31.55 aq:26.52 tex:52420 mv:23771 misc:4257 imb:366 pmb:1939 smb:5855 d:- ref:0 ;
in:439 out:436 type:P dur:2 cpbdur:2 q:30.82 aq:21.57 tex:337286 mv:40824 misc:2930 imb:1375 pmb:2854 smb:3931 d:s ref:0 ;
in:437 out:437 type:B dur:2 cpbdur:2 q:32.09 aq:25.40 tex:101336 mv:35893 misc:4243 imb:371 pmb:2602 smb:5187 d:s ref:0 ;
in:436 out:438 type:b dur:2 cpbdur:2 q:32.09 aq:26.64 tex:44341 mv:21775 misc:4220 imb:200 pmb:1857 smb:6103 d:s ref:0 ;
in:438 out:439 type:b dur:2 cpbdur:2 q:32.09 aq:26.21 tex:44887 mv:22471 misc:4162 imb:313 pmb:1866 smb:5981 d:- ref:0 ;
in:443 out:440 type:P dur:2 cpbdur:2 q:30.63 aq:21.52 tex:346035 mv:37473 misc:2764 imb:1272 pmb:2706 smb:4182 d:s ref:0 ;
in:441 out:441 type:B dur:2 cpbdur:2 q:32.06 aq:25.46 tex:95139 mv:34328 misc:4069 imb:367 pmb:2524 smb:5269 d:s ref:0 ;
in:440 out:442 type:b dur:2 cpbdur:2 q:32.06 aq:27.12 tex:41515 mv:21327 misc:4270 imb:172 pmb:1899 smb:6089 d:t ref:0 ;
in:442 out:443 type:b dur:2 cpbdur:2 q:32.06 aq:27.64 tex:44383 mv:21702 misc:4131 imb:338 pmb:1768 smb:6054 d:- ref:0 ;
in:447 out:444 type:P dur:2 cpbdur:2 q:30.57 aq:21.88 tex:348837 mv:36270 misc:2589 imb:1262 pmb:2504 smb:4394 d:s ref:0 ;
in:445 out:445 type:B dur:2 cpbdur:2 q:31.74 aq:24.74 tex:122447 mv:38304 misc:3665 imb:666 pmb:2507 smb:4987 d:s ref:0 ;
in:444 out:446 type:b dur:2 cpbdur:2 q:31.74 aq:25.96 tex:46091 mv:21947 misc:4122 imb:241 pmb:1910 smb:6009 d:s ref:0 ;
in:446 out:447 type:b dur:2 cpbdur:2 q:31.74 aq:26.76 tex:51814 mv:21734 misc:4076 imb:204 pmb:1905 smb:6051 d:- ref:0 ;
in:451 out:448 type:P dur:2 cpbdur:2 q:30.71 aq:21.57 tex:399044 mv:39607 misc:2221 imb:1957 pmb:2444 smb:3759 d:s ref:0 ;
in:449 out:449 type:B dur:2 cpbdur:2 q:31.91 aq:24.54 tex:124905 mv:36796 misc:4107 imb:437 pmb:2604 smb:5119 d:s ref:0 ;
in:448 out:450 type:b dur:2 cpbdur:2 q:31.91 aq:26.50 tex:51948 mv:23006 misc:4198 imb:216 pmb:1931 smb:6013 d:s ref:0 ;
in:450 out:451 type:b dur:2 cpbdur:2 q:31.91 aq:25.41 tex:62336 mv:21011 misc:3973 imb:366 pmb:1855 smb:5939 d:- ref:0 ;
in:455 out:452 type:P dur:2 cpbdur:2 q:30.93 aq:21.25 tex:296717 mv:35140 misc:2767 imb:1315 pmb:2768 smb:4077 d:s ref:0 ;
in:453 out:453 type:B dur:2 cpbdur:2 q:32.12 aq:24.52 tex:113048 mv:29915 misc:4085 imb:398 pmb:2264 smb:5498 d:t ref:0 ;
in:452 out:454 type:b dur:2 cpbdur:2 q:32.12 aq:27.01 tex:55898 mv:17767 misc:4023 imb:166 pmb:1675 smb:6319 d:s ref:0 ;
in:454 out:455 type:b dur:2 cpbdur:2 q:32.12 aq:28.04 tex:56786 mv:18404 misc:3738 imb:323 pmb:1562 smb:6275 d:- ref:0 ;
in:459 out:456 type:P dur:2 cpbdur:2 q:30.64 aq:20.78 tex:329323 mv:37270 misc:2711 imb:1376 pmb:2893 smb:3891 d:s ref:0 ;
in:457 out:457 type:B dur:2 cpbdur:2 q:32.09 aq:24.96 tex:104106 mv:28908 misc:4258 imb:304 pmb:2189 smb:5667 d:s ref:0 ;
in:456 out:458 type:b dur:2 cpbdur:2 q:32.09 aq:26.30 tex:53561 mv:17104 misc:3847 imb:170 pmb:1671 smb:6319 d:s ref:0 ;
in:458 out:459 type:b dur:2 cpbdur:2 q:32.09 aq:26.61 tex:58010 mv:17730 misc:3796 imb:279 pmb:1552 smb:6329 d:- ref:0 ;
in:463 out:460 type:P dur:2 cpbdur:2 q:30.58 aq:21.29 tex:345149 mv:38446 misc:3173 imb:1280 pmb:2898 smb:3982 d:s ref:0 ;
in:461 out:461 type:B dur:2 cpbdur:2 q:32.00 aq:24.84 tex:109826 mv:30393 misc:4317 imb:315 pmb:2364 smb:5481 d:t ref:0 ;
in:460 out:462 type:b dur:2 cpbdur:2 q:32.00 aq:26.73 tex:58818 mv:19497 misc:3925 imb:404 pmb:1587 smb:6169 d:s ref:0 ;
in:462 out:463 type:b dur:2 cpbdur:2 q:32.00 aq:26.84 tex:62399 mv:17704 misc:3769 imb:326 pmb:1548 smb:6286 d:- ref:0 ;
in:467 out:464 type:P dur:2 cpbdur:2 q:30.61 aq:20.92 tex:341638 mv:38879 misc:3139 imb:1397 pmb:2991 smb:3772 d:s ref:0 ;
in:465 out:465 type:B dur:2 cpbdur:2 q:31.89 aq:23.95 tex:113283 mv:31016 misc:4309 imb:465 pmb:2324 smb:5371 d:t ref:0 ;
in:464 out:466 type:b dur:2 cpbdur:2 q:31.89 aq:25.15 tex:63170 mv:18696 misc:3934 imb:198 pmb:1704 smb:6258 d:s ref:0 ;
in:466 out:467 type:b dur:2 cpbdur:2 q:31.89 aq:26.89 tex:63711 mv:17672 misc:3913 imb:142 pmb:1725 smb:6293 d:- ref:0 ;
in:471 out:468 type:P dur:2 cpbdur:2 q:30.70 aq:21.27 tex:334353 mv:39893 misc:3234 imb:1311 pmb:3092 smb:3757 d:s ref:0 ;
in:469 out:469 type:B dur:2 cpbdur:2 q:31.88 aq:25.20 tex:112360 mv:31607 misc:4609 imb:304 pmb:2461 smb:5395 d:t ref:0 ;
in:468 out:470 type:b dur:2 cpbdur:2 q:31.88 aq:25.91 tex:64952 mv:19874 misc:4126 imb:339 pmb:1733 smb:6088 d:s ref:0 ;
in:470 out:471 type:b dur:2 cpbdur:2 q:31.88 aq:25.88 tex:61428 mv:19860 misc:3696 imb:672 pmb:1601 smb:5887 d:- ref:0 ;
in:475 out:472 type:P dur:2 cpbdur:2 q:30.73 aq:21.18 tex:315330 mv:39524 misc:3338 imb:1125 pmb:3265 smb:3770 d:s ref:0 ;
in:473 out:473 type:B dur:2 cpbdur:2 q:31.80 aq:24.23 tex:113415 mv:32196 misc:4261 imb:708 pmb:2258 smb:5194 d:t ref:0 ;
in:472 out:474 type:b dur:2 cpbdur:2 q:31.80 aq:26.43 tex:61917 mv:18245 misc:4022 imb:212 pmb:1689 smb:6259 d:s ref:0 ;
in:474 out:475 type:b dur:2 cpbdur:2 q:31.79 aq:26.36 tex:64331 mv:18272 misc:4037 imb:208 pmb:1685 smb:6267 d:- ref:0 ;
in:479 out:476 type:P dur:2 cpbdur:2 q:30.68 aq:20.98 tex:300949 mv:37965 misc:3302 imb:1155 pmb:3134 smb:3871 d:s ref:0 ;
in:477 out:477 type:B dur:2 cpbdur:2 q:32.00 aq:24.91 tex:105692 mv:29621 misc:4663 imb:309 pmb:2339 smb:5512 d:t ref:0 ;
in:476 out:478 type:b dur:2 cpbdur:2 q:32.00 aq:27.07 tex:59162 mv:17662 misc:3960 imb:186 pmb:1581 smb:6393 d:s ref:0 ;
in:478 out:479 type:b dur:2 cpbdur:2 q:32.00 aq:26.27 tex:57806 mv:17394 misc:4000 imb:178 pmb:1665 smb:6317 d:- ref:0 ;
in:483 out:480 type:P dur:2 cpbdur:2 q:30.48 aq:20.86 tex:357009 mv:40355 misc:3364 imb:1355 pmb:3149 smb:3656 d:s ref:0 ;
in:481 out:481 type:B dur:2 cpbdur:2 q:31.96 aq:24.77 tex:109714 mv:29197 misc:4433 imb:329 pmb:2214 smb:5617 d:t ref:0 ;
in:480 out:482 type:b dur:2 cpbdur:2 q:31.96 aq:25.65 tex:66448 mv:18202 misc:3998 imb:276 pmb:1595 smb:6289 d:s ref:0 ;
in:482 out:483 type:b dur:2 cpbdur:2 q:31.96 aq:25.82 tex:65786 mv:17598 misc:3976 imb:216 pmb:1669 smb:6275 d:- ref:0 ;
in:487 out:484 type:P dur:2 cpbdur:2 q:30.52 aq:21.24 tex:341694 mv:36673 misc:3417 imb:1062 pmb:3163 smb:3935 d:s ref:0 ;
in:485 out:485 type:B dur:2 cpbdur:2 q:31.89 aq:25.09 tex:115566 mv:29726 misc:4556 imb:312 pmb:2261 smb:5587 d:t ref:0 ;
in:484 out:486 type:b dur:2 cpbdur:2 q:31.89 aq:26.37 tex:64660 mv:17241 misc:4027 imb:145 pmb:1612 smb:6403 d:s ref:0 ;
in:486 out:487 type:b dur:2 cpbdur:2 q:31.89 aq:26.48 tex:73065 mv:17934 misc:3881 imb:238 pmb:1635 smb:6287 d:- ref:0 ;
in:491 out:488 type:P dur:2 cpbdur:2 q:30.39 aq:20.90 tex:394334 mv:37920 misc:3210 imb:1198 pmb:3077 smb:3885 d:s ref:0 ;
in:489 out:489 type:B dur:2 cpbdur:2 q:31.32 aq:24.55 tex:131220 mv:31335 misc:4309 imb:229 pmb:2505 smb:5426 d:t ref:0 ;
in:488 out:490 type:b dur:2 cpbdur:2 q:31.32 aq:25.86 tex:74488 mv:18663 misc:4017 imb:156 pmb:1813 smb:6191 d:s ref:0 ;
in:490 out:491 type:b dur:2 cpbdur:2 q:31.32 aq:25.32 tex:82701 mv:20937 misc:3962 imb:511 pmb:1758 smb:5891 d:- ref:0 ;
in:495 out:492 type:P dur:2 cpbdur:2 q:30.52 aq:21.43 tex:367063 mv:38250 misc:3215 imb:1308 pmb:3193 smb:3659 d:s ref:0 ;
in:493 out:493 type:B dur:2 cpbdur:2 q:31.26 aq:25.25 tex:133277 mv:31924 misc:4391 imb:335 pmb:2494 smb:5331 d:t ref:0 ;
in:492 out:494 type:b dur:2 cpbdur:2 q:31.26 aq:25.87 tex:80769 mv:19550 misc:4145 imb:171 pmb:1795 smb:6194 d:s ref:0 ;
in:494 out:495 type:b dur:2 cpbdur:2 q:31.26 aq:26.15 tex:81903 mv:19028 misc:3925 imb:203 pmb:1778 smb:6179 d:- ref:0 ;
in:499 out:496 type:P dur:2 cpbdur:2 q:30.45 aq:21.04 tex:367333 mv:38640 misc:3323 imb:1121 pmb:3317 smb:3722 d:s ref:0 ;
in:497 out:497 type:B dur:2 cpbdur:2 q:31.23 aq:24.87 tex:135241 mv:33322 misc:4557 imb:352 pmb:2514 smb:5294 d:t ref:0 ;
in:496 out:498 type:b dur:2 cpbdur:2 q:31.23 aq:25.87 tex:82943 mv:20839 misc:4098 imb:315 pmb:1826 smb:6019 d:s ref:0 ;
in:498 out:499 type:b dur:2 cpbdur:2 q:31.23 aq:27.22 tex:74154 mv:20157 misc:4145 imb:131 pmb:1911 smb:6118 d:- ref:0 ;
in:500 out:500 type:I dur:2 cpbdur:2 q:25.26 aq:15.03 tex:1322538 mv:138347 misc:651 imb:8160 pmb:0 smb:0 d:s ref:;
in:504 out:501 type:P dur:2 cpbdur:2 q:29.99 aq:21.02 tex:433277 mv:37648 misc:2691 imb:1350 pmb:2817 smb:3993 d:s ref:0 ;
in:502 out:502 type:B dur:2 cpbdur:2 q:31.23 aq:25.27 tex:143291 mv:32022 misc:4151 imb:195 pmb:2556 smb:5409 d:s ref:0 ;
in:501 out:503 type:b dur:2 cpbdur:2 q:31.23 aq:25.98 tex:86837 mv:20181 misc:4054 imb:131 pmb:1942 smb:6087 d:s ref:0 ;
in:503 out:504 type:b dur:2 cpbdur:2 q:31.23 aq:26.22 tex:83893 mv:20725 misc:4086 imb:128 pmb:1913 smb:6119 d:- ref:0 ;
in:508 out:505 type:P dur:2 cpbdur:2 q:30.29 aq:20.56 tex:358347 mv:37344 misc:2789 imb:1020 pmb:3156 smb:3984 d:s ref:0 ;
in:506 out:506 type:B dur:2 cpbdur:2 q:31.24 aq:24.91 tex:135940 mv:31997 misc:4079 imb:216 pmb:2518 smb:5426 d:t ref:0 ;
in:505 out:507 type:b dur:2 cpbdur:2 q:31.24 aq:25.66 tex:74797 mv:19218 misc:4033 imb:104 pmb:1844 smb:6212 d:t ref:0 ;
in:507 out:508 type:b dur:2 cpbdur:2 q:31.24 aq:25.76 tex:77195 mv:20546 misc:3995 imb:165 pmb:1919 smb:6076 d:- ref:0 ;
in:512 out:509 type:P dur:2 cpbdur:2 q:30.30 aq:20.85 tex:373654 mv:37516 misc:2942 imb:1192 pmb:3095 smb:3873 d:s ref:0 ;
in:510 out:510 type:B dur:2 cpbdur:2 q:31.25 aq:25.39 tex:128256 mv:30854 misc:4122 imb:243 pmb:2448 smb:5469 d:t ref:0 ;
in:509 out:511 type:b dur:2 cpbdur:2 q:31.25 aq:25.35 tex:78488 mv:20522 misc:3902 imb:261 pmb:1820 smb:6079 d:s ref:0 ;
in:511 out:512 type:b dur:2 cpbdur:2 q:31.25 aq:25.99 tex:78095 mv:20027 misc:3918 imb:172 pmb:1818 smb:6170 d:- ref:0 ;
in:516 out:513 type:P dur:2 cpbdur:2 q:30.37 aq:20.46 tex:355350 mv:36631 misc:3179 imb:1089 pmb:3229 smb:3842 d:s ref:0 ;
in:514 out:514 type:B dur:2 cpbdur:2 q:31.22 aq:24.81 tex:132355 mv:31304 misc:4205 imb:321 pmb:2392 smb:5447 d:t ref:0 ;
in:513 out:515 type:b dur:2 cpbdur:2 q:31.22 aq:25.66 tex:71209 mv:18891 misc:3932 imb:185 pmb:1806 smb:6169 d:s ref:0 ;
in:515 out:516 type:b dur:2 cpbdur:2 q:31.22 aq:26.17 tex:77777 mv:18505 misc:3870 imb:165 pmb:1743 smb:6252 d:- ref:0 ;
in:520 out:517 type:P dur:2 cpbdur:2 q:30.49 aq:20.82 tex:353276 mv:36514 misc:3098 imb:1038 pmb:3020 smb:4102 d:s ref:0 ;
in:518 out:518 type:B dur:2 cpbdur:2 q:31.21 aq:25.14 tex:128854 mv:31164 misc:4294 imb:282 pmb:2504 smb:5374 d:t ref:0 ;
in:517 out:519 type:b dur:2 cpbdur:2 q:31.21 aq:25.76 tex:70885 mv:19195 misc:4024 imb:121 pmb:1839 smb:6200 d:s ref:0 ;
in:519 out:520 type:b dur:2 cpbdur:2 q:31.21 aq:25.72 tex:71665 mv:19191 misc:4000 imb:172 pmb:1873 smb:6115 d:- ref:0 ;
in:524 out:521 type:P dur:2 cpbdur:2 q:30.42 aq:20.79 tex:351187 mv:36551 misc:3230 imb:981 pmb:3136 smb:4043 d:s ref:0 ;
in:522 out:522 type:B dur:2 cpbdur:2 q:31.20 aq:24.45 tex:132248 mv:32057 misc:4127 imb:426 pmb:2408 smb:5326 d:t ref:0 ;
in:521 out:523 type:b dur:2 cpbdur:2 q:31.20 aq:26.30 tex:72560 mv:18780 misc:3980 imb:156 pmb:1752 smb:6252 d:s ref:0 ;
in:523 out:524 type:b dur:2 cpbdur:2 q:31.20 aq:25.68 tex:71099 mv:19112 misc:3845 imb:182 pmb:1886 smb:6092 d:- ref:0 ;
in:528 out:525 type:P dur:2 cpbdur:2 q:30.38 aq:21.04 tex:346048 mv:35763 misc:3157 imb:903 pmb:3050 smb:4207 d:s ref:0 ;
in:526 out:526 type:B dur:2 cpbdur:2 q:31.16 aq:24.61 tex:124258 mv:31196 misc:4186 imb:256 pmb:2411 smb:5493 d:t ref:0 ;
in:525 out:527 type:b dur:2 cpbdur:2 q:31.16 aq:26.14 tex:71710 mv:19065 misc:3857 imb:199 pmb:1689 smb:6272 d:s ref:0 ;
in:527 out:528 type:b dur:2 cpbdur:2 q:31.16 aq:25.97 tex:79792 mv:19705 misc:3655 imb:309 pmb:1700 smb:6151 d:- ref:0 ;
in:532 out:529 type:P dur:2 cpbdur:2 q:30.13 aq:20.37 tex:365523 mv:36933 misc:3152 imb:1150 pmb:2967 smb:4043 d:s ref:0 ;
in:530 out:530 type:B dur:2 cpbdur:2 q:31.16 aq:24.72 tex:127552 mv:31440 misc:4064 imb:252 pmb:2434 smb:5474 d:s ref:0 ;
in:529 out:531 type:b dur:2 cpbdur:2 q:31.16 aq:27.18 tex:63220 mv:18786 misc:3898 imb:130 pmb:1768 smb:6262 d:s ref:0 ;
in:531 out:532 type:b dur:2 cpbdur:2 q:31.15 aq:26.58 tex:74340 mv:19325 misc:3767 imb:179 pmb:1801 smb:6180 d:- ref:0 ;
in:536 out:533 type:P dur:2 cpbdur:2 q:30.06 aq:20.21 tex:371601 mv:36052 misc:3075 imb:989 pmb:2865 smb:4306 d:s ref:0 ;
in:534 out:534 type:B dur:2 cpbdur:2 q:31.10 aq:25.26 tex:134460 mv:31058 misc:4090 imb:336 pmb:2367 smb:5457 d:s ref:0 ;
in:533 out:535 type:b dur:2 cpbdur:2 q:31.11 aq:26.06 tex:80994 mv:19847 misc:3807 imb:157 pmb:1865 smb:6138 d:s ref:0 ;
in:535 out:536 type:b dur:2 cpbdur:2 q:31.10 aq:25.92 tex:74140 mv:19137 misc:3827 imb:146 pmb:1803 smb:6211 d:- ref:0 ;
in:540 out:537 type:P dur:2 cpbdur:2 q:30.17 aq:20.74 tex:375460 mv:35924 misc:3200 imb:1028 pmb:2876 smb:4256 d:s ref:0 ;
in:538 out:538 type:B dur:2 cpbdur:2 q:31.07 aq:25.05 tex:129406 mv:29800 misc:3922 imb:187 pmb:2378 smb:5595 d:s ref:0 ;
in:537 out:539 type:b dur:2 cpbdur:2 q:31.07 aq:25.91 tex:75033 mv:19206 misc:3761 imb:155 pmb:1807 smb:6198 d:s ref:0 ;
in:539 out:540 type:b dur:2 cpbdur:2 q:31.07 aq:24.96 tex:79745 mv:20253 misc:3562 imb:313 pmb:1790 smb:6057 d:- ref:0 ;
in:544 out:541 type:P dur:2 cpbdur:2 q:30.29 aq:20.62 tex:357426 mv:34370 misc:3260 imb:1095 pmb:2782 smb:4283 d:s ref:0 ;
in:542 out:542 type:B dur:2 cpbdur:2 q:30.78 aq:24.98 tex:141535 mv:29334 misc:3691 imb:250 pmb:2335 smb:5575 d:s ref:0 ;
in:541 out:543 type:b dur:2 cpbdur:2 q:30.78 aq:25.97 tex:86194 mv:21940 misc:3522 imb:459 pmb:1816 smb:5885 d:s ref:0 ;
in:543 out:544 type:b dur:2 cpbdur:2 q:30.77 aq:25.84 tex:88629 mv:18897 misc:3442 imb:181 pmb:1788 smb:6191 d:- ref:0 ;
in:548 out:545 type:P dur:2 cpbdur:2 q:30.46 aq:20.53 tex:313904 mv:31533 misc:3627 imb:1119 pmb:2760 smb:4281 d:s ref:0 ;
in:546 out:546 type:B dur:2 cpbdur:2 q:31.00 aq:24.80 tex:119908 mv:26971 misc:3865 imb:200 pmb:2238 smb:5722 d:t ref:0 ;
in:545 out:547 type:b dur:2 cpbdur:2 q:31.00 aq:25.80 tex:78460 mv:18784 misc:3588 imb:295 pmb:1730 smb:6135 d:s ref:0 ;
in:547 out:548 type:b dur:2 cpbdur:2 q:31.00 aq:25.86 tex:76443 mv:17357 misc:3616 imb:158 pmb:1672 smb:6330 d:- ref:0 ;
in:552 out:549 type:P dur:2 cpbdur:2 q:29.74 aq:19.89 tex:380276 mv:33999 misc:2925 imb:1418 pmb:2717 smb:4025 d:s ref:0 ;
in:550 out:550 type:B dur:2 cpbdur:2 q:31.21 aq:24.60 tex:122607 mv:25935 misc:3898 imb:242 pmb:2172 smb:5746 d:s ref:0 ;
in:549 out:551 type:b dur:2 cpbdur:2 q:31.21 aq:25.96 tex:69448 mv:16526 misc:3442 imb:150 pmb:1603 smb:6407 d:s ref:0 ;
in:551 out:552 type:b dur:2 cpbdur:2 q:31.21 aq:25.97 tex:69239 mv:16443 misc:3366 imb:237 pmb:1578 smb:6345 d:- ref:0 ;
in:556 out:553 type:P dur:2 cpbdur:2 q:29.66 aq:18.99 tex:325544 mv:32537 misc:3231 imb:1057 pmb:2889 smb:4214 d:s ref:0 ;
in:554 out:554 type:B dur:2 cpbdur:2 q:31.42 aq:24.67 tex:111136 mv:24547 misc:3837 imb:247 pmb:2039 smb:5874 d:t ref:0 ;
in:553 out:555 type:b dur:2 cpbdur:2 q:31.42 aq:26.10 tex:68104 mv:15812 misc:3364 imb:158 pmb:1471 smb:6531 d:s ref:0 ;
in:555 out:556 type:b dur:2 cpbdur:2 q:31.42 aq:26.83 tex:65534 mv:15222 misc:3284 imb:285 pmb:1417 smb:6458 d:- ref:0 ;
in:560 out:557 type:P dur:2 cpbdur:2 q:29.48 aq:18.53 tex:340397 mv:31874 misc:3185 imb:1116 pmb:2702 smb:4342 d:s ref:0 ;
in:558 out:558 type:B dur:2 cpbdur:2 q:31.38 aq:25.13 tex:125301 mv:25293 misc:3638 imb:402 pmb:1928 smb:5830 d:t ref:0 ;
in:557 out:559 type:b dur:2 cpbdur:2 q:31.38 aq:26.08 tex:75389 mv:16127 misc:3420 imb:351 pmb:1514 smb:6295 d:s ref:0 ;
in:559 out:560 type:b dur:2 cpbdur:2 q:31.38 aq:25.84 tex:69780 mv:14163 misc:3265 imb:136 pmb:1455 smb:6569 d:- ref:0 ;
in:564 out:561 type:P dur:2 cpbdur:2 q:29.40 aq:18.88 tex:343942 mv:31628 misc:3134 imb:1099 pmb:2664 smb:4397 d:s ref:0 ;
in:562 out:562 type:B dur:2 cpbdur:2 q:31.09 aq:25.15 tex:128181 mv:24027 misc:3616 imb:176 pmb:2010 smb:5974 d:s ref:0 ;
in:561 out:563 type:b dur:2 cpbdur:2 q:31.09 aq:24.58 tex:87862 mv:17690 misc:3096 imb:410 pmb:1470 smb:6280 d:s ref:0 ;
in:563 out:564 type:b dur:2 cpbdur:2 q:31.08 aq:25.34 tex:74852 mv:14999 misc:3221 imb:111 pmb:1591 smb:6458 d:- ref:0 ;
in:568 out:565 type:P dur:2 cpbdur:2 q:29.61 aq:19.08 tex:314047 mv:30389 misc:3012 imb:953 pmb:2654 smb:4553 d:s ref:0 ;
in:566 out:566 type:B dur:2 cpbdur:2 q:31.29 aq:24.78 tex:118183 mv:22284 misc:3381 imb:193 pmb:1860 smb:6107 d:t ref:0 ;
in:565 out:567 type:b dur:2 cpbdur:2 q:31.29 aq:25.13 tex:80437 mv:16624 misc:3059 imb:373 pmb:1411 smb:6376 d:s ref:0 ;
in:567 out:568 type:b dur:2 cpbdur:2 q:31.29 aq:26.43 tex:75731 mv:15232 misc:3085 imb:258 pmb:1435 smb:6467 d:- ref:0 ;
in:572 out:569 type:P dur:2 cpbdur:2 q:29.45 aq:19.12 tex:378887 mv:32799 misc:2922 imb:1479 pmb:2446 smb:4235 d:s ref:0 ;
in:570 out:570 type:B dur:2 cpbdur:2 q:31.03 aq:24.19 tex:119819 mv:23467 misc:3658 imb:188 pmb:1951 smb:6021 d:s ref:0 ;
in:569 out:571 type:b dur:2 cpbdur:2 q:31.26 aq:26.12 tex:70555 mv:13254 misc:3039 imb:137 pmb:1401 smb:6622 d:s ref:0 ;
in:571 out:572 type:b dur:2 cpbdur:2 q:31.14 aq:25.65 tex:70764 mv:14290 misc:3090 imb:142 pmb:1418 smb:6600 d:- ref:0 ;
in:576 out:573 type:P dur:2 cpbdur:2 q:29.67 aq:18.81 tex:307683 mv:31558 misc:3183 imb:1128 pmb:2738 smb:4294 d:s ref:0 ;
in:574 out:574 type:B dur:2 cpbdur:2 q:31.17 aq:24.51 tex:119368 mv:22384 misc:3520 imb:366 pmb:1910 smb:5884 d:s ref:0 ;
in:573 out:575 type:b dur:2 cpbdur:2 q:31.17 aq:24.79 tex:70442 mv:13194 misc:3036 imb:145 pmb:1413 smb:6602 d:s ref:0 ;
in:575 out:576 type:b dur:2 cpbdur:2 q:31.17 aq:26.29 tex:70644 mv:13100 misc:2928 imb:123 pmb:1343 smb:6694 d:- ref:0 ;
in:580 out:577 type:P dur:2 cpbdur:2 q:29.52 aq:19.47 tex:352552 mv:33268 misc:3044 imb:1142 pmb:2722 smb:4296 d:s ref:0 ;
in:578 out:578 type:B dur:2 cpbdur:2 q:31.15 aq:23.99 tex:124192 mv:22850 misc:3638 imb:180 pmb:2026 smb:5954 d:s ref:0 ;
in:577 out:579 type:b dur:2 cpbdur:2 q:31.15 aq:26.13 tex:68709 mv:13774 misc:2973 imb:130 pmb:1386 smb:6644 d:s ref:0 ;
in:579 out:580 type:b dur:2 cpbdur:2 q:31.15 aq:23.60 tex:69749 mv:14005 misc:3022 imb:297 pmb:1436 smb:6427 d:- ref:0 ;
in:584 out:581 type:P dur:2 cpbdur:2 q:29.73 aq:19.87 tex:299366 mv:31654 misc:3292 imb:935 pmb:2901 smb:4324 d:s ref:0 ;
in:582 out:582 type:B dur:2 cpbdur:2 q:31.07 aq:24.05 tex:121764 mv:23130 misc:3634 imb:199 pmb:1943 smb:6018 d:t ref:0 ;
in:581 out:583 type:b dur:2 cpbdur:2 q:31.07 aq:25.86 tex:73130 mv:14273 misc:3189 imb:162 pmb:1383 smb:6615 d:s ref:0 ;
in:583 out:584 type:b dur:2 cpbdur:2 q:31.07 aq:24.47 tex:66558 mv:14157 misc:2997 imb:305 pmb:1360 smb:6495 d:- ref:0 ;
in:588 out:585 type:P dur:2 cpbdur:2 q:29.38 aq:18.94 tex:312463 mv:30171 misc:3046 imb:1237 pmb:2683 smb:4240 d:s ref:0 ;
in:586 out:586 type:B dur:2 cpbdur:2 q:31.05 aq:24.48 tex:129395 mv:24553 misc:3372 imb:416 pmb:1844 smb:5900 d:s ref:0 ;
in:585 out:587 type:b dur:2 cpbdur:2 q:31.05 aq:25.39 tex:68468 mv:13464 misc:2996 imb:226 pmb:1358 smb:6576 d:s ref:0 ;
in:587 out:588 type:b dur:2 cpbdur:2 q:31.05 aq:25.28 tex:70586 mv:12787 misc:3051 imb:143 pmb:1478 smb:6539 d:- ref:0 ;
in:592 out:589 type:P dur:2 cpbdur:2 q:29.01 aq:19.40 tex:389709 mv:34782 misc:2757 imb:1494 pmb:2562 smb:4104 d:s ref:0 ;
in:590 out:590 type:B dur:2 cpbdur:2 q:30.99 aq:22.64 tex:130858 mv:22338 misc:3516 imb:221 pmb:1950 smb:5989 d:s ref:0 ;
in:589 out:591 type:b dur:2 cpbdur:2 q:30.99 aq:25.80 tex:87315 mv:16359 misc:2870 imb:486 pmb:1301 smb:6373 d:s ref:0 ;
in:591 out:592 type:b dur:2 cpbdur:2 q:30.99 aq:25.88 tex:72287 mv:12956 misc:3141 imb:123 pmb:1521 smb:6516 d:- ref:0 ;
in:596 out:593 type:P dur:2 cpbdur:2 q:29.07 aq:19.22 tex:340753 mv:34554 misc:2661 imb:1121 pmb:2932 smb:4107 d:s ref:0 ;
in:594 out:594 type:B dur:2 cpbdur:2 q:30.93 aq:22.79 tex:132628 mv:24715 misc:3345 imb:589 pmb:1945 smb:5626 d:s ref:0 ;
in:593 out:595 type:b dur:2 cpbdur:2 q:30.93 aq:24.72 tex:78336 mv:13776 misc:3104 imb:128 pmb:1480 smb:6552 d:s ref:0 ;
in:595 out:596 type:b dur:2 cpbdur:2 q:30.93 aq:26.00 tex:76199 mv:14517 misc:3196 imb:158 pmb:1436 smb:6566 d:- ref:0 ;
in:600 out:597 type:P dur:2 cpbdur:2 q:29.24 aq:19.02 tex:327843 mv:33063 misc:2998 imb:1070 pmb:2777 smb:4313 d:s ref:0 ;
in:598 out:598 type:B dur:2 cpbdur:2 q:30.90 aq:23.59 tex:126818 mv:25071 misc:3559 imb:222 pmb:2068 smb:5870 d:t ref:0 ;
in:597 out:599 type:b dur:2 cpbdur:2 q:30.90 aq:25.79 tex:74818 mv:14631 misc:3159 imb:202 pmb:1407 smb:6551 d:s ref:0 ;
in:599 out:600 type:b dur:2 cpbdur:2 q:30.90 aq:25.61 tex:78004 mv:15385 misc:3275 imb:241 pmb:1461 smb:6458 d:- ref:0 ;
in:604 out:601 type:P dur:2 cpbdur:2 q:29.26 aq:19.54 tex:362846 mv:34801 misc:2817 imb:1239 pmb:2711 smb:4210 d:s ref:0 ;
in:602 out:602 type:B dur:2 cpbdur:2 q:30.86 aq:24.34 tex:125872 mv:24310 misc:3546 imb:283 pmb:2025 smb:5852 d:s ref:0 ;
in:601 out:603 type:b dur:2 cpbdur:2 q:30.86 aq:25.20 tex:70782 mv:14689 misc:3217 imb:127 pmb:1484 smb:6549 d:s ref:0 ;
in:603 out:604 type:b dur:2 cpbdur:2 q:30.86 aq:25.24 tex:75698 mv:14835 misc:3299 imb:155 pmb:1472 smb:6533 d:- ref:0 ;
in:608 out:605 type:P dur:2 cpbdur:2 q:29.36 aq:20.19 tex:340532 mv:35588 misc:2824 imb:1244 pmb:2790 smb:4126 d:s ref:0 ;
in:606 out:606 type:B dur:2 cpbdur:2 q:30.79 aq:23.66 tex:131320 mv:25840 misc:3704 imb:272 pmb:2101 smb:5787 d:t ref:0 ;
in:605 out:607 type:b dur:2 cpbdur:2 q:30.79 aq:25.35 tex:71862 mv:15921 misc:3401 imb:166 pmb:1536 smb:6458 d:s ref:0 ;
in:607 out:608 type:b dur:2 cpbdur:2 q:30.79 aq:24.54 tex:71993 mv:16322 misc:3341 imb:158 pmb:1629 smb:6373 d:- ref:0 ;
in:612 out:609 type:P dur:2 cpbdur:2 q:29.26 aq:19.89 tex:333723 mv:36509 misc:2792 imb:1213 pmb:2891 smb:4056 d:s ref:0 ;
in:610 out:610 type:B dur:2 cpbdur:2 q:30.68 aq:23.96 tex:122596 mv:26814 misc:3950 imb:215 pmb:2249 smb:5696 d:t ref:0 ;
in:609 out:611 type:b dur:2 cpbdur:2 q:30.79 aq:24.12 tex:69014 mv:16270 misc:3492 imb:258 pmb:1504 smb:6398 d:s ref:0 ;
in:611 out:612 type:b dur:2 cpbdur:2 q:30.79 aq:23.63 tex:70156 mv:16706 misc:3130 imb:699 pmb:1383 smb:6078 d:- ref:0 ;
in:616 out:613 type:P dur:2 cpbdur:2 q:29.25 aq:20.08 tex:356790 mv:36446 misc:2772 imb:1279 pmb:2859 smb:4022 d:s ref:0 ;
in:614 out:614 type:B dur:2 cpbdur:2 q:30.91 aq:23.06 tex:127411 mv:25996 misc:3353 imb:759 pmb:1990 smb:5411 d:t ref:0 ;
in:613 out:615 type:b dur:2 cpbdur:2 q:30.99 aq:25.14 tex:75114 mv:15051 misc:3283 imb:184 pmb:1580 smb:6396 d:s ref:0 ;
in:615 out:616 type:b dur:2 cpbdur:2 q:30.99 aq:24.12 tex:69070 mv:14595 misc:3431 imb:171 pmb:1568 smb:6421 d:- ref:0 ;
in:620 out:617 type:P dur:2 cpbdur:2 q:29.11 aq:18.77 tex:348854 mv:33084 misc:2742 imb:1598 pmb:2716 smb:3846 d:s ref:0 ;
in:618 out:618 type:B dur:2 cpbdur:2 q:30.69 aq:23.13 tex:128745 mv:26176 misc:3703 imb:304 pmb:2250 smb:5606 d:s ref:0 ;
in:617 out:619 type:b dur:2 cpbdur:2 q:30.69 aq:24.29 tex:73059 mv:16684 misc:3473 imb:334 pmb:1595 smb:6231 d:s ref:0 ;
in:619 out:620 type:b dur:2 cpbdur:2 q:30.69 aq:25.03 tex:75274 mv:15456 misc:3270 imb:160 pmb:1597 smb:6403 d:- ref:0 ;
in:624 out:621 type:P dur:2 cpbdur:2 q:29.10 aq:19.99 tex:374279 mv:34853 misc:2812 imb:1360 pmb:2678 smb:4122 d:s ref:0 ;
in:622 out:622 type:B dur:2 cpbdur:2 q:30.67 aq:24.04 tex:129868 mv:26389 misc:3727 imb:288 pmb:2257 smb:5615 d:s ref:0 ;
in:621 out:623 type:b dur:2 cpbdur:2 q:30.67 aq:25.30 tex:72390 mv:16845 misc:3301 imb:291 pmb:1524 smb:6345 d:s ref:0 ;
in:623 out:624 type:b dur:2 cpbdur:2 q:30.66 aq:24.65 tex:76194 mv:16273 misc:3389 imb:209 pmb:1561 smb:6390 d:- ref:0 ;
in:628 out:625 type:P dur:2 cpbdur:2 q:29.06 aq:19.31 tex:326674 mv:32343 misc:2559 imb:1337 pmb:2537 smb:4286 d:s ref:0 ;
in:626 out:626 type:B dur:2 cpbdur:2 q:30.85 aq:23.74 tex:122607 mv:25490 misc:3551 imb:266 pmb:2200 smb:5694 d:s ref:0 ;
in:625 out:627 type:b dur:2 cpbdur:2 q:30.85 aq:25.18 tex:76116 mv:17814 misc:3318 imb:434 pmb:1489 smb:6237 d:s ref:0 ;
in:627 out:628 type:b dur:2 cpbdur:2 q:30.85 aq:23.91 tex:70981 mv:16481 misc:3338 imb:280 pmb:1533 smb:6347 d:- ref:0 ;
in:632 out:629 type:P dur:2 cpbdur:2 q:28.80 aq:19.62 tex:368481 mv:34628 misc:2667 imb:1561 pmb:2552 smb:4047 d:s ref:0 ;
in:630 out:630 type:B dur:2 cpbdur:2 q:30.83 aq:23.95 tex:124308 mv:26556 misc:3720 imb:279 pmb:2274 smb:5607 d:s ref:0 ;
in:629 out:631 type:b dur:2 cpbdur:2 q:30.83 aq:24.40 tex:66405 mv:15255 misc:3372 imb:206 pmb:1488 smb:6466 d:s ref:0 ;
in:631 out:632 type:b dur:2 cpbdur:2 q:30.83 aq:25.35 tex:66212 mv:15938 misc:3474 imb:191 pmb:1592 smb:6377 d:- ref:0 ;
in:636 out:633 type:P dur:2 cpbdur:2 q:28.98 aq:19.45 tex:325280 mv:34803 misc:2613 imb:1256 pmb:2706 smb:4198 d:s ref:0 ;
in:634 out:634 type:B dur:2 cpbdur:2 q:31.01 aq:24.25 tex:117277 mv:25441 misc:3578 imb:476 pmb:2004 smb:5680 d:t ref:0 ;
in:633 out:635 type:b dur:2 cpbdur:2 q:31.01 aq:24.94 tex:69847 mv:16269 misc:3556 imb:215 pmb:1553 smb:6392 d:s ref:0 ;
in:635 out:636 type:b dur:2 cpbdur:2 q:31.01 aq:25.37 tex:61219 mv:15387 misc:3338 imb:249 pmb:1534 smb:6377 d:- ref:0 ;
in:640 out:637 type:P dur:2 cpbdur:2 q:28.86 aq:18.97 tex:315298 mv:32368 misc:2670 imb:1413 pmb:2498 smb:4249 d:s ref:0 ;
in:638 out:638 type:B dur:2 cpbdur:2 q:30.98 aq:24.29 tex:121007 mv:27186 misc:3679 imb:325 pmb:2163 smb:5672 d:t ref:0 ;
in:637 out:639 type:b dur:2 cpbdur:2 q:30.98 aq:24.61 tex:67729 mv:16383 misc:3320 imb:459 pmb:1391 smb:6310 d:s ref:0 ;
in:639 out:640 type:b dur:2 cpbdur:2 q:30.98 aq:25.67 tex:67976 mv:16189 misc:3627 imb:248 pmb:1609 smb:6303 d:- ref:0 ;
in:644 out:641 type:P dur:2 cpbdur:2 q:28.85 aq:18.70 tex:336197 mv:31462 misc:2789 imb:1392 pmb:2358 smb:4410 d:s ref:0 ;
in:642 out:642 type:B dur:2 cpbdur:2 q:30.29 aq:23.22 tex:126908 mv:28359 misc:3429 imb:419 pmb:2222 smb:5519 d:s ref:0 ;
in:641 out:643 type:b dur:2 cpbdur:2 q:30.43 aq:24.94 tex:71383 mv:17596 misc:3485 imb:298 pmb:1647 smb:6215 d:s ref:0 ;
in:643 out:644 type:b dur:2 cpbdur:2 q:30.43 aq:25.14 tex:64156 mv:16221 misc:3399 imb:213 pmb:1551 smb:6396 d:- ref:0 ;
in:648 out:645 type:P dur:2 cpbdur:2 q:28.64 aq:19.77 tex:416931 mv:35006 misc:2375 imb:1846 pmb:2304 smb:4010 d:s ref:0 ;
in:646 out:646 type:B dur:2 cpbdur:2 q:29.18 aq:22.53 tex:139892 mv:32285 misc:3383 imb:423 pmb:2581 smb:5156 d:s ref:0 ;
in:645 out:647 type:b dur:2 cpbdur:2 q:30.89 aq:24.60 tex:67781 mv:15884 misc:3335 imb:238 pmb:1613 smb:6309 d:s ref:0 ;
in:647 out:648 type:b dur:2 cpbdur:2 q:29.33 aq:24.14 tex:74235 mv:20384 misc:3957 imb:246 pmb:1900 smb:6014 d:- ref:0 ;
in:652 out:649 type:P dur:2 cpbdur:2 q:28.85 aq:19.83 tex:357484 mv:37153 misc:2435 imb:1521 pmb:2700 smb:3939 d:s ref:0 ;
in:650 out:650 type:B dur:2 cpbdur:2 q:30.17 aq:23.46 tex:127170 mv:31901 misc:3673 imb:549 pmb:2351 smb:5260 d:t ref:0 ;
in:649 out:651 type:b dur:2 cpbdur:2 q:30.31 aq:23.53 tex:71876 mv:18486 misc:3350 imb:648 pmb:1570 smb:5942 d:s ref:0 ;
in:651 out:652 type:b dur:2 cpbdur:2 q:30.31 aq:25.25 tex:68981 mv:17824 misc:3715 imb:257 pmb:1739 smb:6164 d:- ref:0 ;
in:656 out:653 type:P dur:2 cpbdur:2 q:29.07 aq:19.61 tex:336440 mv:35106 misc:2302 imb:1590 pmb:2540 smb:4030 d:s ref:0 ;
in:654 out:654 type:B dur:2 cpbdur:2 q:29.42 aq:22.68 tex:132983 mv:33290 misc:3463 imb:442 pmb:2479 smb:5239 d:s ref:0 ;
in:653 out:655 type:b dur:2 cpbdur:2 q:29.56 aq:24.84 tex:73199 mv:19682 misc:3703 imb:307 pmb:1787 smb:6066 d:s ref:0 ;
in:655 out:656 type:b dur:2 cpbdur:2 q:29.56 aq:25.20 tex:76564 mv:20382 misc:3702 imb:355 pmb:1776 smb:6029 d:- ref:0 ;
in:660 out:657 type:P dur:2 cpbdur:2 q:29.09 aq:20.76 tex:379596 mv:35695 misc:2381 imb:1566 pmb:2475 smb:4119 d:s ref:0 ;
in:658 out:658 type:B dur:2 cpbdur:2 q:29.33 aq:22.14 tex:136575 mv:34191 misc:3410 imb:532 pmb:2535 smb:5093 d:s ref:0 ;
in:657 out:659 type:b dur:2 cpbdur:2 q:29.58 aq:25.49 tex:75582 mv:21178 misc:3816 imb:302 pmb:1806 smb:6052 d:s ref:0 ;
in:659 out:660 type:b dur:2 cpbdur:2 q:29.48 aq:24.40 tex:76431 mv:20853 misc:3780 imb:249 pmb:1966 smb:5945 d:- ref:0 ;
in:662 out:661 type:P dur:2 cpbdur:2 q:29.26 aq:20.78 tex:294931 mv:31915 misc:2514 imb:1045 pmb:3038 smb:4077 d:s ref:0 ;
in:661 out:662 type:b dur:2 cpbdur:2 q:29.31 aq:24.48 tex:75192 mv:21378 misc:3790 imb:517 pmb:1877 smb:5766 d:t ref:0 ;
in:666 out:663 type:P dur:2 cpbdur:2 q:28.93 aq:19.27 tex:347858 mv:35849 misc:2325 imb:1591 pmb:2586 smb:3983 d:s ref:0 ;
in:664 out:664 type:B dur:2 cpbdur:2 q:29.81 aq:22.04 tex:127060 mv:32237 misc:3303 imb:764 pmb:2331 smb:5065 d:t ref:0 ;
in:663 out:665 type:b dur:2 cpbdur:2 q:29.93 aq:25.43 tex:71253 mv:19254 misc:3725 imb:256 pmb:1888 smb:6016 d:s ref:0 ;
in:665 out:666 type:b dur:2 cpbdur:2 q:29.93 aq:25.44 tex:83155 mv:21182 misc:3815 imb:416 pmb:1807 smb:5937 d:- ref:0 ;
in:670 out:667 type:P dur:2 cpbdur:2 q:28.79 aq:19.70 tex:360009 mv:37503 misc:2040 imb:1549 pmb:2653 smb:3958 d:s ref:0 ;
in:668 out:668 type:B dur:2 cpbdur:2 q:29.70 aq:23.95 tex:134879 mv:35188 misc:3309 imb:383 pmb:2811 smb:4966 d:t ref:0 ;
in:667 out:669 type:b dur:2 cpbdur:2 q:29.82 aq:26.22 tex:73252 mv:21293 misc:3967 imb:319 pmb:1957 smb:5884 d:s ref:0 ;
in:669 out:670 type:b dur:2 cpbdur:2 q:29.82 aq:24.45 tex:69584 mv:20650 misc:3654 imb:685 pmb:1720 smb:5755 d:- ref:0 ;
in:674 out:671 type:P dur:2 cpbdur:2 q:28.78 aq:20.67 tex:363012 mv:39133 misc:2167 imb:1387 pmb:2854 smb:3919 d:s ref:0 ;
in:672 out:672 type:B dur:2 cpbdur:2 q:29.62 aq:23.34 tex:122989 mv:36274 misc:3593 imb:403 pmb:2777 smb:4980 d:t ref:0 ;
in:671 out:673 type:b dur:2 cpbdur:2 q:29.74 aq:24.87 tex:69898 mv:21289 misc:3741 imb:500 pmb:1848 smb:5812 d:t ref:0 ;
in:673 out:674 type:b dur:2 cpbdur:2 q:29.74 aq:24.41 tex:68172 mv:21503 misc:3885 imb:402 pmb:1888 smb:5870 d:- ref:0 ;
in:678 out:675 type:P dur:2 cpbdur:2 q:28.84 aq:20.74 tex:423866 mv:41980 misc:2498 imb:1820 pmb:2587 smb:3753 d:s ref:0 ;
in:676 out:676 type:B dur:2 cpbdur:2 q:30.63 aq:24.44 tex:126936 mv:37755 misc:3509 imb:406 pmb:2958 smb:4796 d:s ref:0 ;
in:675 out:677 type:b dur:2 cpbdur:2 q:30.63 aq:25.43 tex:72496 mv:22198 misc:3922 imb:431 pmb:1905 smb:5824 d:s ref:0 ;
in:677 out:678 type:b dur:2 cpbdur:2 q:30.63 aq:24.62 tex:77363 mv:24793 misc:3932 imb:530 pmb:1998 smb:5632 d:- ref:0 ;
in:681 out:679 type:P dur:2 cpbdur:2 q:29.14 aq:20.60 tex:378436 mv:39195 misc:2657 imb:1792 pmb:2645 smb:3723 d:s ref:0 ;
in:679 out:680 type:B dur:2 cpbdur:2 q:30.34 aq:24.84 tex:118753 mv:32280 misc:4015 imb:352 pmb:2709 smb:5099 d:s ref:0 ;
in:680 out:681 type:b dur:2 cpbdur:2 q:30.34 aq:24.63 tex:89392 mv:25820 misc:4108 imb:316 pmb:2316 smb:5528 d:- ref:0 ;
in:685 out:682 type:P dur:2 cpbdur:2 q:29.38 aq:21.60 tex:427606 mv:43071 misc:2683 imb:2072 pmb:2566 smb:3522 d:s ref:0 ;
in:683 out:683 type:B dur:2 cpbdur:2 q:30.09 aq:23.43 tex:181322 mv:48331 misc:3091 imb:686 pmb:3247 smb:4227 d:s ref:0 ;
in:682 out:684 type:b dur:2 cpbdur:2 q:30.09 aq:25.21 tex:95848 mv:27975 misc:4209 imb:371 pmb:2494 smb:5295 d:s ref:0 ;
in:684 out:685 type:b dur:2 cpbdur:2 q:30.09 aq:26.37 tex:96695 mv:28793 misc:4312 imb:256 pmb:2462 smb:5442 d:- ref:0 ;
in:686 out:686 type:P dur:2 cpbdur:2 q:30.09 aq:21.91 tex:284522 mv:28984 misc:3526 imb:861 pmb:3153 smb:4146 d:s ref:0 ;
in:690 out:687 type:P dur:2 cpbdur:2 q:30.07 aq:21.39 tex:399444 mv:45298 misc:3258 imb:1947 pmb:2798 smb:3415 d:s ref:0 ;
in:688 out:688 type:B dur:2 cpbdur:2 q:30.13 aq:23.97 tex:177620 mv:47851 misc:3481 imb:574 pmb:3198 smb:4388 d:s ref:0 ;
in:687 out:689 type:b dur:2 cpbdur:2 q:30.13 aq:25.73 tex:104911 mv:30034 misc:4223 imb:416 pmb:2392 smb:5352 d:t ref:0 ;
in:689 out:690 type:b dur:2 cpbdur:2 q:30.13 aq:25.19 tex:108458 mv:31042 misc:4092 imb:495 pmb:2369 smb:5296 d:- ref:0 ;
in:694 out:691 type:P dur:2 cpbdur:2 q:29.58 aq:20.85 tex:436844 mv:45286 misc:3302 imb:1865 pmb:2841 smb:3454 d:s ref:0 ;
in:692 out:692 type:B dur:2 cpbdur:2 q:30.14 aq:23.95 tex:186300 mv:48060 misc:3344 imb:569 pmb:3188 smb:4403 d:s ref:0 ;
in:691 out:693 type:b dur:2 cpbdur:2 q:30.14 aq:25.60 tex:102527 mv:29342 misc:4387 imb:285 pmb:2481 smb:5394 d:s ref:0 ;
in:693 out:694 type:b dur:2 cpbdur:2 q:30.14 aq:25.16 tex:108734 mv:30046 misc:4452 imb:348 pmb:2411 smb:5401 d:- ref:0 ;
in:698 out:695 type:P dur:2 cpbdur:2 q:29.56 aq:20.08 tex:437374 mv:44019 misc:3455 imb:1926 pmb:2712 smb:3522 d:s ref:0 ;
in:696 out:696 type:B dur:2 cpbdur:2 q:30.18 aq:23.98 tex:198115 mv:48575 misc:3462 imb:661 pmb:3144 smb:4355 d:s ref:0 ;
in:695 out:697 type:b dur:2 cpbdur:2 q:30.18 aq:24.78 tex:114962 mv:31513 misc:4085 imb:551 pmb:2411 smb:5198 d:s ref:0 ;
in:697 out:698 type:b dur:2 cpbdur:2 q:30.18 aq:25.28 tex:113269 mv:30472 misc:4307 imb:302 pmb:2512 smb:5346 d:- ref:0 ;
in:702 out:699 type:P dur:2 cpbdur:2 q:29.45 aq:20.73 tex:492167 mv:44416 misc:3305 imb:2272 pmb:2532 smb:3356 d:s ref:0 ;
in:700 out:700 type:B dur:2 cpbdur:2 q:30.22 aq:23.41 tex:206768 mv:48509 misc:3499 imb:770 pmb:2999 smb:4391 d:s ref:0 ;
in:699 out:701 type:b dur:2 cpbdur:2 q:30.22 aq:24.76 tex:119812 mv:31625 misc:4123 imb:337 pmb:2547 smb:5276 d:s ref:0 ;
in:701 out:702 type:b dur:2 cpbdur:2 q:30.22 aq:24.19 tex:119202 mv:32068 misc:4154 imb:506 pmb:2399 smb:5255 d:- ref:0 ;
in:706 out:703 type:P dur:2 cpbdur:2 q:29.95 aq:20.73 tex:445541 mv:46852 misc:3143 imb:1958 pmb:2871 smb:3331 d:s ref:0 ;
in:704 out:704 type:B dur:2 cpbdur:2 q:30.73 aq:24.07 tex:187268 mv:47822 misc:3630 imb:546 pmb:3200 smb:4414 d:s ref:0 ;
in:703 out:705 type:b dur:2 cpbdur:2 q:30.73 aq:26.09 tex:109160 mv:31127 misc:4225 imb:344 pmb:2419 smb:5397 d:s ref:0 ;
in:705 out:706 type:b dur:2 cpbdur:2 q:30.73 aq:25.55 tex:113625 mv:31440 misc:4279 imb:354 pmb:2425 smb:5381 d:- ref:0 ;
in:710 out:707 type:P dur:2 cpbdur:2 q:30.09 aq:21.00 tex:454513 mv:46942 misc:3185 imb:1878 pmb:2985 smb:3297 d:s ref:0 ;
in:708 out:708 type:B dur:2 cpbdur:2 q:30.80 aq:24.52 tex:188833 mv:48465 misc:3702 imb:536 pmb:3169 smb:4455 d:s ref:0 ;
in:707 out:709 type:b dur:2 cpbdur:2 q:30.80 aq:25.98 tex:118549 mv:32095 misc:4308 imb:421 pmb:2386 smb:5353 d:t ref:0 ;
in:709 out:710 type:b dur:2 cpbdur:2 q:30.80 aq:26.07 tex:111832 mv:32038 misc:4258 imb:325 pmb:2466 smb:5369 d:- ref:0 ;
in:714 out:711 type:P dur:2 cpbdur:2 q:30.21 aq:21.52 tex:485076 mv:47062 misc:3102 imb:1956 pmb:2914 smb:3290 d:s ref:0 ;
in:712 out:712 type:B dur:2 cpbdur:2 q:31.04 aq:24.87 tex:196192 mv:49350 misc:3682 imb:618 pmb:3126 smb:4416 d:t ref:0 ;
in:711 out:713 type:b dur:2 cpbdur:2 q:31.04 aq:25.54 tex:107052 mv:31475 misc:4257 imb:361 pmb:2372 smb:5427 d:s ref:0 ;
in:713 out:714 type:b dur:2 cpbdur:2 q:31.04 aq:25.69 tex:105247 mv:32407 misc:4290 imb:265 pmb:2480 smb:5415 d:- ref:0 ;
in:718 out:715 type:P dur:2 cpbdur:2 q:30.29 aq:21.69 tex:463123 mv:47743 misc:3350 imb:1754 pmb:3094 smb:3312 d:s ref:0 ;
in:716 out:716 type:B dur:2 cpbdur:2 q:30.82 aq:24.48 tex:198095 mv:49937 misc:3648 imb:501 pmb:3281 smb:4378 d:s ref:0 ;
in:715 out:717 type:b dur:2 cpbdur:2 q:30.82 aq:25.48 tex:113984 mv:33438 misc:4242 imb:246 pmb:2569 smb:5345 d:t ref:0 ;
in:717 out:718 type:b dur:2 cpbdur:2 q:30.82 aq:25.39 tex:112199 mv:33343 misc:4290 imb:276 pmb:2494 smb:5390 d:- ref:0 ;
in:722 out:719 type:P dur:2 cpbdur:2 q:30.49 aq:21.64 tex:451921 mv:47416 misc:3383 imb:1683 pmb:2929 smb:3548 d:s ref:0 ;
in:720 out:720 type:B dur:2 cpbdur:2 q:31.09 aq:24.24 tex:193238 mv:47920 misc:3594 imb:534 pmb:3098 smb:4528 d:s ref:0 ;
in:719 out:721 type:b dur:2 cpbdur:2 q:31.09 aq:26.20 tex:109465 mv:31891 misc:4012 imb:225 pmb:2511 smb:5424 d:s ref:0 ;
in:721 out:722 type:b dur:2 cpbdur:2 q:31.09 aq:26.29 tex:112798 mv:33162 misc:4144 imb:232 pmb:2469 smb:5459 d:- ref:0 ;
in:726 out:723 type:P dur:2 cpbdur:2 q:30.64 aq:21.54 tex:451330 mv:45208 misc:3526 imb:1815 pmb:2773 smb:3572 d:s ref:0 ;
in:724 out:724 type:B dur:2 cpbdur:2 q:31.00 aq:24.66 tex:221923 mv:52274 misc:3483 imb:770 pmb:3054 smb:4336 d:s ref:0 ;
in:723 out:725 type:b dur:2 cpbdur:2 q:31.00 aq:25.86 tex:124846 mv:34857 misc:4073 imb:339 pmb:2601 smb:5220 d:s ref:0 ;
in:725 out:726 type:b dur:2 cpbdur:2 q:31.00 aq:25.48 tex:110264 mv:33279 misc:4345 imb:242 pmb:2525 smb:5393 d:- ref:0 ;
in:730 out:727 type:P dur:2 cpbdur:2 q:30.74 aq:21.90 tex:462414 mv:46835 misc:3471 imb:2172 pmb:2811 smb:3177 d:s ref:0 ;
in:728 out:728 type:B dur:2 cpbdur:2 q:31.36 aq:25.05 tex:181710 mv:49165 misc:3893 imb:564 pmb:3056 smb:4540 d:s ref:0 ;
in:727 out:729 type:b dur:2 cpbdur:2 q:31.36 aq:25.72 tex:99348 mv:30971 misc:3937 imb:358 pmb:2289 smb:5513 d:s ref:0 ;
in:729 out:730 type:b dur:2 cpbdur:2 q:31.36 aq:25.78 tex:100396 mv:31831 misc:4293 imb:230 pmb:2439 smb:5491 d:- ref:0 ;
in:734 out:731 type:P dur:2 cpbdur:2 q:30.91 aq:21.51 tex:444587 mv:46103 misc:3454 imb:1774 pmb:2876 smb:3510 d:s ref:0 ;
in:732 out:732 type:B dur:2 cpbdur:2 q:31.59 aq:24.84 tex:173340 mv:47744 misc:3836 imb:440 pmb:3073 smb:4647 d:s ref:0 ;
in:731 out:733 type:b dur:2 cpbdur:2 q:31.59 aq:25.40 tex:98776 mv:30829 misc:4139 imb:473 pmb:2180 smb:5507 d:s ref:0 ;
in:733 out:734 type:b dur:2 cpbdur:2 q:31.59 aq:25.86 tex:106421 mv:30673 misc:4242 imb:301 pmb:2320 smb:5539 d:- ref:0 ;
in:738 out:735 type:P dur:2 cpbdur:2 q:30.84 aq:21.74 tex:412562 mv:44847 misc:3727 imb:1811 pmb:2841 smb:3508 d:s ref:0 ;
in:736 out:736 type:B dur:2 cpbdur:2 q:31.37 aq:25.25 tex:186334 mv:49374 misc:3524 imb:613 pmb:3072 smb:4475 d:s ref:0 ;
in:735 out:737 type:b dur:2 cpbdur:2 q:31.37 aq:26.28 tex:105219 mv:33332 misc:4073 imb:282 pmb:2521 smb:5357 d:s ref:0 ;
in:737 out:738 type:b dur:2 cpbdur:2 q:31.37 aq:25.96 tex:104520 mv:32412 misc:4020 imb:337 pmb:2467 smb:5356 d:- ref:0 ;
in:742 out:739 type:P dur:2 cpbdur:2 q:31.07 aq:22.03 tex:431421 mv:46340 misc:3399 imb:1942 pmb:2748 smb:3470 d:s ref:0 ;
in:740 out:740 type:B dur:2 cpbdur:2 q:31.66 aq:25.07 tex:171952 mv:47603 misc:3837 imb:521 pmb:3053 smb:4586 d:s ref:0 ;
in:739 out:741 type:b dur:2 cpbdur:2 q:31.66 aq:25.79 tex:105705 mv:33371 misc:4028 imb:530 pmb:2335 smb:5295 d:s ref:0 ;
in:741 out:742 type:b dur:2 cpbdur:2 q:31.66 aq:25.72 tex:98492 mv:30932 misc:4144 imb:290 pmb:2437 smb:5433 d:- ref:0 ;
in:746 out:743 type:P dur:2 cpbdur:2 q:31.22 aq:22.61 tex:425300 mv:48191 misc:3149 imb:1945 pmb:2874 smb:3341 d:s ref:0 ;
in:744 out:744 type:B dur:2 cpbdur:2 q:31.82 aq:25.69 tex:170560 mv:50223 misc:3689 imb:590 pmb:3159 smb:4411 d:s ref:0 ;
in:743 out:745 type:b dur:2 cpbdur:2 q:31.82 aq:25.52 tex:97978 mv:32262 misc:4104 imb:580 pmb:2287 smb:5293 d:s ref:0 ;
in:745 out:746 type:b dur:2 cpbdur:2 q:31.82 aq:26.24 tex:98666 mv:33005 misc:4313 imb:306 pmb:2474 smb:5380 d:- ref:0 ;
in:749 out:747 type:P dur:2 cpbdur:2 q:30.88 aq:23.52 tex:294702 mv:43011 misc:2791 imb:1519 pmb:2934 smb:3707 d:s ref:0 ;
in:747 out:748 type:B dur:2 cpbdur:2 q:31.82 aq:26.91 tex:130916 mv:38154 misc:4266 imb:350 pmb:2853 smb:4957 d:s ref:0 ;
in:748 out:749 type:b dur:2 cpbdur:2 q:31.82 aq:26.06 tex:104148 mv:32616 misc:4300 imb:288 pmb:2504 smb:5368 d:- ref:0 ;
in:750 out:750 type:I dur:2 cpbdur:2 q:26.06 aq:16.98 tex:1274760 mv:151351 misc:609 imb:8160 pmb:0 smb:0 d:s ref:;
in:754 out:751 type:P dur:2 cpbdur:2 q:30.95 aq:21.88 tex:482277 mv:43547 misc:2384 imb:2075 pmb:2511 smb:3574 d:s ref:0 ;
in:752 out:752 type:B dur:2 cpbdur:2 q:32.45 aq:25.97 tex:157771 mv:45467 misc:3658 imb:544 pmb:2918 smb:4698 d:s ref:0 ;
in:751 out:753 type:b dur:2 cpbdur:2 q:32.45 aq:28.12 tex:93336 mv:29024 misc:4208 imb:257 pmb:2201 smb:5702 d:s ref:0 ;
in:753 out:754 type:b dur:2 cpbdur:2 q:32.45 aq:26.72 tex:99612 mv:30559 misc:4029 imb:407 pmb:2162 smb:5591 d:- ref:0 ;
in:758 out:755 type:P dur:2 cpbdur:2 q:31.21 aq:22.26 tex:436556 mv:44749 misc:2887 imb:1989 pmb:2686 smb:3485 d:s ref:0 ;
in:756 out:756 type:B dur:2 cpbdur:2 q:32.15 aq:25.63 tex:169656 mv:48458 misc:3494 imb:629 pmb:3012 smb:4519 d:t ref:0 ;
in:755 out:757 type:b dur:2 cpbdur:2 q:32.15 aq:26.60 tex:98121 mv:32044 misc:4267 imb:276 pmb:2409 smb:5475 d:s ref:0 ;
in:757 out:758 type:b dur:2 cpbdur:2 q:32.15 aq:25.59 tex:104192 mv:32863 misc:3977 imb:464 pmb:2301 smb:5395 d:- ref:0 ;
in:762 out:759 type:P dur:2 cpbdur:2 q:31.30 aq:22.19 tex:442980 mv:44454 misc:3302 imb:2062 pmb:2736 smb:3362 d:s ref:0 ;
in:760 out:760 type:B dur:2 cpbdur:2 q:32.14 aq:25.88 tex:168484 mv:49136 misc:3676 imb:573 pmb:3039 smb:4548 d:t ref:0 ;
in:759 out:761 type:b dur:2 cpbdur:2 q:32.14 aq:26.76 tex:104566 mv:31987 misc:4175 imb:264 pmb:2406 smb:5490 d:s ref:0 ;
in:761 out:762 type:b dur:2 cpbdur:2 q:32.14 aq:27.04 tex:108005 mv:32056 misc:4163 imb:297 pmb:2380 smb:5483 d:- ref:0 ;
in:766 out:763 type:P dur:2 cpbdur:2 q:31.27 aq:22.51 tex:433464 mv:45873 misc:3719 imb:2023 pmb:2834 smb:3303 d:s ref:0 ;
in:764 out:764 type:B dur:2 cpbdur:2 q:32.01 aq:25.77 tex:184055 mv:51697 misc:3776 imb:856 pmb:3061 smb:4243 d:t ref:0 ;
in:763 out:765 type:b dur:2 cpbdur:2 q:32.20 aq:27.29 tex:110326 mv:33322 misc:4344 imb:353 pmb:2519 smb:5288 d:s ref:0 ;
in:765 out:766 type:b dur:2 cpbdur:2 q:32.11 aq:26.85 tex:109873 mv:33069 misc:4378 imb:298 pmb:2527 smb:5335 d:- ref:0 ;
in:770 out:767 type:P dur:2 cpbdur:2 q:31.77 aq:22.91 tex:425026 mv:46199 misc:3199 imb:1842 pmb:2913 smb:3405 d:s ref:0 ;
in:768 out:768 type:B dur:2 cpbdur:2 q:31.96 aq:25.21 tex:174068 mv:49670 misc:3726 imb:565 pmb:3240 smb:4355 d:t ref:0 ;
in:767 out:769 type:b dur:2 cpbdur:2 q:32.47 aq:27.11 tex:130506 mv:36455 misc:4031 imb:754 pmb:2395 smb:5011 d:s ref:0 ;
in:769 out:770 type:b dur:2 cpbdur:2 q:32.07 aq:26.69 tex:130134 mv:36782 misc:4140 imb:549 pmb:2596 smb:5015 d:- ref:0 ;
in:774 out:771 type:P dur:2 cpbdur:2 q:31.61 aq:23.20 tex:449297 mv:48352 misc:3135 imb:2065 pmb:2973 smb:3122 d:s ref:0 ;
in:772 out:772 type:B dur:2 cpbdur:2 q:32.34 aq:26.29 tex:168128 mv:53192 misc:3880 imb:740 pmb:3334 smb:4086 d:t ref:0 ;
in:771 out:773 type:b dur:2 cpbdur:2 q:32.69 aq:27.60 tex:88266 mv:32487 misc:4607 imb:234 pmb:2622 smb:5304 d:s ref:0 ;
in:773 out:774 type:b dur:2 cpbdur:2 q:32.47 aq:27.74 tex:95009 mv:32304 misc:4615 imb:217 pmb:2606 smb:5337 d:- ref:0 ;
in:778 out:775 type:P dur:2 cpbdur:2 q:31.61 aq:23.01 tex:465200 mv:48956 misc:3228 imb:1816 pmb:3186 smb:3158 d:s ref:0 ;
in:776 out:776 type:B dur:2 cpbdur:2 q:32.04 aq:25.57 tex:160468 mv:50868 misc:4072 imb:490 pmb:3408 smb:4262 d:t ref:0 ;
in:775 out:777 type:b dur:2 cpbdur:2 q:32.68 aq:27.20 tex:93316 mv:32612 misc:4688 imb:219 pmb:2463 smb:5478 d:s ref:0 ;
in:777 out:778 type:b dur:2 cpbdur:2 q:32.18 aq:26.68 tex:101779 mv:34546 misc:4531 imb:289 pmb:2589 smb:5282 d:- ref:0 ;
in:782 out:779 type:P dur:2 cpbdur:2 q:31.74 aq:23.27 tex:469864 mv:49102 misc:3098 imb:1795 pmb:3123 smb:3242 d:s ref:0 ;
in:780 out:780 type:B dur:2 cpbdur:2 q:32.21 aq:25.31 tex:165759 mv:50216 misc:4065 imb:560 pmb:3260 smb:4340 d:s ref:0 ;
in:779 out:781 type:b dur:2 cpbdur:2 q:32.56 aq:27.25 tex:105142 mv:33447 misc:4435 imb:230 pmb:2572 smb:5358 d:s ref:0 ;
in:781 out:782 type:b dur:2 cpbdur:2 q:32.32 aq:26.94 tex:113323 mv:34254 misc:4311 imb:408 pmb:2474 smb:5278 d:- ref:0 ;
in:786 out:783 type:P dur:2 cpbdur:2 q:31.78 aq:23.48 tex:450477 mv:49802 misc:3209 imb:1690 pmb:3379 smb:3091 d:s ref:0 ;
in:784 out:784 type:B dur:2 cpbdur:2 q:32.20 aq:25.18 tex:168446 mv:49539 misc:3927 imb:792 pmb:3108 smb:4260 d:t ref:0 ;
in:783 out:785 type:b dur:2 cpbdur:2 q:32.64 aq:27.58 tex:104305 mv:31039 misc:4480 imb:250 pmb:2409 smb:5501 d:s ref:0 ;
in:785 out:786 type:b dur:2 cpbdur:2 q:32.31 aq:27.68 tex:110814 mv:34203 misc:4487 imb:237 pmb:2629 smb:5294 d:- ref:0 ;
in:790 out:787 type:P dur:2 cpbdur:2 q:31.87 aq:23.67 tex:450600 mv:50695 misc:3201 imb:1783 pmb:3367 smb:3010 d:s ref:0 ;
in:788 out:788 type:B dur:2 cpbdur:2 q:32.13 aq:26.21 tex:193709 mv:53920 misc:3891 imb:665 pmb:3371 smb:4124 d:t ref:0 ;
in:787 out:789 type:b dur:2 cpbdur:2 q:32.74 aq:27.82 tex:103937 mv:33369 misc:4582 imb:257 pmb:2587 smb:5316 d:s ref:0 ;
in:789 out:790 type:b dur:2 cpbdur:2 q:32.29 aq:26.78 tex:107763 mv:34205 misc:4016 imb:765 pmb:2366 smb:5029 d:- ref:0 ;
in:794 out:791 type:P dur:2 cpbdur:2 q:31.86 aq:22.78 tex:434973 mv:46731 misc:3296 imb:1815 pmb:3276 smb:3069 d:s ref:0 ;
in:792 out:792 type:B dur:2 cpbdur:2 q:32.61 aq:27.04 tex:151721 mv:49841 misc:4022 imb:386 pmb:3482 smb:4292 d:t ref:0 ;
in:791 out:793 type:b dur:2 cpbdur:2 q:32.75 aq:27.19 tex:97909 mv:32524 misc:4359 imb:491 pmb:2362 smb:5307 d:s ref:0 ;
in:793 out:794 type:b dur:2 cpbdur:2 q:32.75 aq:28.13 tex:119759 mv:35628 misc:4269 imb:591 pmb:2610 smb:4959 d:- ref:0 ;
in:798 out:795 type:P dur:2 cpbdur:2 q:31.58 aq:23.93 tex:517523 mv:49383 misc:2942 imb:2119 pmb:3244 smb:2797 d:s ref:0 ;
in:796 out:796 type:B dur:2 cpbdur:2 q:32.25 aq:26.13 tex:172529 mv:51442 misc:4077 imb:525 pmb:3395 smb:4240 d:s ref:0 ;
in:795 out:797 type:b dur:2 cpbdur:2 q:32.70 aq:28.25 tex:129028 mv:37491 misc:4161 imb:696 pmb:2567 smb:4897 d:s ref:0 ;
in:797 out:798 type:b dur:2 cpbdur:2 q:32.38 aq:27.99 tex:109056 mv:34891 misc:4541 imb:248 pmb:2796 smb:5116 d:- ref:0 ;
in:802 out:799 type:P dur:2 cpbdur:2 q:31.50 aq:23.44 tex:506100 mv:52145 misc:3115 imb:1663 pmb:3552 smb:2945 d:s ref:0 ;
in:800 out:800 type:B dur:2 cpbdur:2 q:32.05 aq:26.35 tex:172584 mv:52219 misc:3981 imb:339 pmb:3697 smb:4124 d:t ref:0 ;
in:799 out:801 type:b dur:2 cpbdur:2 q:32.56 aq:27.10 tex:106624 mv:33652 misc:4612 imb:253 pmb:2573 smb:5334 d:s ref:0 ;
in:801 out:802 type:b dur:2 cpbdur:2 q:32.19 aq:27.29 tex:129059 mv:35248 misc:4549 imb:320 pmb:2672 smb:5168 d:- ref:0 ;
in:806 out:803 type:P dur:2 cpbdur:2 q:32.24 aq:23.55 tex:453520 mv:47797 misc:3107 imb:1556 pmb:3369 smb:3235 d:s ref:0 ;
in:804 out:804 type:B dur:2 cpbdur:2 q:32.76 aq:26.19 tex:160436 mv:46760 misc:4156 imb:512 pmb:3192 smb:4456 d:t ref:0 ;
in:803 out:805 type:b dur:2 cpbdur:2 q:32.76 aq:27.14 tex:108835 mv:33170 misc:4531 imb:238 pmb:2579 smb:5343 d:s ref:0 ;
in:805 out:806 type:b dur:2 cpbdur:2 q:32.77 aq:27.13 tex:125708 mv:35010 misc:4258 imb:431 pmb:2527 smb:5202 d:- ref:0 ;
in:810 out:807 type:P dur:2 cpbdur:2 q:31.68 aq:23.81 tex:502047 mv:47757 misc:3516 imb:1684 pmb:3343 smb:3133 d:s ref:0 ;
in:808 out:808 type:B dur:2 cpbdur:2 q:32.57 aq:26.08 tex:166818 mv:47336 misc:4254 imb:322 pmb:3356 smb:4482 d:t ref:0 ;
in:807 out:809 type:b dur:2 cpbdur:2 q:32.85 aq:26.85 tex:99026 mv:32246 misc:4504 imb:210 pmb:2480 smb:5470 d:t ref:0 ;
in:809 out:810 type:b dur:2 cpbdur:2 q:32.66 aq:26.88 tex:102329 mv:31979 misc:4516 imb:209 pmb:2530 smb:5421 d:- ref:0 ;
in:814 out:811 type:P dur:2 cpbdur:2 q:32.09 aq:24.66 tex:511159 mv:49606 misc:2923 imb:1716 pmb:3419 smb:3025 d:s ref:0 ;
in:812 out:812 type:B dur:2 cpbdur:2 q:32.32 aq:26.38 tex:187868 mv:50752 misc:3996 imb:460 pmb:3424 smb:4276 d:t ref:0 ;
in:811 out:813 type:b dur:2 cpbdur:2 q:32.76 aq:26.99 tex:110313 mv:33717 misc:4266 imb:452 pmb:2373 smb:5335 d:t ref:0 ;
in:813 out:814 type:b dur:2 cpbdur:2 q:32.42 aq:26.44 tex:120831 mv:34196 misc:4213 imb:622 pmb:2415 smb:5123 d:- ref:0 ;
in:818 out:815 type:P dur:2 cpbdur:2 q:32.51 aq:23.91 tex:424726 mv:46194 misc:2936 imb:1776 pmb:3408 smb:2976 d:s ref:0 ;
in:816 out:816 type:B dur:2 cpbdur:2 q:32.98 aq:27.03 tex:137177 mv:49633 misc:4398 imb:328 pmb:3532 smb:4300 d:t ref:0 ;
in:815 out:817 type:b dur:2 cpbdur:2 q:33.25 aq:27.12 tex:85165 mv:33125 misc:4510 imb:548 pmb:2429 smb:5183 d:s ref:0 ;
in:817 out:818 type:b dur:2 cpbdur:2 q:33.07 aq:26.87 tex:84215 mv:30005 misc:4508 imb:349 pmb:2388 smb:5423 d:- ref:0 ;
in:822 out:819 type:P dur:2 cpbdur:2 q:32.44 aq:24.99 tex:474276 mv:49221 misc:2951 imb:1381 pmb:3553 smb:3226 d:s ref:0 ;
in:820 out:820 type:B dur:2 cpbdur:2 q:32.90 aq:26.57 tex:140108 mv:45999 misc:4325 imb:410 pmb:3162 smb:4588 d:s ref:0 ;
in:819 out:821 type:b dur:2 cpbdur:2 q:33.39 aq:27.11 tex:77835 mv:26881 misc:4452 imb:131 pmb:2266 smb:5763 d:s ref:0 ;
in:821 out:822 type:b dur:2 cpbdur:2 q:32.99 aq:28.51 tex:112018 mv:36216 misc:4446 imb:439 pmb:2699 smb:5022 d:- ref:0 ;
in:826 out:823 type:P dur:2 cpbdur:2 q:32.62 aq:24.16 tex:441035 mv:47770 misc:3131 imb:1395 pmb:3677 smb:3088 d:s ref:0 ;
in:824 out:824 type:B dur:2 cpbdur:2 q:33.26 aq:27.92 tex:143814 mv:50704 misc:4226 imb:381 pmb:3512 smb:4267 d:t ref:0 ;
in:823 out:825 type:b dur:2 cpbdur:2 q:33.56 aq:29.23 tex:79341 mv:31282 misc:4713 imb:212 pmb:2503 smb:5445 d:t ref:0 ;
in:825 out:826 type:b dur:2 cpbdur:2 q:33.39 aq:28.55 tex:84328 mv:28803 misc:4533 imb:113 pmb:2387 smb:5660 d:- ref:0 ;
in:830 out:827 type:P dur:2 cpbdur:2 q:32.56 aq:25.20 tex:494938 mv:49122 misc:3028 imb:1458 pmb:3654 smb:3048 d:s ref:0 ;
in:828 out:828 type:B dur:2 cpbdur:2 q:33.26 aq:27.52 tex:147909 mv:49880 misc:4299 imb:352 pmb:3352 smb:4456 d:t ref:0 ;
in:827 out:829 type:b dur:2 cpbdur:2 q:33.61 aq:29.60 tex:113266 mv:36913 misc:4309 imb:656 pmb:2546 smb:4958 d:t ref:0 ;
in:829 out:830 type:b dur:2 cpbdur:2 q:33.39 aq:28.42 tex:83634 mv:31992 misc:4734 imb:211 pmb:2518 smb:5431 d:- ref:0 ;
in:834 out:831 type:P dur:2 cpbdur:2 q:32.29 aq:25.24 tex:535165 mv:52968 misc:2867 imb:1547 pmb:3848 smb:2765 d:s ref:0 ;
in:832 out:832 type:B dur:2 cpbdur:2 q:33.02 aq:27.97 tex:189203 mv:54841 misc:4068 imb:399 pmb:3704 smb:4057 d:t ref:0 ;
in:831 out:833 type:b dur:2 cpbdur:2 q:33.61 aq:28.29 tex:91580 mv:34126 misc:4670 imb:494 pmb:2485 smb:5181 d:s ref:0 ;
in:833 out:834 type:b dur:2 cpbdur:2 q:33.15 aq:28.01 tex:105084 mv:36499 misc:4569 imb:414 pmb:2680 smb:5066 d:- ref:0 ;
in:838 out:835 type:P dur:2 cpbdur:2 q:32.11 aq:24.28 tex:520311 mv:50219 misc:2870 imb:1634 pmb:3815 smb:2711 d:s ref:0 ;
in:836 out:836 type:B dur:2 cpbdur:2 q:33.12 aq:27.64 tex:165945 mv:50567 misc:4368 imb:394 pmb:3575 smb:4191 d:t ref:0 ;
in:835 out:837 type:b dur:2 cpbdur:2 q:33.12 aq:28.49 tex:99339 mv:34867 misc:4690 imb:257 pmb:2776 smb:5127 d:s ref:0 ;
in:837 out:838 type:b dur:2 cpbdur:2 q:33.12 aq:28.27 tex:110551 mv:34766 misc:4563 imb:332 pmb:2653 smb:5175 d:- ref:0 ;
in:842 out:839 type:P dur:2 cpbdur:2 q:32.49 aq:25.36 tex:499204 mv:49079 misc:2837 imb:1456 pmb:3723 smb:2981 d:t ref:0 ;
in:840 out:840 type:B dur:2 cpbdur:2 q:33.16 aq:27.58 tex:155993 mv:35432 misc:4215 imb:379 pmb:3212 smb:4569 d:s ref:0 ;
in:839 out:841 type:b dur:2 cpbdur:2 q:33.16 aq:28.22 tex:91145 mv:22331 misc:4484 imb:211 pmb:2154 smb:5795 d:s ref:0 ;
in:841 out:842 type:b dur:2 cpbdur:2 q:33.16 aq:29.41 tex:115310 mv:35023 misc:4611 imb:330 pmb:2738 smb:5092 d:- ref:0 ;
in:846 out:843 type:P dur:2 cpbdur:2 q:32.48 aq:24.99 tex:490278 mv:50230 misc:2844 imb:1297 pmb:3940 smb:2923 d:t ref:0 ;
in:844 out:844 type:B dur:2 cpbdur:2 q:33.15 aq:27.46 tex:155703 mv:34295 misc:4434 imb:543 pmb:2939 smb:4678 d:t ref:0 ;
in:843 out:845 type:b dur:2 cpbdur:2 q:33.33 aq:28.47 tex:86948 mv:21880 misc:4292 imb:159 pmb:2355 smb:5646 d:s ref:0 ;
in:845 out:846 type:b dur:2 cpbdur:2 q:33.22 aq:28.41 tex:95714 mv:31741 misc:4721 imb:199 pmb:2599 smb:5362 d:- ref:0 ;
in:850 out:847 type:P dur:2 cpbdur:2 q:32.73 aq:25.43 tex:490084 mv:51235 misc:2801 imb:1558 pmb:3894 smb:2708 d:t ref:0 ;
in:848 out:848 type:B dur:2 cpbdur:2 q:33.32 aq:28.24 tex:193892 mv:42471 misc:3965 imb:610 pmb:3157 smb:4393 d:t ref:0 ;
in:847 out:849 type:b dur:2 cpbdur:2 q:33.47 aq:28.74 tex:79353 mv:24617 misc:3942 imb:194 pmb:2624 smb:5342 d:s ref:0 ;
in:849 out:850 type:b dur:2 cpbdur:2 q:33.48 aq:28.14 tex:94835 mv:33652 misc:4601 imb:662 pmb:2450 smb:5048 d:- ref:0 ;
in:854 out:851 type:P dur:2 cpbdur:2 q:32.36 aq:24.44 tex:509635 mv:50327 misc:2710 imb:1396 pmb:4060 smb:2704 d:t ref:0 ;
in:852 out:852 type:B dur:2 cpbdur:2 q:33.38 aq:27.75 tex:154650 mv:35893 misc:4201 imb:335 pmb:3275 smb:4550 d:s ref:0 ;
in:851 out:853 type:b dur:2 cpbdur:2 q:33.77 aq:30.28 tex:88560 mv:24891 misc:4213 imb:317 pmb:2337 smb:5506 d:s ref:0 ;
in:853 out:854 type:b dur:2 cpbdur:2 q:33.54 aq:29.52 tex:80547 mv:30558 misc:4767 imb:177 pmb:2555 smb:5428 d:- ref:0 ;
in:858 out:855 type:P dur:2 cpbdur:2 q:32.30 aq:25.66 tex:566290 mv:51164 misc:2690 imb:1337 pmb:4056 smb:2767 d:t ref:0 ;
in:856 out:856 type:B dur:2 cpbdur:2 q:32.80 aq:27.56 tex:170058 mv:38168 misc:4246 imb:267 pmb:3587 smb:4306 d:s ref:0 ;
in:855 out:857 type:b dur:2 cpbdur:2 q:33.34 aq:29.85 tex:116333 mv:25014 misc:4349 imb:560 pmb:2106 smb:5494 d:s ref:0 ;
in:857 out:858 type:b dur:2 cpbdur:2 q:32.96 aq:29.63 tex:124659 mv:37447 misc:4782 imb:366 pmb:2939 smb:4855 d:- ref:0 ;
in:862 out:859 type:P dur:2 cpbdur:2 q:31.91 aq:25.17 tex:595657 mv:53360 misc:2631 imb:1321 pmb:4178 smb:2661 d:s ref:0 ;
in:860 out:860 type:B dur:2 cpbdur:2 q:32.85 aq:28.04 tex:187606 mv:43063 misc:4123 imb:309 pmb:3638 smb:4213 d:t ref:0 ;
in:859 out:861 type:b dur:2 cpbdur:2 q:33.34 aq:29.43 tex:94308 mv:22652 misc:4808 imb:199 pmb:2299 smb:5662 d:s ref:0 ;
in:861 out:862 type:b dur:2 cpbdur:2 q:33.01 aq:29.03 tex:107775 mv:35772 misc:4957 imb:366 pmb:2813 smb:4981 d:- ref:0 ;
in:864 out:863 type:P dur:2 cpbdur:2 q:32.57 aq:25.17 tex:430532 mv:42238 misc:3150 imb:915 pmb:4274 smb:2971 d:s ref:0 ;
in:863 out:864 type:b dur:2 cpbdur:2 q:32.76 aq:29.41 tex:111717 mv:34893 misc:4982 imb:135 pmb:2835 smb:5190 d:t ref:0 ;
in:868 out:865 type:P dur:2 cpbdur:2 q:32.18 aq:24.74 tex:534647 mv:52898 misc:3087 imb:1151 pmb:4370 smb:2639 d:s ref:0 ;
in:866 out:866 type:B dur:2 cpbdur:2 q:33.02 aq:28.03 tex:182976 mv:53901 misc:4411 imb:353 pmb:3836 smb:3971 d:t ref:0 ;
in:865 out:867 type:b dur:2 cpbdur:2 q:33.02 aq:29.98 tex:123964 mv:37226 misc:4794 imb:278 pmb:2915 smb:4967 d:t ref:0 ;
in:867 out:868 type:b dur:2 cpbdur:2 q:33.02 aq:29.11 tex:104379 mv:33658 misc:5107 imb:120 pmb:2817 smb:5223 d:- ref:0 ;
in:872 out:869 type:P dur:2 cpbdur:2 q:32.12 aq:24.88 tex:575631 mv:53335 misc:2850 imb:1058 pmb:4349 smb:2753 d:s ref:0 ;
in:870 out:870 type:B dur:2 cpbdur:2 q:33.27 aq:28.64 tex:169768 mv:53720 misc:4632 imb:360 pmb:3784 smb:4016 d:t ref:0 ;
in:869 out:871 type:b dur:2 cpbdur:2 q:33.27 aq:30.20 tex:103759 mv:34448 misc:4897 imb:233 pmb:2758 smb:5169 d:t ref:0 ;
in:871 out:872 type:b dur:2 cpbdur:2 q:33.27 aq:29.54 tex:107363 mv:34753 misc:4980 imb:192 pmb:2871 smb:5097 d:- ref:0 ;
in:876 out:873 type:P dur:2 cpbdur:2 q:32.18 aq:25.47 tex:612612 mv:53867 misc:2729 imb:1292 pmb:4274 smb:2594 d:s ref:0 ;
in:874 out:874 type:B dur:2 cpbdur:2 q:33.09 aq:29.14 tex:201715 mv:58972 misc:4273 imb:483 pmb:4008 smb:3669 d:t ref:0 ;
in:873 out:875 type:b dur:2 cpbdur:2 q:33.09 aq:28.93 tex:100231 mv:34499 misc:5126 imb:209 pmb:2911 smb:5040 d:s ref:0 ;
in:875 out:876 type:b dur:2 cpbdur:2 q:33.09 aq:29.90 tex:97507 mv:34063 misc:5238 imb:153 pmb:2934 smb:5073 d:- ref:0 ;
in:880 out:877 type:P dur:2 cpbdur:2 q:32.28 aq:24.89 tex:568090 mv:52475 misc:2851 imb:1350 pmb:4241 smb:2569 d:s ref:0 ;
in:878 out:878 type:B dur:2 cpbdur:2 q:33.50 aq:28.80 tex:150472 mv:51095 misc:4985 imb:311 pmb:3659 smb:4190 d:t ref:0 ;
in:877 out:879 type:b dur:2 cpbdur:2 q:33.50 aq:29.22 tex:94693 mv:27343 misc:4852 imb:158 pmb:2700 smb:5302 d:s ref:0 ;
in:879 out:880 type:b dur:2 cpbdur:2 q:33.50 aq:29.96 tex:118427 mv:35246 misc:4895 imb:441 pmb:2685 smb:5034 d:- ref:0 ;
in:884 out:881 type:P dur:2 cpbdur:2 q:32.40 aq:25.24 tex:561787 mv:52502 misc:3103 imb:1113 pmb:4342 smb:2705 d:t ref:0 ;
in:882 out:882 type:B dur:2 cpbdur:2 q:33.20 aq:28.93 tex:191043 mv:43451 misc:4282 imb:482 pmb:3331 smb:4347 d:t ref:0 ;
in:881 out:883 type:b dur:2 cpbdur:2 q:33.44 aq:29.22 tex:92267 mv:24015 misc:4438 imb:211 pmb:2428 smb:5521 d:s ref:0 ;
in:883 out:884 type:b dur:2 cpbdur:2 q:33.44 aq:29.67 tex:96621 mv:33534 misc:5101 imb:192 pmb:2793 smb:5175 d:- ref:0 ;
in:888 out:885 type:P dur:2 cpbdur:2 q:32.44 aq:25.22 tex:572913 mv:54234 misc:2909 imb:1112 pmb:4392 smb:2656 d:t ref:0 ;
in:886 out:886 type:B dur:2 cpbdur:2 q:32.92 aq:28.24 tex:211391 mv:43916 misc:4261 imb:365 pmb:3628 smb:4167 d:t ref:0 ;
in:885 out:887 type:b dur:2 cpbdur:2 q:33.09 aq:29.97 tex:114084 mv:26114 misc:4562 imb:210 pmb:2592 smb:5358 d:s ref:0 ;
in:887 out:888 type:b dur:2 cpbdur:2 q:33.09 aq:29.82 tex:120604 mv:35266 misc:4978 imb:166 pmb:2940 smb:5054 d:- ref:0 ;
in:892 out:889 type:P dur:2 cpbdur:2 q:32.51 aq:25.50 tex:580463 mv:54228 misc:2821 imb:1190 pmb:4380 smb:2590 d:t ref:0 ;
in:890 out:890 type:B dur:2 cpbdur:2 q:33.09 aq:28.22 tex:169176 mv:42000 misc:4168 imb:379 pmb:3599 smb:4182 d:t ref:0 ;
in:889 out:891 type:b dur:2 cpbdur:2 q:33.51 aq:29.58 tex:93065 mv:22255 misc:4640 imb:169 pmb:2209 smb:5782 d:s ref:0 ;
in:891 out:892 type:b dur:2 cpbdur:2 q:33.33 aq:29.36 tex:99731 mv:32776 misc:5037 imb:155 pmb:2788 smb:5217 d:- ref:0 ;
in:896 out:893 type:P dur:2 cpbdur:2 q:32.56 aq:25.23 tex:560363 mv:53346 misc:2707 imb:1161 pmb:4317 smb:2682 d:t ref:0 ;
in:894 out:894 type:B dur:2 cpbdur:2 q:33.11 aq:28.44 tex:176344 mv:41788 misc:4132 imb:267 pmb:3640 smb:4253 d:t ref:0 ;
in:893 out:895 type:b dur:2 cpbdur:2 q:33.30 aq:28.74 tex:112948 mv:26113 misc:4643 imb:431 pmb:2332 smb:5397 d:s ref:0 ;
in:895 out:896 type:b dur:2 cpbdur:2 q:33.30 aq:29.63 tex:109380 mv:32474 misc:5034 imb:151 pmb:2818 smb:5191 d:- ref:0 ;
in:900 out:897 type:P dur:2 cpbdur:2 q:32.74 aq:25.20 tex:511857 mv:51485 misc:3314 imb:1336 pmb:4254 smb:2570 d:t ref:0 ;
in:898 out:898 type:B dur:2 cpbdur:2 q:33.22 aq:28.47 tex:158305 mv:39553 misc:4398 imb:319 pmb:3440 smb:4401 d:t ref:0 ;
in:897 out:899 type:b dur:2 cpbdur:2 q:33.42 aq:28.98 tex:86653 mv:23181 misc:4582 imb:156 pmb:2393 smb:5611 d:s ref:0 ;
in:899 out:900 type:b dur:2 cpbdur:2 q:33.42 aq:29.79 tex:111442 mv:33825 misc:4797 imb:327 pmb:2721 smb:5112 d:- ref:0 ;
in:902 out:901 type:P dur:2 cpbdur:2 q:33.07 aq:25.54 tex:377254 mv:35793 misc:3089 imb:543 pmb:4030 smb:3587 d:t ref:0 ;
in:901 out:902 type:b dur:2 cpbdur:2 q:33.16 aq:29.66 tex:87889 mv:17231 misc:4056 imb:284 pmb:1789 smb:6087 d:t ref:0 ;
in:906 out:903 type:P dur:2 cpbdur:2 q:32.66 aq:24.91 tex:459812 mv:45844 misc:2768 imb:875 pmb:3916 smb:3369 d:t ref:0 ;
in:904 out:904 type:B dur:2 cpbdur:2 q:33.18 aq:27.79 tex:146160 mv:33130 misc:4206 imb:188 pmb:3212 smb:4760 d:t ref:0 ;
in:903 out:905 type:b dur:2 cpbdur:2 q:33.18 aq:29.77 tex:65216 mv:18799 misc:4697 imb:97 pmb:2025 smb:6038 d:s ref:0 ;
in:905 out:906 type:b dur:2 cpbdur:2 q:33.18 aq:29.61 tex:82331 mv:28928 misc:4685 imb:174 pmb:2515 smb:5471 d:- ref:0 ;
in:910 out:907 type:P dur:2 cpbdur:2 q:32.48 aq:24.75 tex:470191 mv:43377 misc:2576 imb:956 pmb:3716 smb:3488 d:t ref:0 ;
in:908 out:908 type:B dur:2 cpbdur:2 q:33.22 aq:27.63 tex:144809 mv:32343 misc:4216 imb:221 pmb:3121 smb:4818 d:t ref:0 ;
in:907 out:909 type:b dur:2 cpbdur:2 q:33.22 aq:29.44 tex:67612 mv:18826 misc:4626 imb:124 pmb:2043 smb:5993 d:s ref:0 ;
in:909 out:910 type:b dur:2 cpbdur:2 q:33.22 aq:30.60 tex:89316 mv:29250 misc:4586 imb:311 pmb:2448 smb:5401 d:- ref:0 ;
in:914 out:911 type:P dur:2 cpbdur:2 q:32.46 aq:24.74 tex:461435 mv:42251 misc:2626 imb:1027 pmb:3614 smb:3519 d:s ref:0 ;
in:912 out:912 type:B dur:2 cpbdur:2 q:33.25 aq:27.02 tex:137990 mv:41014 misc:4476 imb:288 pmb:3177 smb:4695 d:t ref:0 ;
in:911 out:913 type:b dur:2 cpbdur:2 q:33.25 aq:29.26 tex:73494 mv:21931 misc:4687 imb:126 pmb:2264 smb:5770 d:s ref:0 ;
in:913 out:914 type:b dur:2 cpbdur:2 q:33.25 aq:28.55 tex:75878 mv:27082 misc:4616 imb:142 pmb:2431 smb:5587 d:- ref:0 ;
in:918 out:915 type:P dur:2 cpbdur:2 q:32.45 aq:25.94 tex:512985 mv:46677 misc:1930 imb:1602 pmb:3545 smb:3013 d:s ref:0 ;
in:916 out:916 type:B dur:2 cpbdur:2 q:33.28 aq:27.57 tex:152722 mv:41487 misc:4343 imb:332 pmb:3165 smb:4663 d:s ref:0 ;
in:915 out:917 type:b dur:2 cpbdur:2 q:33.28 aq:30.16 tex:81830 mv:27261 misc:4645 imb:218 pmb:2386 smb:5556 d:t ref:0 ;
in:917 out:918 type:b dur:2 cpbdur:2 q:33.28 aq:28.61 tex:75285 mv:26436 misc:4583 imb:440 pmb:2176 smb:5544 d:- ref:0 ;
in:922 out:919 type:P dur:2 cpbdur:2 q:32.76 aq:23.36 tex:418449 mv:39823 misc:1848 imb:1807 pmb:3260 smb:3093 d:s ref:0 ;
in:920 out:920 type:B dur:2 cpbdur:2 q:33.33 aq:26.75 tex:153385 mv:39025 misc:4086 imb:308 pmb:2983 smb:4869 d:s ref:0 ;
in:919 out:921 type:b dur:2 cpbdur:2 q:33.33 aq:29.08 tex:75111 mv:25537 misc:4488 imb:258 pmb:2141 smb:5761 d:s ref:0 ;
in:921 out:922 type:b dur:2 cpbdur:2 q:33.33 aq:29.17 tex:72061 mv:23629 misc:4590 imb:138 pmb:2179 smb:5843 d:- ref:0 ;
in:926 out:923 type:P dur:2 cpbdur:2 q:32.53 aq:24.55 tex:404767 mv:40613 misc:2492 imb:1247 pmb:3377 smb:3536 d:s ref:0 ;
in:924 out:924 type:B dur:2 cpbdur:2 q:33.66 aq:28.13 tex:141779 mv:43497 misc:4292 imb:611 pmb:3094 smb:4455 d:t ref:0 ;
in:923 out:925 type:b dur:2 cpbdur:2 q:33.66 aq:29.25 tex:58667 mv:23910 misc:4815 imb:199 pmb:2150 smb:5811 d:s ref:0 ;
in:925 out:926 type:b dur:2 cpbdur:2 q:33.66 aq:27.67 tex:61743 mv:25351 misc:4458 imb:637 pmb:2002 smb:5521 d:- ref:0 ;
in:930 out:927 type:P dur:2 cpbdur:2 q:32.41 aq:24.26 tex:388099 mv:40743 misc:2502 imb:1143 pmb:3470 smb:3547 d:s ref:0 ;
in:928 out:928 type:B dur:2 cpbdur:2 q:33.67 aq:28.29 tex:143695 mv:43340 misc:4253 imb:638 pmb:3055 smb:4467 d:t ref:0 ;
in:927 out:929 type:b dur:2 cpbdur:2 q:33.67 aq:29.77 tex:64884 mv:25047 misc:4829 imb:204 pmb:2212 smb:5744 d:s ref:0 ;
in:929 out:930 type:b dur:2 cpbdur:2 q:33.67 aq:28.60 tex:63925 mv:23945 misc:4466 imb:554 pmb:2003 smb:5603 d:- ref:0 ;
in:934 out:931 type:P dur:2 cpbdur:2 q:32.40 aq:23.69 tex:381911 mv:38789 misc:2700 imb:1162 pmb:3410 smb:3588 d:s ref:0 ;
in:932 out:932 type:B dur:2 cpbdur:2 q:33.67 aq:27.59 tex:129294 mv:36746 misc:4512 imb:241 pmb:2904 smb:5015 d:t ref:0 ;
in:931 out:933 type:b dur:2 cpbdur:2 q:33.67 aq:28.21 tex:65935 mv:22771 misc:4622 imb:171 pmb:2046 smb:5943 d:s ref:0 ;
in:933 out:934 type:b dur:2 cpbdur:2 q:33.67 aq:29.36 tex:107917 mv:28922 misc:4097 imb:831 pmb:2116 smb:5213 d:- ref:0 ;
in:938 out:935 type:P dur:2 cpbdur:2 q:32.22 aq:25.12 tex:485906 mv:43798 misc:2096 imb:1607 pmb:3367 smb:3186 d:s ref:0 ;
in:936 out:936 type:B dur:2 cpbdur:2 q:33.65 aq:27.23 tex:141401 mv:42205 misc:4370 imb:407 pmb:3225 smb:4528 d:t ref:0 ;
in:935 out:937 type:b dur:2 cpbdur:2 q:33.65 aq:27.21 tex:69985 mv:22042 misc:4597 imb:140 pmb:2024 smb:5996 d:s ref:0 ;
in:937 out:938 type:b dur:2 cpbdur:2 q:33.65 aq:28.86 tex:91024 mv:28555 misc:4389 imb:684 pmb:2148 smb:5328 d:- ref:0 ;
in:942 out:939 type:P dur:2 cpbdur:2 q:32.78 aq:23.78 tex:406562 mv:39058 misc:2420 imb:1514 pmb:3249 smb:3397 d:s ref:0 ;
in:940 out:940 type:B dur:2 cpbdur:2 q:33.35 aq:27.33 tex:150926 mv:38329 misc:4433 imb:311 pmb:3007 smb:4842 d:s ref:0 ;
in:939 out:941 type:b dur:2 cpbdur:2 q:33.35 aq:28.46 tex:90629 mv:25159 misc:4716 imb:229 pmb:2291 smb:5640 d:s ref:0 ;
in:941 out:942 type:b dur:2 cpbdur:2 q:33.35 aq:29.18 tex:123701 mv:30086 misc:4221 imb:753 pmb:2253 smb:5154 d:- ref:0 ;
in:946 out:943 type:P dur:2 cpbdur:2 q:32.79 aq:24.14 tex:351064 mv:39845 misc:3067 imb:971 pmb:3527 smb:3662 d:s ref:0 ;
in:944 out:944 type:B dur:2 cpbdur:2 q:33.69 aq:28.25 tex:154786 mv:42528 misc:4326 imb:755 pmb:2919 smb:4486 d:t ref:0 ;
in:943 out:945 type:b dur:2 cpbdur:2 q:33.69 aq:28.99 tex:73367 mv:24980 misc:4861 imb:177 pmb:2288 smb:5695 d:s ref:0 ;
in:945 out:946 type:b dur:2 cpbdur:2 q:33.69 aq:27.02 tex:68163 mv:22114 misc:4875 imb:136 pmb:2087 smb:5937 d:- ref:0 ;
in:950 out:947 type:P dur:2 cpbdur:2 q:32.85 aq:24.43 tex:318701 mv:38894 misc:2981 imb:964 pmb:3439 smb:3757 d:s ref:0 ;
in:948 out:948 type:B dur:2 cpbdur:2 q:34.01 aq:26.89 tex:107533 mv:36329 misc:4802 imb:312 pmb:2823 smb:5025 d:t ref:0 ;
in:947 out:949 type:b dur:2 cpbdur:2 q:34.01 aq:27.05 tex:66388 mv:22574 misc:4758 imb:140 pmb:2015 smb:6005 d:t ref:0 ;
in:949 out:950 type:b dur:2 cpbdur:2 q:34.01 aq:27.15 tex:63429 mv:22304 misc:4715 imb:150 pmb:2048 smb:5962 d:- ref:0 ;
in:953 out:951 type:P dur:2 cpbdur:2 q:32.63 aq:24.47 tex:357390 mv:36542 misc:2940 imb:1068 pmb:3434 smb:3658 d:s ref:0 ;
in:951 out:952 type:B dur:2 cpbdur:2 q:33.02 aq:27.59 tex:88925 mv:29591 misc:5092 imb:169 pmb:2618 smb:5373 d:t ref:0 ;
in:952 out:953 type:b dur:2 cpbdur:2 q:33.17 aq:26.93 tex:86464 mv:25578 misc:4766 imb:278 pmb:2176 smb:5706 d:- ref:0 ;
in:957 out:954 type:P dur:2 cpbdur:2 q:32.47 aq:24.15 tex:394996 mv:42234 misc:2730 imb:1149 pmb:3544 smb:3467 d:s ref:0 ;
in:955 out:955 type:B dur:2 cpbdur:2 q:33.70 aq:27.37 tex:114745 mv:36898 misc:4901 imb:224 pmb:2967 smb:4969 d:t ref:0 ;
in:954 out:956 type:b dur:2 cpbdur:2 q:33.70 aq:27.86 tex:74093 mv:23994 misc:4777 imb:245 pmb:2095 smb:5820 d:t ref:0 ;
in:956 out:957 type:b dur:2 cpbdur:2 q:33.70 aq:28.18 tex:69871 mv:23075 misc:4806 imb:208 pmb:2106 smb:5846 d:- ref:0 ;
in:961 out:958 type:P dur:2 cpbdur:2 q:32.66 aq:23.73 tex:366039 mv:39878 misc:3003 imb:1084 pmb:3570 smb:3506 d:s ref:0 ;
in:959 out:959 type:B dur:2 cpbdur:2 q:33.56 aq:27.40 tex:119468 mv:37816 misc:4852 imb:251 pmb:3019 smb:4890 d:t ref:0 ;
in:958 out:960 type:b dur:2 cpbdur:2 q:33.71 aq:28.09 tex:76414 mv:23895 misc:4779 imb:204 pmb:2099 smb:5857 d:s ref:0 ;
in:960 out:961 type:b dur:2 cpbdur:2 q:33.64 aq:27.46 tex:76070 mv:22445 misc:4773 imb:176 pmb:2075 smb:5909 d:- ref:0 ;
in:965 out:962 type:P dur:2 cpbdur:2 q:32.87 aq:23.56 tex:323585 mv:39239 misc:2984 imb:1149 pmb:3446 smb:3565 d:s ref:0 ;
in:963 out:963 type:B dur:2 cpbdur:2 q:33.99 aq:27.13 tex:114101 mv:35657 misc:4858 imb:217 pmb:2872 smb:5071 d:t ref:0 ;
in:962 out:964 type:b dur:2 cpbdur:2 q:33.99 aq:28.19 tex:73241 mv:21934 misc:4753 imb:147 pmb:2031 smb:5982 d:t ref:0 ;
in:964 out:965 type:b dur:2 cpbdur:2 q:33.99 aq:29.05 tex:91304 mv:23449 misc:4567 imb:369 pmb:2034 smb:5757 d:- ref:0 ;
in:969 out:966 type:P dur:2 cpbdur:2 q:32.64 aq:24.05 tex:349836 mv:40636 misc:3064 imb:1176 pmb:3511 smb:3473 d:t ref:0 ;
in:967 out:967 type:B dur:2 cpbdur:2 q:33.17 aq:26.62 tex:126535 mv:28735 misc:4674 imb:372 pmb:2722 smb:5066 d:s ref:0 ;
in:966 out:968 type:b dur:2 cpbdur:2 q:33.34 aq:27.06 tex:74523 mv:16818 misc:4419 imb:183 pmb:1913 smb:6064 d:s ref:0 ;
in:968 out:969 type:b dur:2 cpbdur:2 q:33.31 aq:27.85 tex:82477 mv:24144 misc:4699 imb:311 pmb:2127 smb:5722 d:- ref:0 ;
in:973 out:970 type:P dur:2 cpbdur:2 q:32.73 aq:23.64 tex:355741 mv:40712 misc:3107 imb:1214 pmb:3508 smb:3438 d:t ref:0 ;
in:971 out:971 type:B dur:2 cpbdur:2 q:33.57 aq:27.21 tex:132623 mv:29573 misc:4548 imb:501 pmb:2716 smb:4943 d:s ref:0 ;
in:970 out:972 type:b dur:2 cpbdur:2 q:33.67 aq:27.87 tex:71763 mv:17350 misc:4591 imb:212 pmb:1987 smb:5961 d:s ref:0 ;
in:972 out:973 type:b dur:2 cpbdur:2 q:33.67 aq:28.41 tex:71346 mv:22827 misc:4899 imb:168 pmb:2131 smb:5861 d:- ref:0 ;
in:977 out:974 type:P dur:2 cpbdur:2 q:32.76 aq:23.53 tex:328121 mv:39491 misc:3428 imb:1167 pmb:3588 smb:3405 d:t ref:0 ;
in:975 out:975 type:B dur:2 cpbdur:2 q:33.27 aq:26.36 tex:106048 mv:26514 misc:4806 imb:286 pmb:2611 smb:5263 d:t ref:0 ;
in:974 out:976 type:b dur:2 cpbdur:2 q:33.40 aq:27.64 tex:66514 mv:15873 misc:4429 imb:177 pmb:1730 smb:6253 d:s ref:0 ;
in:976 out:977 type:b dur:2 cpbdur:2 q:33.40 aq:28.29 tex:68256 mv:21299 misc:4733 imb:119 pmb:2040 smb:6001 d:- ref:0 ;
in:981 out:978 type:P dur:2 cpbdur:2 q:32.83 aq:23.83 tex:346530 mv:39747 misc:3427 imb:1123 pmb:3510 smb:3527 d:t ref:0 ;
in:979 out:979 type:B dur:2 cpbdur:2 q:33.35 aq:26.62 tex:106003 mv:25817 misc:4908 imb:310 pmb:2625 smb:5225 d:s ref:0 ;
in:978 out:980 type:b dur:2 cpbdur:2 q:33.49 aq:27.51 tex:71267 mv:15335 misc:4446 imb:135 pmb:1697 smb:6328 d:s ref:0 ;
in:980 out:981 type:b dur:2 cpbdur:2 q:33.49 aq:27.46 tex:73242 mv:22045 misc:4881 imb:161 pmb:2034 smb:5965 d:- ref:0 ;
in:985 out:982 type:P dur:2 cpbdur:2 q:33.09 aq:24.03 tex:308125 mv:38683 misc:3520 imb:1032 pmb:3550 smb:3578 d:t ref:0 ;
in:983 out:983 type:B dur:2 cpbdur:2 q:33.24 aq:26.79 tex:98912 mv:25956 misc:4876 imb:256 pmb:2667 smb:5237 d:s ref:0 ;
in:982 out:984 type:b dur:2 cpbdur:2 q:33.37 aq:27.30 tex:64487 mv:15274 misc:4527 imb:147 pmb:1692 smb:6321 d:s ref:0 ;
in:984 out:985 type:b dur:2 cpbdur:2 q:33.37 aq:28.79 tex:95570 mv:26345 misc:4597 imb:466 pmb:2059 smb:5635 d:- ref:0 ;
in:989 out:986 type:P dur:2 cpbdur:2 q:33.04 aq:24.42 tex:342468 mv:41751 misc:3341 imb:1354 pmb:3534 smb:3272 d:s ref:0 ;
in:987 out:987 type:B dur:2 cpbdur:2 q:33.51 aq:26.26 tex:98097 mv:37515 misc:5156 imb:270 pmb:2982 smb:4908 d:t ref:0 ;
in:986 out:988 type:b dur:2 cpbdur:2 q:33.61 aq:27.66 tex:65576 mv:22436 misc:4844 imb:136 pmb:2014 smb:6010 d:t ref:0 ;
in:988 out:989 type:b dur:2 cpbdur:2 q:33.61 aq:28.85 tex:73655 mv:24378 misc:4999 imb:221 pmb:2183 smb:5756 d:- ref:0 ;
in:993 out:990 type:P dur:2 cpbdur:2 q:33.14 aq:24.50 tex:315476 mv:42830 misc:3294 imb:1195 pmb:3705 smb:3260 d:s ref:0 ;
in:991 out:991 type:B dur:2 cpbdur:2 q:33.87 aq:26.72 tex:101400 mv:38189 misc:5019 imb:407 pmb:2857 smb:4896 d:t ref:0 ;
in:990 out:992 type:b dur:2 cpbdur:2 q:33.87 aq:27.71 tex:69241 mv:24497 misc:4966 imb:339 pmb:2062 smb:5759 d:s ref:0 ;
in:992 out:993 type:b dur:2 cpbdur:2 q:33.87 aq:27.75 tex:66067 mv:23678 misc:4855 imb:279 pmb:2036 smb:5845 d:- ref:0 ;
in:997 out:994 type:P dur:2 cpbdur:2 q:32.89 aq:24.07 tex:336955 mv:42642 misc:3187 imb:1397 pmb:3514 smb:3249 d:s ref:0 ;
in:995 out:995 type:B dur:2 cpbdur:2 q:33.84 aq:27.37 tex:106072 mv:38274 misc:5182 imb:346 pmb:2980 smb:4834 d:t ref:0 ;
in:994 out:996 type:b dur:2 cpbdur:2 q:33.84 aq:27.71 tex:69165 mv:24323 misc:4944 imb:258 pmb:2115 smb:5787 d:s ref:0 ;
in:996 out:997 type:b dur:2 cpbdur:2 q:33.84 aq:27.87 tex:63501 mv:23033 misc:5026 imb:199 pmb:2106 smb:5855 d:- ref:0 ;
in:999 out:998 type:P dur:2 cpbdur:2 q:32.38 aq:25.56 tex:200917 mv:32354 misc:3761 imb:913 pmb:3387 smb:3860 d:s ref:0 ;
in:998 out:999 type:b dur:2 cpbdur:2 q:33.05 aq:26.76 tex:74849 mv:25075 misc:5020 imb:229 pmb:2214 smb:5717 d:t ref:0 ;
in:1000 out:1000 type:I dur:2 cpbdur:2 q:28.42 aq:19.33 tex:1297558 mv:164000 misc:650 imb:8160 pmb:0 smb:0 d:s ref:;
in:1004 out:1001 type:P dur:2 cpbdur:2 q:33.61 aq:23.90 tex:333960 mv:39613 misc:2875 imb:1194 pmb:3364 smb:3602 d:s ref:0 ;
in:1002 out:1002 type:B dur:2 cpbdur:2 q:33.69 aq:26.52 tex:112375 mv:37964 misc:4989 imb:302 pmb:2905 smb:4953 d:t ref:0 ;
in:1001 out:1003 type:b dur:2 cpbdur:2 q:33.69 aq:26.74 tex:86255 mv:25218 misc:4799 imb:203 pmb:2137 smb:5820 d:t ref:0 ;
in:1003 out:1004 type:b dur:2 cpbdur:2 q:33.69 aq:27.54 tex:79118 mv:23956 misc:4782 imb:169 pmb:2074 smb:5917 d:- ref:0 ;
in:1008 out:1005 type:P dur:2 cpbdur:2 q:33.17 aq:24.13 tex:307820 mv:40475 misc:2849 imb:1326 pmb:3415 smb:3419 d:s ref:0 ;
in:1006 out:1006 type:B dur:2 cpbdur:2 q:33.97 aq:27.23 tex:84865 mv:35850 misc:5037 imb:273 pmb:2752 smb:5135 d:t ref:0 ;
in:1005 out:1007 type:b dur:2 cpbdur:2 q:33.97 aq:27.91 tex:64881 mv:23479 misc:4720 imb:211 pmb:1939 smb:6010 d:t ref:0 ;
in:1007 out:1008 type:b dur:2 cpbdur:2 q:33.97 aq:28.21 tex:57489 mv:21780 misc:4851 imb:128 pmb:1909 smb:6123 d:- ref:0 ;
in:1012 out:1009 type:P dur:2 cpbdur:2 q:33.12 aq:23.94 tex:288277 mv:40666 misc:3065 imb:1343 pmb:3558 smb:3259 d:t ref:0 ;
in:1010 out:1010 type:B dur:2 cpbdur:2 q:33.49 aq:26.06 tex:80149 mv:37485 misc:5262 imb:340 pmb:2803 smb:5017 d:t ref:0 ;
in:1009 out:1011 type:b dur:2 cpbdur:2 q:34.21 aq:28.05 tex:52075 mv:22126 misc:4695 imb:234 pmb:1850 smb:6076 d:s ref:0 ;
in:1011 out:1012 type:b dur:2 cpbdur:2 q:33.60 aq:26.65 tex:53766 mv:23041 misc:4969 imb:246 pmb:1987 smb:5927 d:- ref:0 ;
in:1016 out:1013 type:P dur:2 cpbdur:2 q:32.96 aq:24.27 tex:315054 mv:42669 misc:3133 imb:1401 pmb:3565 smb:3194 d:t ref:0 ;
in:1014 out:1014 type:B dur:2 cpbdur:2 q:33.26 aq:26.82 tex:92507 mv:28856 misc:4725 imb:401 pmb:2579 smb:5180 d:t ref:0 ;
in:1013 out:1015 type:b dur:2 cpbdur:2 q:34.18 aq:27.65 tex:57332 mv:15591 misc:4261 imb:192 pmb:1691 smb:6277 d:s ref:0 ;
in:1015 out:1016 type:b dur:2 cpbdur:2 q:33.38 aq:27.54 tex:64554 mv:25076 misc:4938 imb:405 pmb:2073 smb:5682 d:- ref:0 ;
in:1020 out:1017 type:P dur:2 cpbdur:2 q:32.76 aq:23.30 tex:371251 mv:42221 misc:3064 imb:1374 pmb:3546 smb:3240 d:t ref:0 ;
in:1018 out:1018 type:B dur:2 cpbdur:2 q:33.22 aq:26.46 tex:93554 mv:28757 misc:4585 imb:373 pmb:2612 smb:5175 d:s ref:0 ;
in:1017 out:1019 type:b dur:2 cpbdur:2 q:34.14 aq:27.44 tex:60574 mv:16618 misc:4312 imb:189 pmb:1846 smb:6125 d:s ref:0 ;
in:1019 out:1020 type:b dur:2 cpbdur:2 q:33.38 aq:27.79 tex:67666 mv:24669 misc:4841 imb:278 pmb:2105 smb:5777 d:- ref:0 ;
in:1024 out:1021 type:P dur:2 cpbdur:2 q:33.07 aq:23.81 tex:317147 mv:40585 misc:3532 imb:1166 pmb:3681 smb:3313 d:t ref:0 ;
in:1022 out:1022 type:B dur:2 cpbdur:2 q:33.22 aq:26.56 tex:110182 mv:29272 misc:4842 imb:438 pmb:2587 smb:5135 d:t ref:0 ;
in:1021 out:1023 type:b dur:2 cpbdur:2 q:33.36 aq:27.10 tex:76248 mv:18415 misc:4497 imb:206 pmb:1837 smb:6117 d:s ref:0 ;
in:1023 out:1024 type:b dur:2 cpbdur:2 q:33.36 aq:27.76 tex:69824 mv:23496 misc:4800 imb:170 pmb:2096 smb:5894 d:- ref:0 ;
in:1028 out:1025 type:P dur:2 cpbdur:2 q:33.19 aq:24.14 tex:324511 mv:42030 misc:3195 imb:1299 pmb:3600 smb:3261 d:t ref:0 ;
in:1026 out:1026 type:B dur:2 cpbdur:2 q:33.24 aq:26.68 tex:93132 mv:27657 misc:4955 imb:309 pmb:2679 smb:5172 d:t ref:0 ;
in:1025 out:1027 type:b dur:2 cpbdur:2 q:33.37 aq:28.21 tex:77075 mv:19841 misc:4532 imb:440 pmb:1764 smb:5956 d:s ref:0 ;
in:1027 out:1028 type:b dur:2 cpbdur:2 q:33.37 aq:27.59 tex:66617 mv:23988 misc:5011 imb:207 pmb:2158 smb:5795 d:- ref:0 ;
in:1032 out:1029 type:P dur:2 cpbdur:2 q:33.20 aq:24.14 tex:295620 mv:40423 misc:3421 imb:1198 pmb:3618 smb:3344 d:t ref:0 ;
in:1030 out:1030 type:B dur:2 cpbdur:2 q:33.79 aq:27.69 tex:88784 mv:25577 misc:5111 imb:271 pmb:2593 smb:5296 d:t ref:0 ;
in:1029 out:1031 type:b dur:2 cpbdur:2 q:33.79 aq:28.21 tex:62822 mv:17031 misc:4499 imb:313 pmb:1682 smb:6165 d:s ref:0 ;
in:1031 out:1032 type:b dur:2 cpbdur:2 q:33.79 aq:27.75 tex:63635 mv:22362 misc:4875 imb:180 pmb:2080 smb:5900 d:- ref:0 ;
in:1036 out:1033 type:P dur:2 cpbdur:2 q:32.96 aq:24.16 tex:327505 mv:41569 misc:3414 imb:1132 pmb:3588 smb:3440 d:s ref:0 ;
in:1034 out:1034 type:B dur:2 cpbdur:2 q:33.75 aq:27.66 tex:82403 mv:35636 misc:5457 imb:222 pmb:2960 smb:4978 d:t ref:0 ;
in:1033 out:1035 type:b dur:2 cpbdur:2 q:33.75 aq:28.36 tex:71994 mv:24917 misc:4841 imb:320 pmb:2091 smb:5749 d:t ref:0 ;
in:1035 out:1036 type:b dur:2 cpbdur:2 q:33.75 aq:28.23 tex:61404 mv:23045 misc:4927 imb:151 pmb:2103 smb:5906 d:- ref:0 ;
in:1040 out:1037 type:P dur:2 cpbdur:2 q:32.96 aq:24.03 tex:323648 mv:41336 misc:3296 imb:1153 pmb:3577 smb:3430 d:s ref:0 ;
in:1038 out:1038 type:B dur:2 cpbdur:2 q:33.71 aq:26.82 tex:84027 mv:36462 misc:5311 imb:286 pmb:2962 smb:4912 d:t ref:0 ;
in:1037 out:1039 type:b dur:2 cpbdur:2 q:33.71 aq:28.09 tex:67393 mv:24914 misc:4733 imb:332 pmb:2052 smb:5776 d:s ref:0 ;
in:1039 out:1040 type:b dur:2 cpbdur:2 q:33.71 aq:28.54 tex:58029 mv:23745 misc:4866 imb:179 pmb:2080 smb:5901 d:- ref:0 ;
in:1044 out:1041 type:P dur:2 cpbdur:2 q:33.01 aq:24.32 tex:322376 mv:41184 misc:3304 imb:1221 pmb:3433 smb:3506 d:s ref:0 ;
in:1042 out:1042 type:B dur:2 cpbdur:2 q:33.68 aq:26.39 tex:80753 mv:36311 misc:5368 imb:278 pmb:2904 smb:4978 d:t ref:0 ;
in:1041 out:1043 type:b dur:2 cpbdur:2 q:33.68 aq:28.20 tex:60337 mv:23833 misc:4846 imb:177 pmb:2100 smb:5883 d:t ref:0 ;
in:1043 out:1044 type:b dur:2 cpbdur:2 q:33.68 aq:28.17 tex:55841 mv:22471 misc:4872 imb:153 pmb:2053 smb:5954 d:- ref:0 ;
in:1048 out:1045 type:P dur:2 cpbdur:2 q:32.97 aq:24.29 tex:330011 mv:41893 misc:3160 imb:1366 pmb:3459 smb:3335 d:s ref:0 ;
in:1046 out:1046 type:B dur:2 cpbdur:2 q:33.63 aq:27.35 tex:87455 mv:37882 misc:5223 imb:332 pmb:2990 smb:4838 d:t ref:0 ;
in:1045 out:1047 type:b dur:2 cpbdur:2 q:33.63 aq:28.03 tex:66338 mv:26279 misc:4751 imb:410 pmb:2067 smb:5683 d:s ref:0 ;
in:1047 out:1048 type:b dur:2 cpbdur:2 q:33.63 aq:28.49 tex:60548 mv:24241 misc:4875 imb:300 pmb:2034 smb:5826 d:- ref:0 ;
in:1052 out:1049 type:P dur:2 cpbdur:2 q:33.03 aq:24.57 tex:308597 mv:39966 misc:3229 imb:1206 pmb:3388 smb:3566 d:s ref:0 ;
in:1050 out:1050 type:B dur:2 cpbdur:2 q:33.58 aq:26.73 tex:87964 mv:37687 misc:4989 imb:414 pmb:2930 smb:4816 d:t ref:0 ;
in:1049 out:1051 type:b dur:2 cpbdur:2 q:33.58 aq:27.98 tex:60259 mv:23395 misc:4810 imb:205 pmb:2043 smb:5912 d:s ref:0 ;
in:1051 out:1052 type:b dur:2 cpbdur:2 q:33.58 aq:28.15 tex:56655 mv:22694 misc:4827 imb:231 pmb:1966 smb:5963 d:- ref:0 ;
in:1056 out:1053 type:P dur:2 cpbdur:2 q:32.76 aq:23.92 tex:296873 mv:39184 misc:3071 imb:1161 pmb:3314 smb:3685 d:t ref:0 ;
in:1054 out:1054 type:B dur:2 cpbdur:2 q:33.39 aq:26.65 tex:82005 mv:26369 misc:4970 imb:326 pmb:2529 smb:5305 d:t ref:0 ;
in:1053 out:1055 type:b dur:2 cpbdur:2 q:33.51 aq:26.43 tex:59500 mv:17343 misc:4525 imb:193 pmb:1850 smb:6117 d:s ref:0 ;
in:1055 out:1056 type:b dur:2 cpbdur:2 q:33.51 aq:28.95 tex:62951 mv:23001 misc:4784 imb:244 pmb:2046 smb:5870 d:- ref:0 ;
in:1060 out:1057 type:P dur:2 cpbdur:2 q:32.53 aq:23.72 tex:320343 mv:38837 misc:3252 imb:1136 pmb:3406 smb:3618 d:t ref:0 ;
in:1058 out:1058 type:B dur:2 cpbdur:2 q:33.18 aq:27.74 tex:91250 mv:26520 misc:5054 imb:325 pmb:2530 smb:5305 d:t ref:0 ;
in:1057 out:1059 type:b dur:2 cpbdur:2 q:33.30 aq:26.25 tex:60815 mv:18241 misc:4528 imb:233 pmb:1838 smb:6089 d:s ref:0 ;
in:1059 out:1060 type:b dur:2 cpbdur:2 q:33.29 aq:27.40 tex:68204 mv:24642 misc:4578 imb:432 pmb:1991 smb:5737 d:- ref:0 ;
in:1064 out:1061 type:P dur:2 cpbdur:2 q:32.45 aq:23.61 tex:339037 mv:38592 misc:3355 imb:1148 pmb:3426 smb:3586 d:t ref:0 ;
in:1062 out:1062 type:B dur:2 cpbdur:2 q:32.95 aq:27.07 tex:89581 mv:26706 misc:5033 imb:258 pmb:2609 smb:5293 d:t ref:0 ;
in:1061 out:1063 type:b dur:2 cpbdur:2 q:33.06 aq:27.42 tex:67027 mv:17419 misc:4714 imb:199 pmb:1799 smb:6162 d:s ref:0 ;
in:1063 out:1064 type:b dur:2 cpbdur:2 q:33.06 aq:27.26 tex:69202 mv:23303 misc:4783 imb:183 pmb:2096 smb:5881 d:- ref:0 ;
in:1068 out:1065 type:P dur:2 cpbdur:2 q:32.46 aq:23.70 tex:306784 mv:38976 misc:3208 imb:1178 pmb:3319 smb:3663 d:t ref:0 ;
in:1066 out:1066 type:B dur:2 cpbdur:2 q:33.39 aq:27.55 tex:92145 mv:26034 misc:4997 imb:321 pmb:2476 smb:5363 d:t ref:0 ;
in:1065 out:1067 type:b dur:2 cpbdur:2 q:33.39 aq:26.89 tex:65872 mv:16092 misc:4356 imb:204 pmb:1739 smb:6217 d:s ref:0 ;
in:1067 out:1068 type:b dur:2 cpbdur:2 q:33.39 aq:27.99 tex:64488 mv:21908 misc:4764 imb:182 pmb:2031 smb:5947 d:- ref:0 ;
in:1070 out:1069 type:P dur:2 cpbdur:2 q:32.68 aq:25.03 tex:302097 mv:33834 misc:3237 imb:1346 pmb:3245 smb:3569 d:s ref:0 ;
in:1069 out:1070 type:b dur:2 cpbdur:2 q:32.74 aq:26.28 tex:73456 mv:16796 misc:3684 imb:322 pmb:1912 smb:5926 d:s ref:0 ;
in:1074 out:1071 type:P dur:2 cpbdur:2 q:32.53 aq:23.35 tex:305921 mv:38605 misc:3138 imb:1463 pmb:3287 smb:3410 d:t ref:0 ;
in:1072 out:1072 type:B dur:2 cpbdur:2 q:33.34 aq:27.24 tex:94122 mv:28202 misc:4700 imb:412 pmb:2720 smb:5028 d:s ref:0 ;
in:1071 out:1073 type:b dur:2 cpbdur:2 q:33.34 aq:26.85 tex:71711 mv:19682 misc:4191 imb:592 pmb:1854 smb:5714 d:s ref:0 ;
in:1073 out:1074 type:b dur:2 cpbdur:2 q:33.34 aq:27.83 tex:61918 mv:21684 misc:4734 imb:167 pmb:2069 smb:5924 d:- ref:0 ;
in:1078 out:1075 type:P dur:2 cpbdur:2 q:32.31 aq:23.27 tex:310023 mv:38668 misc:3205 imb:1115 pmb:3392 smb:3653 d:s ref:0 ;
in:1076 out:1076 type:B dur:2 cpbdur:2 q:33.31 aq:26.65 tex:93590 mv:35361 misc:4881 imb:421 pmb:2804 smb:4935 d:t ref:0 ;
in:1075 out:1077 type:b dur:2 cpbdur:2 q:33.31 aq:26.75 tex:63710 mv:22553 misc:4777 imb:189 pmb:2041 smb:5930 d:s ref:0 ;
in:1077 out:1078 type:b dur:2 cpbdur:2 q:33.31 aq:26.56 tex:64078 mv:21658 misc:4680 imb:186 pmb:2015 smb:5959 d:- ref:0 ;
in:1082 out:1079 type:P dur:2 cpbdur:2 q:32.32 aq:23.09 tex:334340 mv:36870 misc:3198 imb:1065 pmb:3248 smb:3847 d:s ref:0 ;
in:1080 out:1080 type:B dur:2 cpbdur:2 q:33.26 aq:26.70 tex:90970 mv:34224 misc:4966 imb:306 pmb:2771 smb:5083 d:t ref:0 ;
in:1079 out:1081 type:b dur:2 cpbdur:2 q:33.26 aq:27.33 tex:63091 mv:21437 misc:4784 imb:179 pmb:2024 smb:5957 d:s ref:0 ;
in:1081 out:1082 type:b dur:2 cpbdur:2 q:33.26 aq:27.87 tex:69199 mv:22659 misc:4478 imb:342 pmb:1911 smb:5907 d:- ref:0 ;
in:1086 out:1083 type:P dur:2 cpbdur:2 q:32.27 aq:22.96 tex:320236 mv:37353 misc:3275 imb:1054 pmb:3250 smb:3856 d:s ref:0 ;
in:1084 out:1084 type:B dur:2 cpbdur:2 q:32.93 aq:26.54 tex:100451 mv:33537 misc:4820 imb:247 pmb:2861 smb:5052 d:t ref:0 ;
in:1083 out:1085 type:b dur:2 cpbdur:2 q:32.93 aq:27.05 tex:70404 mv:22528 misc:4636 imb:173 pmb:2049 smb:5938 d:s ref:0 ;
in:1085 out:1086 type:b dur:2 cpbdur:2 q:32.93 aq:26.73 tex:71781 mv:21988 misc:4575 imb:152 pmb:2065 smb:5943 d:- ref:0 ;
in:1090 out:1087 type:P dur:2 cpbdur:2 q:32.33 aq:23.51 tex:328173 mv:37303 misc:3300 imb:1003 pmb:3271 smb:3886 d:s ref:0 ;
in:1088 out:1088 type:B dur:2 cpbdur:2 q:32.90 aq:26.98 tex:100144 mv:34983 misc:4913 imb:338 pmb:2824 smb:4998 d:t ref:0 ;
in:1087 out:1089 type:b dur:2 cpbdur:2 q:32.90 aq:26.87 tex:68426 mv:22457 misc:4733 imb:188 pmb:2044 smb:5928 d:s ref:0 ;
in:1089 out:1090 type:b dur:2 cpbdur:2 q:32.90 aq:26.56 tex:66549 mv:21584 misc:4611 imb:169 pmb:2050 smb:5941 d:- ref:0 ;
in:1094 out:1091 type:P dur:2 cpbdur:2 q:32.41 aq:23.35 tex:322002 mv:37867 misc:3235 imb:1191 pmb:3293 smb:3676 d:s ref:0 ;
in:1092 out:1092 type:B dur:2 cpbdur:2 q:32.88 aq:26.86 tex:96874 mv:34663 misc:4919 imb:209 pmb:2926 smb:5025 d:t ref:0 ;
in:1091 out:1093 type:b dur:2 cpbdur:2 q:32.88 aq:26.58 tex:69296 mv:22736 misc:4584 imb:163 pmb:2074 smb:5923 d:s ref:0 ;
in:1093 out:1094 type:b dur:2 cpbdur:2 q:32.88 aq:27.07 tex:66768 mv:22849 misc:4815 imb:168 pmb:2130 smb:5862 d:- ref:0 ;
in:1098 out:1095 type:P dur:2 cpbdur:2 q:32.31 aq:23.73 tex:326283 mv:36448 misc:3109 imb:1030 pmb:3220 smb:3910 d:s ref:0 ;
in:1096 out:1096 type:B dur:2 cpbdur:2 q:32.85 aq:26.55 tex:96480 mv:34148 misc:4708 imb:252 pmb:2840 smb:5068 d:t ref:0 ;
in:1095 out:1097 type:b dur:2 cpbdur:2 q:32.85 aq:27.33 tex:66437 mv:21711 misc:4572 imb:157 pmb:1971 smb:6032 d:s ref:0 ;
in:1097 out:1098 type:b dur:2 cpbdur:2 q:32.85 aq:27.71 tex:66756 mv:21644 misc:4576 imb:147 pmb:2024 smb:5989 d:- ref:0 ;
in:1102 out:1099 type:P dur:2 cpbdur:2 q:32.52 aq:23.72 tex:285541 mv:35527 misc:3188 imb:1022 pmb:3188 smb:3950 d:t ref:0 ;
in:1100 out:1100 type:B dur:2 cpbdur:2 q:33.08 aq:26.11 tex:87038 mv:32631 misc:4675 imb:233 pmb:2718 smb:5209 d:t ref:0 ;
in:1099 out:1101 type:b dur:2 cpbdur:2 q:33.08 aq:27.06 tex:62811 mv:21375 misc:4502 imb:161 pmb:1974 smb:6025 d:t ref:0 ;
in:1101 out:1102 type:b dur:2 cpbdur:2 q:33.08 aq:27.67 tex:62133 mv:20256 misc:4459 imb:138 pmb:1944 smb:6078 d:- ref:0 ;
in:1106 out:1103 type:P dur:2 cpbdur:2 q:32.10 aq:22.92 tex:310310 mv:34390 misc:3236 imb:1031 pmb:3039 smb:4090 d:t ref:0 ;
in:1104 out:1104 type:B dur:2 cpbdur:2 q:32.64 aq:25.97 tex:91110 mv:23135 misc:4571 imb:258 pmb:2271 smb:5631 d:t ref:0 ;
in:1103 out:1105 type:b dur:2 cpbdur:2 q:32.77 aq:26.82 tex:60520 mv:15566 misc:4202 imb:166 pmb:1656 smb:6338 d:s ref:0 ;
in:1105 out:1106 type:b dur:2 cpbdur:2 q:32.77 aq:27.57 tex:64847 mv:20272 misc:4393 imb:162 pmb:1901 smb:6097 d:- ref:0 ;
in:1110 out:1107 type:P dur:2 cpbdur:2 q:32.05 aq:22.84 tex:293064 mv:33253 misc:3179 imb:993 pmb:3088 smb:4079 d:t ref:0 ;
in:1108 out:1108 type:B dur:2 cpbdur:2 q:33.02 aq:26.32 tex:90174 mv:20869 misc:4757 imb:240 pmb:2195 smb:5725 d:t ref:0 ;
in:1107 out:1109 type:b dur:2 cpbdur:2 q:33.02 aq:26.78 tex:59281 mv:14422 misc:4185 imb:176 pmb:1564 smb:6420 d:s ref:0 ;
in:1109 out:1110 type:b dur:2 cpbdur:2 q:33.02 aq:27.53 tex:59490 mv:18509 misc:4345 imb:128 pmb:1845 smb:6187 d:- ref:0 ;
in:1114 out:1111 type:P dur:2 cpbdur:2 q:31.91 aq:22.80 tex:313105 mv:34544 misc:3031 imb:1082 pmb:3143 smb:3935 d:t ref:0 ;
in:1112 out:1112 type:B dur:2 cpbdur:2 q:32.50 aq:27.03 tex:97158 mv:22952 misc:4498 imb:225 pmb:2298 smb:5637 d:t ref:0 ;
in:1111 out:1113 type:b dur:2 cpbdur:2 q:32.60 aq:26.42 tex:64586 mv:15096 misc:4166 imb:142 pmb:1656 smb:6362 d:s ref:0 ;
in:1113 out:1114 type:b dur:2 cpbdur:2 q:32.60 aq:27.35 tex:66598 mv:20325 misc:4221 imb:148 pmb:1910 smb:6102 d:- ref:0 ;
in:1118 out:1115 type:P dur:2 cpbdur:2 q:31.98 aq:22.99 tex:335626 mv:33930 misc:3164 imb:991 pmb:3085 smb:4084 d:t ref:0 ;
in:1116 out:1116 type:B dur:2 cpbdur:2 q:32.91 aq:27.30 tex:96305 mv:21103 misc:4576 imb:234 pmb:2285 smb:5641 d:t ref:0 ;
in:1115 out:1117 type:b dur:2 cpbdur:2 q:32.91 aq:26.95 tex:63610 mv:15234 misc:4100 imb:165 pmb:1644 smb:6351 d:s ref:0 ;
in:1117 out:1118 type:b dur:2 cpbdur:2 q:32.91 aq:26.74 tex:65191 mv:19412 misc:4381 imb:136 pmb:1929 smb:6095 d:- ref:0 ;
in:1122 out:1119 type:P dur:2 cpbdur:2 q:32.06 aq:22.43 tex:310756 mv:34115 misc:2873 imb:1085 pmb:3030 smb:4045 d:t ref:0 ;
in:1120 out:1120 type:B dur:2 cpbdur:2 q:32.50 aq:26.73 tex:96942 mv:22447 misc:4667 imb:225 pmb:2384 smb:5551 d:t ref:0 ;
in:1119 out:1121 type:b dur:2 cpbdur:2 q:32.57 aq:25.16 tex:69724 mv:15387 misc:4257 imb:164 pmb:1682 smb:6314 d:s ref:0 ;
in:1121 out:1122 type:b dur:2 cpbdur:2 q:32.57 aq:27.30 tex:72103 mv:19645 misc:4276 imb:119 pmb:2001 smb:6040 d:- ref:0 ;
in:1126 out:1123 type:P dur:2 cpbdur:2 q:32.08 aq:22.65 tex:298363 mv:33877 misc:3168 imb:1093 pmb:3059 smb:4008 d:t ref:0 ;
in:1124 out:1124 type:B dur:2 cpbdur:2 q:33.07 aq:26.60 tex:90214 mv:24237 misc:4653 imb:233 pmb:2457 smb:5470 d:s ref:0 ;
in:1123 out:1125 type:b dur:2 cpbdur:2 q:33.07 aq:25.98 tex:63520 mv:14893 misc:4267 imb:154 pmb:1649 smb:6357 d:s ref:0 ;
in:1125 out:1126 type:b dur:2 cpbdur:2 q:33.07 aq:26.33 tex:66846 mv:19535 misc:4299 imb:151 pmb:1965 smb:6044 d:- ref:0 ;
in:1130 out:1127 type:P dur:2 cpbdur:2 q:32.41 aq:21.02 tex:310411 mv:37843 misc:2506 imb:2728 pmb:3157 smb:2275 d:s ref:0 ;
in:1128 out:1128 type:B dur:2 cpbdur:2 q:33.05 aq:23.75 tex:83217 mv:32474 misc:4773 imb:372 pmb:3810 smb:3978 d:t ref:0 ;
in:1127 out:1129 type:b dur:2 cpbdur:2 q:33.05 aq:27.05 tex:69831 mv:19904 misc:4465 imb:171 pmb:1850 smb:6139 d:s ref:0 ;
in:1129 out:1130 type:b dur:2 cpbdur:2 q:33.05 aq:25.94 tex:68697 mv:19786 misc:4525 imb:178 pmb:2085 smb:5897 d:- ref:0 ;
in:1134 out:1131 type:P dur:2 cpbdur:2 q:32.30 aq:22.18 tex:290477 mv:36223 misc:3404 imb:1466 pmb:3226 smb:3468 d:s ref:0 ;
in:1132 out:1132 type:B dur:2 cpbdur:2 q:32.97 aq:25.45 tex:80869 mv:32920 misc:5099 imb:271 pmb:2788 smb:5101 d:t ref:0 ;
in:1131 out:1133 type:b dur:2 cpbdur:2 q:32.97 aq:26.95 tex:68089 mv:19973 misc:4474 imb:167 pmb:1841 smb:6152 d:s ref:0 ;
in:1133 out:1134 type:b dur:2 cpbdur:2 q:32.97 aq:26.64 tex:64921 mv:20034 misc:4589 imb:165 pmb:1907 smb:6088 d:- ref:0 ;
in:1138 out:1135 type:P dur:2 cpbdur:2 q:32.00 aq:21.94 tex:304467 mv:36906 misc:3299 imb:1902 pmb:3221 smb:3037 d:s ref:0 ;
in:1136 out:1136 type:B dur:2 cpbdur:2 q:32.95 aq:25.50 tex:77873 mv:32234 misc:5261 imb:241 pmb:2821 smb:5098 d:t ref:0 ;
in:1135 out:1137 type:b dur:2 cpbdur:2 q:32.95 aq:26.47 tex:60160 mv:19813 misc:4539 imb:142 pmb:1842 smb:6176 d:s ref:0 ;
in:1137 out:1138 type:b dur:2 cpbdur:2 q:32.95 aq:26.55 tex:59243 mv:19795 misc:4698 imb:145 pmb:1900 smb:6115 d:- ref:0 ;
in:1142 out:1139 type:P dur:2 cpbdur:2 q:32.01 aq:21.38 tex:302384 mv:39531 misc:2925 imb:2152 pmb:3664 smb:2344 d:s ref:0 ;
in:1140 out:1140 type:B dur:2 cpbdur:2 q:32.91 aq:24.65 tex:78759 mv:33435 misc:4982 imb:245 pmb:3638 smb:4277 d:t ref:0 ;
in:1139 out:1141 type:b dur:2 cpbdur:2 q:32.91 aq:25.91 tex:60454 mv:20906 misc:4440 imb:154 pmb:2601 smb:5405 d:s ref:0 ;
in:1141 out:1142 type:b dur:2 cpbdur:2 q:32.91 aq:26.29 tex:60300 mv:19951 misc:4893 imb:155 pmb:1943 smb:6062 d:- ref:0 ;
in:1146 out:1143 type:P dur:2 cpbdur:2 q:31.89 aq:22.55 tex:311914 mv:37869 misc:3633 imb:1541 pmb:3286 smb:3333 d:s ref:0 ;
in:1144 out:1144 type:B dur:2 cpbdur:2 q:32.76 aq:24.90 tex:77136 mv:33408 misc:5200 imb:282 pmb:2876 smb:5002 d:t ref:0 ;
in:1143 out:1145 type:b dur:2 cpbdur:2 q:32.83 aq:26.03 tex:64293 mv:20320 misc:4667 imb:155 pmb:1930 smb:6075 d:s ref:0 ;
in:1145 out:1146 type:b dur:2 cpbdur:2 q:32.83 aq:27.10 tex:63392 mv:20573 misc:4715 imb:163 pmb:1974 smb:6023 d:- ref:0 ;
in:1150 out:1147 type:P dur:2 cpbdur:2 q:31.78 aq:22.21 tex:327844 mv:37185 misc:3827 imb:1438 pmb:3256 smb:3466 d:s ref:0 ;
in:1148 out:1148 type:B dur:2 cpbdur:2 q:32.36 aq:25.68 tex:85190 mv:34235 misc:5239 imb:271 pmb:2990 smb:4899 d:t ref:0 ;
in:1147 out:1149 type:b dur:2 cpbdur:2 q:32.44 aq:27.08 tex:71433 mv:21824 misc:4767 imb:211 pmb:2014 smb:5935 d:s ref:0 ;
in:1149 out:1150 type:b dur:2 cpbdur:2 q:32.44 aq:26.90 tex:65709 mv:21337 misc:4754 imb:159 pmb:2020 smb:5981 d:- ref:0 ;
in:1154 out:1151 type:P dur:2 cpbdur:2 q:31.63 aq:21.92 tex:320690 mv:36712 misc:3806 imb:1350 pmb:3306 smb:3504 d:t ref:0 ;
in:1152 out:1152 type:B dur:2 cpbdur:2 q:31.98 aq:25.03 tex:96471 mv:25833 misc:5240 imb:241 pmb:2698 smb:5221 d:t ref:0 ;
in:1151 out:1153 type:b dur:2 cpbdur:2 q:32.08 aq:26.50 tex:72591 mv:18597 misc:4812 imb:222 pmb:1961 smb:5977 d:s ref:0 ;
in:1153 out:1154 type:b dur:2 cpbdur:2 q:32.08 aq:25.64 tex:76615 mv:22537 misc:4744 imb:193 pmb:2186 smb:5781 d:- ref:0 ;
in:1158 out:1155 type:P dur:2 cpbdur:2 q:31.67 aq:20.99 tex:335483 mv:38986 misc:2907 imb:2428 pmb:3301 smb:2431 d:s ref:0 ;
in:1156 out:1156 type:B dur:2 cpbdur:2 q:32.40 aq:24.53 tex:88833 mv:35591 misc:5040 imb:324 pmb:3339 smb:4497 d:t ref:0 ;
in:1155 out:1157 type:b dur:2 cpbdur:2 q:32.40 aq:25.97 tex:75407 mv:23148 misc:4501 imb:208 pmb:2889 smb:5063 d:s ref:0 ;
in:1157 out:1158 type:b dur:2 cpbdur:2 q:32.40 aq:26.72 tex:72113 mv:21695 misc:4664 imb:151 pmb:2178 smb:5831 d:- ref:0 ;
in:1162 out:1159 type:P dur:2 cpbdur:2 q:31.73 aq:21.82 tex:335619 mv:38198 misc:3543 imb:1712 pmb:3241 smb:3207 d:s ref:0 ;
in:1160 out:1160 type:B dur:2 cpbdur:2 q:32.35 aq:25.42 tex:90763 mv:26248 misc:5253 imb:292 pmb:2751 smb:5117 d:t ref:0 ;
in:1159 out:1161 type:b dur:2 cpbdur:2 q:32.35 aq:25.65 tex:74154 mv:18434 misc:4948 imb:182 pmb:2055 smb:5923 d:s ref:0 ;
in:1161 out:1162 type:b dur:2 cpbdur:2 q:32.35 aq:26.52 tex:76681 mv:22530 misc:4701 imb:175 pmb:2235 smb:5750 d:- ref:0 ;
in:1166 out:1163 type:P dur:2 cpbdur:2 q:31.65 aq:21.93 tex:349418 mv:38629 misc:3409 imb:1613 pmb:3297 smb:3250 d:t ref:0 ;
in:1164 out:1164 type:B dur:2 cpbdur:2 q:32.25 aq:24.71 tex:92033 mv:25747 misc:5396 imb:240 pmb:2785 smb:5135 d:t ref:0 ;
in:1163 out:1165 type:b dur:2 cpbdur:2 q:32.31 aq:25.73 tex:73131 mv:17676 misc:5137 imb:177 pmb:1997 smb:5986 d:s ref:0 ;
in:1165 out:1166 type:b dur:2 cpbdur:2 q:32.31 aq:26.38 tex:74771 mv:22241 misc:4836 imb:185 pmb:2130 smb:5845 d:- ref:0 ;
in:1170 out:1167 type:P dur:2 cpbdur:2 q:31.68 aq:21.03 tex:321289 mv:39695 misc:2896 imb:2120 pmb:3538 smb:2502 d:s ref:0 ;
in:1168 out:1168 type:B dur:2 cpbdur:2 q:32.25 aq:24.53 tex:92710 mv:35004 misc:4926 imb:225 pmb:3048 smb:4887 d:t ref:0 ;
in:1167 out:1169 type:b dur:2 cpbdur:2 q:32.25 aq:25.97 tex:72955 mv:23307 misc:4690 imb:195 pmb:2122 smb:5843 d:s ref:0 ;
in:1169 out:1170 type:b dur:2 cpbdur:2 q:32.25 aq:24.90 tex:76739 mv:24581 misc:4600 imb:214 pmb:3006 smb:4940 d:- ref:0 ;
in:1174 out:1171 type:P dur:2 cpbdur:2 q:31.65 aq:21.62 tex:322289 mv:38951 misc:3248 imb:1646 pmb:3451 smb:3063 d:s ref:0 ;
in:1172 out:1172 type:B dur:2 cpbdur:2 q:32.21 aq:25.22 tex:83603 mv:34793 misc:5116 imb:261 pmb:3052 smb:4847 d:t ref:0 ;
in:1171 out:1173 type:b dur:2 cpbdur:2 q:32.29 aq:25.37 tex:67916 mv:22556 misc:4768 imb:173 pmb:2213 smb:5774 d:s ref:0 ;
in:1173 out:1174 type:b dur:2 cpbdur:2 q:32.29 aq:26.04 tex:64865 mv:21987 misc:4860 imb:169 pmb:2125 smb:5866 d:- ref:0 ;
in:1178 out:1175 type:P dur:2 cpbdur:2 q:31.49 aq:22.05 tex:366547 mv:40325 misc:3464 imb:1959 pmb:3304 smb:2897 d:s ref:0 ;
in:1176 out:1176 type:B dur:2 cpbdur:2 q:32.05 aq:24.77 tex:90699 mv:35745 misc:5252 imb:294 pmb:3080 smb:4786 d:t ref:0 ;
in:1175 out:1177 type:b dur:2 cpbdur:2 q:32.15 aq:26.59 tex:70862 mv:22778 misc:4856 imb:134 pmb:2183 smb:5843 d:s ref:0 ;
in:1177 out:1178 type:b dur:2 cpbdur:2 q:32.15 aq:25.94 tex:71046 mv:23162 misc:5024 imb:208 pmb:2231 smb:5721 d:- ref:0 ;
in:1182 out:1179 type:P dur:2 cpbdur:2 q:31.45 aq:21.77 tex:363152 mv:38447 misc:3753 imb:1695 pmb:3357 smb:3108 d:s ref:0 ;
in:1180 out:1180 type:B dur:2 cpbdur:2 q:32.41 aq:25.10 tex:91282 mv:35635 misc:5219 imb:308 pmb:3032 smb:4820 d:t ref:0 ;
in:1179 out:1181 type:b dur:2 cpbdur:2 q:32.41 aq:26.83 tex:72591 mv:22582 misc:4947 imb:181 pmb:2183 smb:5796 d:s ref:0 ;
in:1181 out:1182 type:b dur:2 cpbdur:2 q:32.41 aq:26.66 tex:70608 mv:21954 misc:4862 imb:136 pmb:2117 smb:5907 d:- ref:0 ;
in:1186 out:1183 type:P dur:2 cpbdur:2 q:31.82 aq:21.27 tex:365639 mv:41199 misc:2810 imb:2255 pmb:3326 smb:2579 d:s ref:0 ;
in:1184 out:1184 type:B dur:2 cpbdur:2 q:32.12 aq:24.49 tex:98429 mv:37546 misc:4961 imb:336 pmb:3274 smb:4550 d:t ref:0 ;
in:1183 out:1185 type:b dur:2 cpbdur:2 q:32.12 aq:26.02 tex:77400 mv:25251 misc:4997 imb:230 pmb:2639 smb:5291 d:s ref:0 ;
in:1185 out:1186 type:b dur:2 cpbdur:2 q:32.12 aq:25.91 tex:77591 mv:23840 misc:4849 imb:184 pmb:2300 smb:5676 d:- ref:0 ;
in:1190 out:1187 type:P dur:2 cpbdur:2 q:32.01 aq:22.44 tex:329426 mv:39760 misc:3702 imb:1659 pmb:3348 smb:3153 d:s ref:0 ;
in:1188 out:1188 type:B dur:2 cpbdur:2 q:32.08 aq:24.82 tex:100513 mv:36850 misc:5213 imb:320 pmb:3143 smb:4697 d:t ref:0 ;
in:1187 out:1189 type:b dur:2 cpbdur:2 q:32.08 aq:26.72 tex:80635 mv:25804 misc:4793 imb:316 pmb:2356 smb:5488 d:s ref:0 ;
in:1189 out:1190 type:b dur:2 cpbdur:2 q:32.08 aq:26.20 tex:75775 mv:24173 misc:4876 imb:166 pmb:2372 smb:5622 d:- ref:0 ;
in:1194 out:1191 type:P dur:2 cpbdur:2 q:32.04 aq:22.43 tex:325231 mv:40051 misc:4070 imb:1642 pmb:3364 smb:3154 d:s ref:0 ;
in:1192 out:1192 type:B dur:2 cpbdur:2 q:32.31 aq:25.16 tex:90901 mv:36471 misc:5396 imb:266 pmb:3168 smb:4726 d:t ref:0 ;
in:1191 out:1193 type:b dur:2 cpbdur:2 q:32.31 aq:26.10 tex:69512 mv:23520 misc:4960 imb:179 pmb:2239 smb:5742 d:s ref:0 ;
in:1193 out:1194 type:b dur:2 cpbdur:2 q:32.31 aq:27.10 tex:68957 mv:22575 misc:4900 imb:155 pmb:2265 smb:5740 d:- ref:0 ;
in:1198 out:1195 type:P dur:2 cpbdur:2 q:31.97 aq:22.39 tex:311681 mv:39263 misc:3952 imb:1596 pmb:3328 smb:3236 d:s ref:0 ;
in:1196 out:1196 type:B dur:2 cpbdur:2 q:32.53 aq:24.75 tex:84092 mv:35733 misc:5639 imb:275 pmb:3030 smb:4855 d:t ref:0 ;
in:1195 out:1197 type:b dur:2 cpbdur:2 q:32.53 aq:26.51 tex:70733 mv:22921 misc:4898 imb:198 pmb:2092 smb:5870 d:s ref:0 ;
in:1197 out:1198 type:b dur:2 cpbdur:2 q:32.53 aq:26.11 tex:71223 mv:21663 misc:4850 imb:190 pmb:2083 smb:5887 d:- ref:0 ;
in:1202 out:1199 type:P dur:2 cpbdur:2 q:31.44 aq:21.25 tex:338395 mv:42446 misc:3055 imb:2012 pmb:3575 smb:2573 d:s ref:0 ;
in:1200 out:1200 type:B dur:2 cpbdur:2 q:32.52 aq:23.34 tex:88289 mv:35434 misc:5125 imb:219 pmb:3512 smb:4429 d:t ref:0 ;
in:1199 out:1201 type:b dur:2 cpbdur:2 q:32.52 aq:25.12 tex:69484 mv:23021 misc:4783 imb:172 pmb:2436 smb:5552 d:s ref:0 ;
in:1201 out:1202 type:b dur:2 cpbdur:2 q:32.52 aq:25.10 tex:70051 mv:22572 misc:4953 imb:184 pmb:2243 smb:5733 d:- ref:0 ;
in:1206 out:1203 type:P dur:2 cpbdur:2 q:31.30 aq:21.62 tex:364015 mv:40555 misc:3766 imb:1520 pmb:3515 smb:3125 d:s ref:0 ;
in:1204 out:1204 type:B dur:2 cpbdur:2 q:32.26 aq:24.04 tex:86458 mv:36025 misc:5261 imb:266 pmb:3022 smb:4872 d:t ref:0 ;
in:1203 out:1205 type:b dur:2 cpbdur:2 q:32.41 aq:24.88 tex:67460 mv:22544 misc:5060 imb:171 pmb:2132 smb:5857 d:s ref:0 ;
in:1205 out:1206 type:b dur:2 cpbdur:2 q:32.41 aq:25.71 tex:64917 mv:22397 misc:4942 imb:165 pmb:2109 smb:5886 d:- ref:0 ;
in:1210 out:1207 type:P dur:2 cpbdur:2 q:31.31 aq:21.59 tex:371910 mv:39280 misc:3490 imb:1657 pmb:3322 smb:3181 d:s ref:0 ;
in:1208 out:1208 type:B dur:2 cpbdur:2 q:31.93 aq:23.67 tex:108979 mv:37625 misc:4980 imb:416 pmb:3229 smb:4515 d:t ref:0 ;
in:1207 out:1209 type:b dur:2 cpbdur:2 q:31.93 aq:26.12 tex:78765 mv:24289 misc:4938 imb:184 pmb:2307 smb:5669 d:s ref:0 ;
in:1209 out:1210 type:b dur:2 cpbdur:2 q:31.93 aq:24.92 tex:84360 mv:24613 misc:4723 imb:233 pmb:2589 smb:5338 d:- ref:0 ;
in:1214 out:1211 type:P dur:2 cpbdur:2 q:31.51 aq:21.32 tex:358878 mv:40606 misc:3124 imb:2104 pmb:3321 smb:2735 d:t ref:0 ;
in:1212 out:1212 type:B dur:2 cpbdur:2 q:31.90 aq:23.99 tex:111939 mv:28557 misc:5464 imb:335 pmb:3035 smb:4790 d:t ref:0 ;
in:1211 out:1213 type:b dur:2 cpbdur:2 q:31.90 aq:24.79 tex:77715 mv:20921 misc:5524 imb:241 pmb:2398 smb:5521 d:s ref:0 ;
in:1213 out:1214 type:b dur:2 cpbdur:2 q:31.90 aq:25.64 tex:77678 mv:23019 misc:4775 imb:173 pmb:2199 smb:5788 d:- ref:0 ;
in:1218 out:1215 type:P dur:2 cpbdur:2 q:31.43 aq:22.09 tex:340187 mv:39626 misc:3723 imb:1748 pmb:3258 smb:3154 d:s ref:0 ;
in:1216 out:1216 type:B dur:2 cpbdur:2 q:32.12 aq:24.48 tex:98980 mv:36675 misc:5121 imb:290 pmb:3037 smb:4833 d:t ref:0 ;
in:1215 out:1217 type:b dur:2 cpbdur:2 q:32.12 aq:26.11 tex:68182 mv:23563 misc:4743 imb:128 pmb:2192 smb:5840 d:s ref:0 ;
in:1217 out:1218 type:b dur:2 cpbdur:2 q:32.12 aq:26.88 tex:70266 mv:22400 misc:4806 imb:131 pmb:2202 smb:5827 d:- ref:0 ;
in:1222 out:1219 type:P dur:2 cpbdur:2 q:31.25 aq:21.75 tex:362589 mv:39819 misc:3688 imb:1743 pmb:3274 smb:3143 d:s ref:0 ;
in:1220 out:1220 type:B dur:2 cpbdur:2 q:32.11 aq:24.14 tex:102913 mv:26411 misc:5588 imb:282 pmb:2802 smb:5076 d:t ref:0 ;
in:1219 out:1221 type:b dur:2 cpbdur:2 q:32.11 aq:24.98 tex:66152 mv:17239 misc:5121 imb:151 pmb:1999 smb:6010 d:s ref:0 ;
in:1221 out:1222 type:b dur:2 cpbdur:2 q:32.11 aq:26.60 tex:66223 mv:21735 misc:4738 imb:119 pmb:2124 smb:5917 d:- ref:0 ;
in:1226 out:1223 type:P dur:2 cpbdur:2 q:31.21 aq:21.59 tex:379701 mv:38631 misc:3828 imb:1662 pmb:3321 smb:3177 d:t ref:0 ;
in:1224 out:1224 type:B dur:2 cpbdur:2 q:32.07 aq:24.22 tex:104897 mv:25624 misc:5583 imb:244 pmb:2762 smb:5154 d:t ref:0 ;
in:1223 out:1225 type:b dur:2 cpbdur:2 q:32.07 aq:25.03 tex:69013 mv:17734 misc:5309 imb:183 pmb:2046 smb:5931 d:s ref:0 ;
in:1225 out:1226 type:b dur:2 cpbdur:2 q:32.07 aq:26.66 tex:81459 mv:23702 misc:4543 imb:312 pmb:2160 smb:5688 d:- ref:0 ;
in:1230 out:1227 type:P dur:2 cpbdur:2 q:31.15 aq:21.26 tex:377157 mv:38565 misc:3566 imb:1865 pmb:3351 smb:2944 d:s ref:0 ;
in:1228 out:1228 type:B dur:2 cpbdur:2 q:31.77 aq:23.99 tex:121442 mv:37608 misc:5238 imb:260 pmb:3265 smb:4635 d:t ref:0 ;
in:1227 out:1229 type:b dur:2 cpbdur:2 q:31.77 aq:25.86 tex:83412 mv:24078 misc:4862 imb:174 pmb:2304 smb:5682 d:s ref:0 ;
in:1229 out:1230 type:b dur:2 cpbdur:2 q:31.77 aq:25.67 tex:81377 mv:24205 misc:4794 imb:158 pmb:2387 smb:5615 d:- ref:0 ;
in:1234 out:1231 type:P dur:2 cpbdur:2 q:31.28 aq:20.81 tex:382152 mv:40619 misc:3093 imb:1940 pmb:3680 smb:2540 d:s ref:0 ;
in:1232 out:1232 type:B dur:2 cpbdur:2 q:31.75 aq:22.83 tex:128704 mv:38947 misc:4685 imb:258 pmb:3895 smb:4007 d:t ref:0 ;
in:1231 out:1233 type:b dur:2 cpbdur:2 q:31.75 aq:24.02 tex:84802 mv:25798 misc:4896 imb:188 pmb:2952 smb:5020 d:s ref:0 ;
in:1233 out:1234 type:b dur:2 cpbdur:2 q:31.75 aq:25.05 tex:83116 mv:24339 misc:4945 imb:177 pmb:2439 smb:5544 d:- ref:0 ;
in:1238 out:1235 type:P dur:2 cpbdur:2 q:31.21 aq:21.04 tex:371118 mv:39331 misc:3151 imb:2164 pmb:3263 smb:2733 d:s ref:0 ;
in:1236 out:1236 type:B dur:2 cpbdur:2 q:31.98 aq:22.83 tex:119465 mv:38427 misc:4900 imb:425 pmb:3648 smb:4087 d:t ref:0 ;
in:1235 out:1237 type:b dur:2 cpbdur:2 q:31.98 aq:25.62 tex:77885 mv:24503 misc:4956 imb:164 pmb:2422 smb:5574 d:s ref:0 ;
in:1237 out:1238 type:b dur:2 cpbdur:2 q:31.98 aq:24.07 tex:78352 mv:24499 misc:4885 imb:295 pmb:2928 smb:4937 d:- ref:0 ;
in:1241 out:1239 type:P dur:2 cpbdur:2 q:31.18 aq:21.43 tex:343187 mv:35891 misc:3378 imb:1754 pmb:3323 smb:3083 d:s ref:0 ;
in:1239 out:1240 type:B dur:2 cpbdur:2 q:31.94 aq:25.15 tex:113527 mv:30414 misc:4843 imb:250 pmb:2755 smb:5155 d:t ref:0 ;
in:1240 out:1241 type:b dur:2 cpbdur:2 q:31.94 aq:25.98 tex:89239 mv:23963 misc:4958 imb:169 pmb:2313 smb:5678 d:- ref:0 ;
in:1245 out:1242 type:P dur:2 cpbdur:2 q:31.02 aq:21.11 tex:417493 mv:40303 misc:3556 imb:1938 pmb:3346 smb:2876 d:s ref:0 ;
in:1243 out:1243 type:B dur:2 cpbdur:2 q:31.92 aq:25.25 tex:132513 mv:39091 misc:5276 imb:274 pmb:3266 smb:4620 d:t ref:0 ;
in:1242 out:1244 type:b dur:2 cpbdur:2 q:31.92 aq:25.54 tex:89350 mv:25448 misc:4994 imb:232 pmb:2416 smb:5512 d:s ref:0 ;
in:1244 out:1245 type:b dur:2 cpbdur:2 q:31.92 aq:26.24 tex:82517 mv:23999 misc:4820 imb:159 pmb:2253 smb:5748 d:- ref:0 ;
in:1249 out:1246 type:P dur:2 cpbdur:2 q:31.08 aq:21.25 tex:411297 mv:39014 misc:3777 imb:1646 pmb:3384 smb:3130 d:s ref:0 ;
in:1247 out:1247 type:B dur:2 cpbdur:2 q:31.92 aq:25.05 tex:130527 mv:39076 misc:5365 imb:257 pmb:3191 smb:4712 d:t ref:0 ;
in:1246 out:1248 type:b dur:2 cpbdur:2 q:31.92 aq:25.86 tex:85247 mv:24881 misc:4936 imb:186 pmb:2276 smb:5698 d:s ref:0 ;
in:1248 out:1249 type:b dur:2 cpbdur:2 q:31.92 aq:26.30 tex:85671 mv:24758 misc:4963 imb:169 pmb:2331 smb:5660 d:- ref:0 ;
in:1250 out:1250 type:I dur:2 cpbdur:2 q:26.36 aq:16.39 tex:1444513 mv:152458 misc:629 imb:8160 pmb:0 smb:0 d:s ref:;
in:1254 out:1251 type:P dur:2 cpbdur:2 q:31.51 aq:21.89 tex:441446 mv:35160 misc:3554 imb:1378 pmb:3121 smb:3661 d:s ref:0 ;
in:1252 out:1252 type:B dur:2 cpbdur:2 q:31.52 aq:24.98 tex:123325 mv:34134 misc:4589 imb:191 pmb:2714 smb:5255 d:t ref:0 ;
in:1251 out:1253 type:b dur:2 cpbdur:2 q:31.53 aq:25.09 tex:112531 mv:25554 misc:4435 imb:143 pmb:2381 smb:5636 d:t ref:0 ;
in:1253 out:1254 type:b dur:2 cpbdur:2 q:31.52 aq:25.13 tex:112463 mv:25821 misc:4596 imb:140 pmb:2434 smb:5586 d:- ref:0 ;
in:1258 out:1255 type:P dur:2 cpbdur:2 q:31.75 aq:22.24 tex:382380 mv:35595 misc:3905 imb:1405 pmb:3307 smb:3448 d:s ref:0 ;
in:1256 out:1256 type:B dur:2 cpbdur:2 q:31.85 aq:24.79 tex:141726 mv:38176 misc:4962 imb:221 pmb:3156 smb:4783 d:t ref:0 ;
in:1255 out:1257 type:b dur:2 cpbdur:2 q:31.85 aq:26.37 tex:83009 mv:24354 misc:4709 imb:119 pmb:2230 smb:5811 d:t ref:0 ;
in:1257 out:1258 type:b dur:2 cpbdur:2 q:31.85 aq:26.10 tex:85044 mv:23342 misc:4686 imb:113 pmb:2274 smb:5773 d:- ref:0 ;
in:1262 out:1259 type:P dur:2 cpbdur:2 q:31.82 aq:21.90 tex:404217 mv:38240 misc:3215 imb:1637 pmb:3957 smb:2566 d:s ref:0 ;
in:1260 out:1260 type:B dur:2 cpbdur:2 q:31.85 aq:24.95 tex:146300 mv:38287 misc:4765 imb:191 pmb:3171 smb:4798 d:t ref:0 ;
in:1259 out:1261 type:b dur:2 cpbdur:2 q:31.85 aq:25.91 tex:87694 mv:23638 misc:4604 imb:121 pmb:2229 smb:5810 d:s ref:0 ;
in:1261 out:1262 type:b dur:2 cpbdur:2 q:31.85 aq:25.71 tex:84211 mv:24134 misc:4599 imb:133 pmb:2506 smb:5521 d:- ref:0 ;
in:1266 out:1263 type:P dur:2 cpbdur:2 q:31.77 aq:21.83 tex:406109 mv:38740 misc:2783 imb:2315 pmb:3337 smb:2508 d:s ref:0 ;
in:1264 out:1264 type:B dur:2 cpbdur:2 q:31.83 aq:23.94 tex:165940 mv:41565 misc:4295 imb:349 pmb:3801 smb:4010 d:t ref:0 ;
in:1263 out:1265 type:b dur:2 cpbdur:2 q:31.83 aq:25.29 tex:101838 mv:26313 misc:4473 imb:164 pmb:2618 smb:5378 d:t ref:0 ;
in:1265 out:1266 type:b dur:2 cpbdur:2 q:31.83 aq:26.53 tex:98954 mv:25713 misc:4661 imb:207 pmb:2480 smb:5473 d:- ref:0 ;
in:1270 out:1267 type:P dur:2 cpbdur:2 q:31.74 aq:22.37 tex:417890 mv:36852 misc:3410 imb:1761 pmb:3278 smb:3121 d:t ref:0 ;
in:1268 out:1268 type:B dur:2 cpbdur:2 q:31.90 aq:25.43 tex:164974 mv:29107 misc:4743 imb:281 pmb:2971 smb:4908 d:t ref:0 ;
in:1267 out:1269 type:b dur:2 cpbdur:2 q:31.90 aq:26.19 tex:94338 mv:19935 misc:4815 imb:181 pmb:2217 smb:5762 d:s ref:0 ;
in:1269 out:1270 type:b dur:2 cpbdur:2 q:31.90 aq:26.74 tex:97243 mv:24812 misc:4529 imb:152 pmb:2324 smb:5684 d:- ref:0 ;
in:1274 out:1271 type:P dur:2 cpbdur:2 q:31.67 aq:22.16 tex:426424 mv:36235 misc:3357 imb:1508 pmb:3246 smb:3406 d:t ref:0 ;
in:1272 out:1272 type:B dur:2 cpbdur:2 q:31.90 aq:24.99 tex:172084 mv:27900 misc:4928 imb:279 pmb:2883 smb:4998 d:t ref:0 ;
in:1271 out:1273 type:b dur:2 cpbdur:2 q:31.90 aq:26.18 tex:101972 mv:19031 misc:4813 imb:178 pmb:2154 smb:5828 d:s ref:0 ;
in:1273 out:1274 type:b dur:2 cpbdur:2 q:31.90 aq:25.81 tex:100956 mv:24228 misc:4368 imb:162 pmb:2254 smb:5744 d:- ref:0 ;
in:1278 out:1275 type:P dur:2 cpbdur:2 q:31.62 aq:22.20 tex:428332 mv:36508 misc:3720 imb:1537 pmb:3198 smb:3425 d:t ref:0 ;
in:1276 out:1276 type:B dur:2 cpbdur:2 q:31.95 aq:24.96 tex:160912 mv:28216 misc:4920 imb:242 pmb:3055 smb:4863 d:t ref:0 ;
in:1275 out:1277 type:b dur:2 cpbdur:2 q:31.95 aq:26.64 tex:91498 mv:18903 misc:4967 imb:164 pmb:2236 smb:5760 d:s ref:0 ;
in:1277 out:1278 type:b dur:2 cpbdur:2 q:31.96 aq:26.79 tex:87406 mv:24100 misc:4574 imb:172 pmb:2318 smb:5670 d:- ref:0 ;
in:1282 out:1279 type:P dur:2 cpbdur:2 q:31.58 aq:22.69 tex:450373 mv:38164 misc:3679 imb:1586 pmb:3332 smb:3242 d:s ref:0 ;
in:1280 out:1280 type:B dur:2 cpbdur:2 q:31.92 aq:25.52 tex:170388 mv:29716 misc:5040 imb:234 pmb:3124 smb:4802 d:t ref:0 ;
in:1279 out:1281 type:b dur:2 cpbdur:2 q:31.92 aq:26.35 tex:103160 mv:18977 misc:5055 imb:173 pmb:2286 smb:5701 d:s ref:0 ;
in:1281 out:1282 type:b dur:2 cpbdur:2 q:31.92 aq:26.41 tex:101727 mv:25069 misc:4668 imb:185 pmb:2370 smb:5605 d:- ref:0 ;
in:1286 out:1283 type:P dur:2 cpbdur:2 q:31.53 aq:22.69 tex:462109 mv:38376 misc:3723 imb:1500 pmb:3375 smb:3285 d:t ref:0 ;
in:1284 out:1284 type:B dur:2 cpbdur:2 q:31.93 aq:24.84 tex:176795 mv:29959 misc:4982 imb:281 pmb:3164 smb:4715 d:t ref:0 ;
in:1283 out:1285 type:b dur:2 cpbdur:2 q:31.93 aq:25.79 tex:101315 mv:19851 misc:5042 imb:166 pmb:2282 smb:5712 d:s ref:0 ;
in:1285 out:1286 type:b dur:2 cpbdur:2 q:31.93 aq:26.45 tex:107729 mv:24869 misc:4858 imb:145 pmb:2467 smb:5548 d:- ref:0 ;
in:1290 out:1287 type:P dur:2 cpbdur:2 q:31.48 aq:22.36 tex:451961 mv:38111 misc:3536 imb:1522 pmb:3306 smb:3332 d:t ref:0 ;
in:1288 out:1288 type:B dur:2 cpbdur:2 q:31.97 aq:25.16 tex:171687 mv:29050 misc:5127 imb:240 pmb:3119 smb:4801 d:t ref:0 ;
in:1287 out:1289 type:b dur:2 cpbdur:2 q:31.97 aq:25.72 tex:98931 mv:20033 misc:4972 imb:193 pmb:2212 smb:5755 d:s ref:0 ;
in:1289 out:1290 type:b dur:2 cpbdur:2 q:31.97 aq:26.18 tex:98765 mv:25121 misc:4794 imb:175 pmb:2408 smb:5577 d:- ref:0 ;
in:1294 out:1291 type:P dur:2 cpbdur:2 q:31.44 aq:22.31 tex:432154 mv:38982 misc:3560 imb:1640 pmb:3367 smb:3153 d:s ref:0 ;
in:1292 out:1292 type:B dur:2 cpbdur:2 q:32.07 aq:25.76 tex:150395 mv:40791 misc:4734 imb:262 pmb:3378 smb:4520 d:t ref:0 ;
in:1291 out:1293 type:b dur:2 cpbdur:2 q:32.07 aq:26.25 tex:78157 mv:25129 misc:5026 imb:157 pmb:2442 smb:5561 d:s ref:0 ;
in:1293 out:1294 type:b dur:2 cpbdur:2 q:32.07 aq:26.77 tex:78813 mv:25104 misc:4795 imb:165 pmb:2445 smb:5550 d:- ref:0 ;
in:1298 out:1295 type:P dur:2 cpbdur:2 q:31.38 aq:22.02 tex:487340 mv:39505 misc:3699 imb:1586 pmb:3468 smb:3106 d:s ref:0 ;
in:1296 out:1296 type:B dur:2 cpbdur:2 q:32.09 aq:25.62 tex:143786 mv:40921 misc:5109 imb:217 pmb:3422 smb:4521 d:t ref:0 ;
in:1295 out:1297 type:b dur:2 cpbdur:2 q:32.09 aq:26.39 tex:79461 mv:24858 misc:4745 imb:171 pmb:2362 smb:5627 d:s ref:0 ;
in:1297 out:1298 type:b dur:2 cpbdur:2 q:32.09 aq:26.91 tex:79371 mv:24882 misc:4739 imb:128 pmb:2439 smb:5593 d:- ref:0 ;
in:1302 out:1299 type:P dur:2 cpbdur:2 q:31.92 aq:23.02 tex:456506 mv:38496 misc:3942 imb:1348 pmb:3546 smb:3266 d:s ref:0 ;
in:1300 out:1300 type:B dur:2 cpbdur:2 q:32.05 aq:25.06 tex:169369 mv:41170 misc:4853 imb:257 pmb:3383 smb:4520 d:t ref:0 ;
in:1299 out:1301 type:b dur:2 cpbdur:2 q:32.05 aq:26.02 tex:103032 mv:26124 misc:4724 imb:159 pmb:2468 smb:5533 d:t ref:0 ;
in:1301 out:1302 type:b dur:2 cpbdur:2 q:32.05 aq:26.56 tex:99762 mv:25000 misc:4694 imb:137 pmb:2421 smb:5602 d:- ref:0 ;
in:1306 out:1303 type:P dur:2 cpbdur:2 q:32.03 aq:22.83 tex:445530 mv:38351 misc:4023 imb:1385 pmb:3500 smb:3275 d:s ref:0 ;
in:1304 out:1304 type:B dur:2 cpbdur:2 q:32.07 aq:25.68 tex:175586 mv:41875 misc:4707 imb:278 pmb:3461 smb:4421 d:t ref:0 ;
in:1303 out:1305 type:b dur:2 cpbdur:2 q:32.07 aq:26.29 tex:101191 mv:26550 misc:4723 imb:172 pmb:2537 smb:5451 d:s ref:0 ;
in:1305 out:1306 type:b dur:2 cpbdur:2 q:32.07 aq:26.55 tex:98402 mv:24575 misc:4551 imb:130 pmb:2462 smb:5568 d:- ref:0 ;
in:1310 out:1307 type:P dur:2 cpbdur:2 q:31.87 aq:22.99 tex:443069 mv:39046 misc:3741 imb:1398 pmb:3501 smb:3261 d:s ref:0 ;
in:1308 out:1308 type:B dur:2 cpbdur:2 q:32.11 aq:25.90 tex:170706 mv:41058 misc:4644 imb:218 pmb:3422 smb:4520 d:t ref:0 ;
in:1307 out:1309 type:b dur:2 cpbdur:2 q:32.11 aq:26.52 tex:90589 mv:25509 misc:4662 imb:132 pmb:2472 smb:5556 d:s ref:0 ;
in:1309 out:1310 type:b dur:2 cpbdur:2 q:32.11 aq:26.13 tex:94330 mv:25214 misc:4584 imb:155 pmb:2448 smb:5557 d:- ref:0 ;
in:1314 out:1311 type:P dur:2 cpbdur:2 q:31.81 aq:22.81 tex:462120 mv:39134 misc:3818 imb:1318 pmb:3529 smb:3313 d:s ref:0 ;
in:1312 out:1312 type:B dur:2 cpbdur:2 q:32.12 aq:25.99 tex:167634 mv:41436 misc:4562 imb:223 pmb:3399 smb:4538 d:t ref:0 ;
in:1311 out:1313 type:b dur:2 cpbdur:2 q:32.12 aq:26.18 tex:96050 mv:25941 misc:4649 imb:143 pmb:2455 smb:5562 d:s ref:0 ;
in:1313 out:1314 type:b dur:2 cpbdur:2 q:32.12 aq:26.67 tex:89832 mv:25423 misc:4649 imb:142 pmb:2540 smb:5478 d:- ref:0 ;
in:1318 out:1315 type:P dur:2 cpbdur:2 q:31.71 aq:22.71 tex:459062 mv:38843 misc:3831 imb:1417 pmb:3453 smb:3290 d:s ref:0 ;
in:1316 out:1316 type:B dur:2 cpbdur:2 q:32.13 aq:26.01 tex:175330 mv:41042 misc:4644 imb:196 pmb:3419 smb:4545 d:t ref:0 ;
in:1315 out:1317 type:b dur:2 cpbdur:2 q:32.13 aq:26.75 tex:98040 mv:24734 misc:4634 imb:166 pmb:2433 smb:5561 d:t ref:0 ;
in:1317 out:1318 type:b dur:2 cpbdur:2 q:32.13 aq:26.90 tex:93114 mv:24633 misc:4701 imb:129 pmb:2444 smb:5587 d:- ref:0 ;
in:1322 out:1319 type:P dur:2 cpbdur:2 q:31.61 aq:22.47 tex:459891 mv:41057 misc:2572 imb:2046 pmb:3445 smb:2669 d:t ref:0 ;
in:1320 out:1320 type:B dur:2 cpbdur:2 q:32.19 aq:25.73 tex:173028 mv:32312 misc:4772 imb:288 pmb:3344 smb:4528 d:t ref:0 ;
in:1319 out:1321 type:b dur:2 cpbdur:2 q:32.19 aq:27.08 tex:91537 mv:19621 misc:4922 imb:195 pmb:2255 smb:5710 d:s ref:0 ;
in:1321 out:1322 type:b dur:2 cpbdur:2 q:32.19 aq:27.46 tex:95477 mv:25047 misc:4580 imb:121 pmb:2466 smb:5573 d:- ref:0 ;
in:1324 out:1323 type:P dur:2 cpbdur:2 q:31.92 aq:23.21 tex:394945 mv:33167 misc:3096 imb:1069 pmb:3546 smb:3545 d:t ref:0 ;
in:1323 out:1324 type:b dur:2 cpbdur:2 q:31.97 aq:27.14 tex:91532 mv:16503 misc:4509 imb:174 pmb:2017 smb:5969 d:t ref:0 ;
in:1328 out:1325 type:P dur:2 cpbdur:2 q:31.80 aq:23.01 tex:452987 mv:40363 misc:3634 imb:1393 pmb:3540 smb:3227 d:t ref:0 ;
in:1326 out:1326 type:B dur:2 cpbdur:2 q:32.24 aq:25.81 tex:165021 mv:31675 misc:5152 imb:285 pmb:3337 smb:4538 d:t ref:0 ;
in:1325 out:1327 type:b dur:2 cpbdur:2 q:32.24 aq:27.23 tex:87559 mv:18729 misc:5088 imb:167 pmb:2226 smb:5767 d:s ref:0 ;
in:1327 out:1328 type:b dur:2 cpbdur:2 q:32.24 aq:27.24 tex:92484 mv:24539 misc:4617 imb:129 pmb:2483 smb:5548 d:- ref:0 ;
in:1332 out:1329 type:P dur:2 cpbdur:2 q:31.71 aq:23.09 tex:471994 mv:42096 misc:3382 imb:1602 pmb:3577 smb:2981 d:t ref:0 ;
in:1330 out:1330 type:B dur:2 cpbdur:2 q:32.28 aq:26.25 tex:171587 mv:32239 misc:4878 imb:222 pmb:3461 smb:4477 d:t ref:0 ;
in:1329 out:1331 type:b dur:2 cpbdur:2 q:32.28 aq:26.97 tex:87075 mv:19873 misc:5204 imb:165 pmb:2405 smb:5590 d:s ref:0 ;
in:1331 out:1332 type:b dur:2 cpbdur:2 q:32.28 aq:26.96 tex:89813 mv:26116 misc:4759 imb:131 pmb:2583 smb:5446 d:- ref:0 ;
in:1336 out:1333 type:P dur:2 cpbdur:2 q:31.63 aq:23.14 tex:484639 mv:41612 misc:3325 imb:1431 pmb:3587 smb:3142 d:t ref:0 ;
in:1334 out:1334 type:B dur:2 cpbdur:2 q:32.32 aq:26.13 tex:164571 mv:32821 misc:4832 imb:211 pmb:3439 smb:4510 d:t ref:0 ;
in:1333 out:1335 type:b dur:2 cpbdur:2 q:32.32 aq:26.97 tex:83592 mv:19454 misc:5186 imb:141 pmb:2402 smb:5617 d:s ref:0 ;
in:1335 out:1336 type:b dur:2 cpbdur:2 q:32.32 aq:27.11 tex:90706 mv:26386 misc:4756 imb:147 pmb:2607 smb:5406 d:- ref:0 ;
in:1338 out:1337 type:P dur:2 cpbdur:2 q:32.30 aq:23.74 tex:389760 mv:31906 misc:3222 imb:931 pmb:3647 smb:3582 d:t ref:0 ;
in:1337 out:1338 type:b dur:2 cpbdur:2 q:32.34 aq:27.40 tex:89809 mv:14965 misc:4546 imb:146 pmb:1918 smb:6096 d:t ref:0 ;
in:1342 out:1339 type:P dur:2 cpbdur:2 q:31.96 aq:23.82 tex:469361 mv:41887 misc:3176 imb:1433 pmb:3644 smb:3083 d:s ref:0 ;
in:1340 out:1340 type:B dur:2 cpbdur:2 q:32.33 aq:26.23 tex:179195 mv:32772 misc:4665 imb:234 pmb:3366 smb:4560 d:t ref:0 ;
in:1339 out:1341 type:b dur:2 cpbdur:2 q:32.33 aq:27.50 tex:93529 mv:18814 misc:4953 imb:142 pmb:2232 smb:5786 d:s ref:0 ;
in:1341 out:1342 type:b dur:2 cpbdur:2 q:32.33 aq:27.63 tex:103740 mv:26875 misc:4673 imb:160 pmb:2630 smb:5370 d:- ref:0 ;
in:1346 out:1343 type:P dur:2 cpbdur:2 q:31.92 aq:23.20 tex:484950 mv:43366 misc:2524 imb:1816 pmb:3645 smb:2699 d:t ref:0 ;
in:1344 out:1344 type:B dur:2 cpbdur:2 q:32.35 aq:26.31 tex:187849 mv:34118 misc:4545 imb:340 pmb:3336 smb:4484 d:t ref:0 ;
in:1343 out:1345 type:b dur:2 cpbdur:2 q:32.35 aq:27.31 tex:98850 mv:20072 misc:4862 imb:147 pmb:2253 smb:5760 d:s ref:0 ;
in:1345 out:1346 type:b dur:2 cpbdur:2 q:32.35 aq:27.57 tex:102417 mv:26815 misc:4608 imb:182 pmb:2558 smb:5420 d:- ref:0 ;
in:1350 out:1347 type:P dur:2 cpbdur:2 q:31.94 aq:24.08 tex:453461 mv:42050 misc:3137 imb:1435 pmb:3606 smb:3119 d:s ref:0 ;
in:1348 out:1348 type:B dur:2 cpbdur:2 q:32.35 aq:26.21 tex:195400 mv:45280 misc:4224 imb:299 pmb:3697 smb:4164 d:t ref:0 ;
in:1347 out:1349 type:b dur:2 cpbdur:2 q:32.35 aq:27.44 tex:111912 mv:24301 misc:5003 imb:207 pmb:2730 smb:5223 d:s ref:0 ;
in:1349 out:1350 type:b dur:2 cpbdur:2 q:32.35 aq:27.31 tex:110409 mv:27773 misc:4754 imb:181 pmb:2684 smb:5295 d:- ref:0 ;
in:1354 out:1351 type:P dur:2 cpbdur:2 q:32.35 aq:24.54 tex:551079 mv:46559 misc:3162 imb:2563 pmb:3056 smb:2541 d:s ref:0 ;
in:1352 out:1352 type:B dur:2 cpbdur:2 q:32.37 aq:26.53 tex:225352 mv:53510 misc:4434 imb:376 pmb:4111 smb:3673 d:s ref:0 ;
in:1351 out:1353 type:b dur:2 cpbdur:2 q:32.37 aq:27.87 tex:118966 mv:33974 misc:4948 imb:214 pmb:3036 smb:4910 d:s ref:0 ;
in:1353 out:1354 type:b dur:2 cpbdur:2 q:32.37 aq:27.78 tex:120834 mv:33148 misc:4882 imb:161 pmb:3031 smb:4968 d:- ref:0 ;
in:1358 out:1355 type:P dur:2 cpbdur:2 q:32.43 aq:24.78 tex:533732 mv:47662 misc:3230 imb:2471 pmb:3281 smb:2408 d:s ref:0 ;
in:1356 out:1356 type:B dur:2 cpbdur:2 q:32.45 aq:26.70 tex:237195 mv:53464 misc:4221 imb:404 pmb:4095 smb:3661 d:s ref:0 ;
in:1355 out:1357 type:b dur:2 cpbdur:2 q:32.45 aq:28.05 tex:120213 mv:33014 misc:4973 imb:158 pmb:3126 smb:4876 d:s ref:0 ;
in:1357 out:1358 type:b dur:2 cpbdur:2 q:32.45 aq:28.35 tex:119618 mv:34019 misc:5067 imb:162 pmb:3075 smb:4923 d:- ref:0 ;
in:1361 out:1359 type:P dur:2 cpbdur:2 q:32.51 aq:23.89 tex:480336 mv:45479 misc:2721 imb:2663 pmb:3498 smb:1999 d:s ref:0 ;
in:1359 out:1360 type:B dur:2 cpbdur:2 q:32.50 aq:26.93 tex:184084 mv:44295 misc:4357 imb:345 pmb:3680 smb:4135 d:s ref:0 ;
in:1360 out:1361 type:b dur:2 cpbdur:2 q:32.51 aq:27.87 tex:128615 mv:36190 misc:5139 imb:230 pmb:3214 smb:4716 d:- ref:0 ;
in:1365 out:1362 type:P dur:2 cpbdur:2 q:32.56 aq:24.37 tex:493865 mv:49354 misc:3125 imb:2769 pmb:3364 smb:2027 d:s ref:0 ;
in:1363 out:1363 type:B dur:2 cpbdur:2 q:32.62 aq:26.67 tex:227682 mv:55113 misc:3893 imb:460 pmb:4250 smb:3450 d:s ref:0 ;
in:1362 out:1364 type:b dur:2 cpbdur:2 q:32.62 aq:27.62 tex:111066 mv:36363 misc:5075 imb:235 pmb:3236 smb:4689 d:s ref:0 ;
in:1364 out:1365 type:b dur:2 cpbdur:2 q:32.62 aq:27.84 tex:109293 mv:35554 misc:5057 imb:203 pmb:3128 smb:4829 d:- ref:0 ;
in:1369 out:1366 type:P dur:2 cpbdur:2 q:32.41 aq:24.88 tex:511402 mv:50055 misc:3135 imb:2565 pmb:3534 smb:2061 d:s ref:0 ;
in:1367 out:1367 type:B dur:2 cpbdur:2 q:32.71 aq:26.91 tex:233368 mv:55379 misc:3973 imb:478 pmb:4181 smb:3501 d:s ref:0 ;
in:1366 out:1368 type:b dur:2 cpbdur:2 q:32.71 aq:27.64 tex:106952 mv:36657 misc:5263 imb:273 pmb:3137 smb:4750 d:s ref:0 ;
in:1368 out:1369 type:b dur:2 cpbdur:2 q:32.71 aq:27.86 tex:117888 mv:36073 misc:4903 imb:246 pmb:3104 smb:4810 d:- ref:0 ;
in:1373 out:1370 type:P dur:2 cpbdur:2 q:32.35 aq:24.43 tex:540886 mv:49535 misc:2715 imb:2349 pmb:3347 smb:2464 d:s ref:0 ;
in:1371 out:1371 type:B dur:2 cpbdur:2 q:32.80 aq:26.77 tex:230161 mv:56392 misc:3879 imb:491 pmb:4119 smb:3550 d:s ref:0 ;
in:1370 out:1372 type:b dur:2 cpbdur:2 q:32.80 aq:27.95 tex:124976 mv:36325 misc:5027 imb:264 pmb:3185 smb:4711 d:s ref:0 ;
in:1372 out:1373 type:b dur:2 cpbdur:2 q:32.80 aq:27.81 tex:127678 mv:36581 misc:5021 imb:271 pmb:3171 smb:4718 d:- ref:0 ;
in:1377 out:1374 type:P dur:2 cpbdur:2 q:32.55 aq:24.73 tex:531509 mv:48870 misc:2933 imb:2462 pmb:3301 smb:2397 d:s ref:0 ;
in:1375 out:1375 type:B dur:2 cpbdur:2 q:32.97 aq:26.73 tex:224418 mv:55113 misc:4165 imb:480 pmb:4157 smb:3523 d:s ref:0 ;
in:1374 out:1376 type:b dur:2 cpbdur:2 q:32.97 aq:28.26 tex:123179 mv:36213 misc:5104 imb:316 pmb:3064 smb:4780 d:s ref:0 ;
in:1376 out:1377 type:b dur:2 cpbdur:2 q:32.97 aq:28.08 tex:121706 mv:36430 misc:4912 imb:248 pmb:3027 smb:4885 d:- ref:0 ;
in:1380 out:1378 type:P dur:2 cpbdur:2 q:33.44 aq:25.27 tex:434785 mv:44081 misc:3110 imb:2054 pmb:3388 smb:2718 d:s ref:0 ;
in:1378 out:1379 type:B dur:2 cpbdur:2 q:33.43 aq:27.51 tex:187035 mv:43613 misc:4168 imb:438 pmb:3520 smb:4202 d:s ref:0 ;
in:1379 out:1380 type:b dur:2 cpbdur:2 q:33.44 aq:27.48 tex:127498 mv:35991 misc:5055 imb:288 pmb:3110 smb:4762 d:- ref:0 ;
in:1384 out:1381 type:P dur:2 cpbdur:2 q:33.00 aq:25.10 tex:477546 mv:49486 misc:2784 imb:2977 pmb:3174 smb:2009 d:s ref:0 ;
in:1382 out:1382 type:B dur:2 cpbdur:2 q:33.74 aq:27.65 tex:198767 mv:53950 misc:4195 imb:494 pmb:4058 smb:3608 d:s ref:0 ;
in:1381 out:1383 type:b dur:2 cpbdur:2 q:33.74 aq:28.60 tex:101514 mv:35349 misc:5321 imb:291 pmb:2996 smb:4873 d:s ref:0 ;
in:1383 out:1384 type:b dur:2 cpbdur:2 q:33.73 aq:28.44 tex:110660 mv:35249 misc:5267 imb:270 pmb:2939 smb:4951 d:- ref:0 ;
in:1387 out:1385 type:P dur:2 cpbdur:2 q:32.92 aq:25.33 tex:443461 mv:45799 misc:3236 imb:2097 pmb:3417 smb:2646 d:s ref:0 ;
in:1385 out:1386 type:B dur:2 cpbdur:2 q:33.36 aq:28.26 tex:169430 mv:42615 misc:4643 imb:370 pmb:3482 smb:4308 d:s ref:0 ;
in:1386 out:1387 type:b dur:2 cpbdur:2 q:33.36 aq:28.84 tex:122048 mv:35042 misc:5270 imb:265 pmb:3002 smb:4893 d:- ref:0 ;
in:1391 out:1388 type:P dur:2 cpbdur:2 q:32.98 aq:25.47 tex:500048 mv:50176 misc:3080 imb:2759 pmb:3085 smb:2316 d:s ref:0 ;
in:1389 out:1389 type:B dur:2 cpbdur:2 q:33.55 aq:27.72 tex:211820 mv:53634 misc:4338 imb:461 pmb:4004 smb:3695 d:s ref:0 ;
in:1388 out:1390 type:b dur:2 cpbdur:2 q:33.54 aq:29.21 tex:118620 mv:33905 misc:5227 imb:252 pmb:2986 smb:4922 d:s ref:0 ;
in:1390 out:1391 type:b dur:2 cpbdur:2 q:33.55 aq:28.65 tex:118723 mv:34464 misc:5053 imb:273 pmb:2813 smb:5074 d:- ref:0 ;
in:1395 out:1392 type:P dur:2 cpbdur:2 q:33.07 aq:25.05 tex:512435 mv:51111 misc:2574 imb:2828 pmb:3168 smb:2164 d:s ref:0 ;
in:1393 out:1393 type:B dur:2 cpbdur:2 q:33.80 aq:28.27 tex:209169 mv:54000 misc:4343 imb:490 pmb:4074 smb:3596 d:s ref:0 ;
in:1392 out:1394 type:b dur:2 cpbdur:2 q:33.80 aq:28.54 tex:118299 mv:35148 misc:5057 imb:340 pmb:2821 smb:4999 d:s ref:0 ;
in:1394 out:1395 type:b dur:2 cpbdur:2 q:33.80 aq:28.28 tex:117846 mv:34593 misc:5009 imb:281 pmb:2860 smb:5019 d:- ref:0 ;
in:1399 out:1396 type:P dur:2 cpbdur:2 q:33.56 aq:25.94 tex:446296 mv:47782 misc:3202 imb:2630 pmb:3108 smb:2422 d:s ref:0 ;
in:1397 out:1397 type:B dur:2 cpbdur:2 q:34.25 aq:27.66 tex:187711 mv:51232 misc:4545 imb:497 pmb:3923 smb:3740 d:s ref:0 ;
in:1396 out:1398 type:b dur:2 cpbdur:2 q:34.25 aq:27.70 tex:107458 mv:33261 misc:5249 imb:321 pmb:2719 smb:5120 d:s ref:0 ;
in:1398 out:1399 type:b dur:2 cpbdur:2 q:34.25 aq:28.76 tex:104330 mv:32421 misc:5505 imb:270 pmb:2703 smb:5187 d:- ref:0 ;
in:1400 out:1400 type:P dur:2 cpbdur:2 q:33.38 aq:25.51 tex:339719 mv:32162 misc:3487 imb:1179 pmb:3491 smb:3490 d:s ref:0 ;
in:1404 out:1401 type:P dur:2 cpbdur:2 q:33.67 aq:26.01 tex:466774 mv:46466 misc:3520 imb:2624 pmb:2991 smb:2545 d:s ref:0 ;
in:1402 out:1402 type:B dur:2 cpbdur:2 q:34.38 aq:27.90 tex:179662 mv:50592 misc:4498 imb:556 pmb:3937 smb:3667 d:s ref:0 ;
in:1401 out:1403 type:b dur:2 cpbdur:2 q:34.37 aq:28.10 tex:104235 mv:32060 misc:5313 imb:292 pmb:2946 smb:4922 d:s ref:0 ;
in:1403 out:1404 type:b dur:2 cpbdur:2 q:34.38 aq:28.14 tex:106634 mv:32592 misc:5118 imb:302 pmb:2925 smb:4933 d:- ref:0 ;
in:1408 out:1405 type:P dur:2 cpbdur:2 q:33.73 aq:26.15 tex:475349 mv:46054 misc:3261 imb:2483 pmb:2977 smb:2700 d:s ref:0 ;
in:1406 out:1406 type:B dur:2 cpbdur:2 q:34.35 aq:28.65 tex:201044 mv:50569 misc:4523 imb:523 pmb:3771 smb:3866 d:s ref:0 ;
in:1405 out:1407 type:b dur:2 cpbdur:2 q:34.36 aq:29.31 tex:110624 mv:31946 misc:5158 imb:293 pmb:2721 smb:5146 d:s ref:0 ;
in:1407 out:1408 type:b dur:2 cpbdur:2 q:34.35 aq:29.35 tex:115329 mv:32872 misc:5287 imb:280 pmb:2781 smb:5099 d:- ref:0 ;
in:1412 out:1409 type:P dur:2 cpbdur:2 q:34.06 aq:26.36 tex:465177 mv:45640 misc:3119 imb:2867 pmb:2851 smb:2442 d:s ref:0 ;
in:1410 out:1410 type:B dur:2 cpbdur:2 q:34.28 aq:28.81 tex:205180 mv:49969 misc:4667 imb:551 pmb:3861 smb:3748 d:s ref:0 ;
in:1409 out:1411 type:b dur:2 cpbdur:2 q:34.28 aq:29.04 tex:116713 mv:32419 misc:5164 imb:288 pmb:2779 smb:5093 d:s ref:0 ;
in:1411 out:1412 type:b dur:2 cpbdur:2 q:34.28 aq:29.84 tex:124697 mv:31628 misc:5115 imb:293 pmb:2686 smb:5181 d:- ref:0 ;
in:1416 out:1413 type:P dur:2 cpbdur:2 q:34.09 aq:25.79 tex:449633 mv:44651 misc:3108 imb:3016 pmb:2812 smb:2332 d:s ref:0 ;
in:1414 out:1414 type:B dur:2 cpbdur:2 q:34.19 aq:27.48 tex:218855 mv:53746 misc:3831 imb:825 pmb:4017 smb:3318 d:s ref:0 ;
in:1413 out:1415 type:b dur:2 cpbdur:2 q:34.19 aq:29.59 tex:116584 mv:34728 misc:5304 imb:361 pmb:3019 smb:4780 d:s ref:0 ;
in:1415 out:1416 type:b dur:2 cpbdur:2 q:34.19 aq:28.37 tex:117360 mv:34308 misc:5244 imb:331 pmb:3026 smb:4803 d:- ref:0 ;
in:1420 out:1417 type:P dur:2 cpbdur:2 q:34.44 aq:26.46 tex:452207 mv:45725 misc:3292 imb:2722 pmb:2975 smb:2463 d:s ref:0 ;
in:1418 out:1418 type:B dur:2 cpbdur:2 q:34.59 aq:29.18 tex:193616 mv:50529 misc:4623 imb:531 pmb:3873 smb:3756 d:s ref:0 ;
in:1417 out:1419 type:b dur:2 cpbdur:2 q:34.59 aq:30.04 tex:110751 mv:32922 misc:5343 imb:340 pmb:2870 smb:4950 d:s ref:0 ;
in:1419 out:1420 type:b dur:2 cpbdur:2 q:34.59 aq:29.50 tex:107588 mv:32337 misc:5395 imb:315 pmb:2791 smb:5054 d:- ref:0 ;
in:1424 out:1421 type:P dur:2 cpbdur:2 q:34.66 aq:26.89 tex:432686 mv:44641 misc:2745 imb:2782 pmb:2882 smb:2496 d:s ref:0 ;
in:1422 out:1422 type:B dur:2 cpbdur:2 q:34.76 aq:28.53 tex:210398 mv:51229 misc:4141 imb:665 pmb:3650 smb:3845 d:s ref:0 ;
in:1421 out:1423 type:b dur:2 cpbdur:2 q:34.76 aq:29.80 tex:121153 mv:31552 misc:5247 imb:334 pmb:2686 smb:5140 d:s ref:0 ;
in:1423 out:1424 type:b dur:2 cpbdur:2 q:34.76 aq:29.29 tex:120658 mv:32786 misc:5196 imb:396 pmb:2922 smb:4842 d:- ref:0 ;
in:1428 out:1425 type:P dur:2 cpbdur:2 q:34.91 aq:26.99 tex:423208 mv:44331 misc:2741 imb:2777 pmb:2801 smb:2582 d:s ref:0 ;
in:1426 out:1426 type:B dur:2 cpbdur:2 q:35.16 aq:29.43 tex:197273 mv:48217 misc:4406 imb:486 pmb:3598 smb:4076 d:s ref:0 ;
in:1425 out:1427 type:b dur:2 cpbdur:2 q:35.16 aq:29.72 tex:111361 mv:30891 misc:5172 imb:335 pmb:2547 smb:5278 d:s ref:0 ;
in:1427 out:1428 type:b dur:2 cpbdur:2 q:35.16 aq:29.81 tex:112277 mv:30107 misc:5232 imb:305 pmb:2589 smb:5266 d:- ref:0 ;
in:1432 out:1429 type:P dur:2 cpbdur:2 q:34.96 aq:27.00 tex:439744 mv:45539 misc:2557 imb:2944 pmb:2787 smb:2429 d:s ref:0 ;
in:1430 out:1430 type:B dur:2 cpbdur:2 q:35.21 aq:28.53 tex:213319 mv:49523 misc:4054 imb:593 pmb:3851 smb:3716 d:s ref:0 ;
in:1429 out:1431 type:b dur:2 cpbdur:2 q:35.21 aq:30.17 tex:116685 mv:30557 misc:4798 imb:323 pmb:2685 smb:5152 d:s ref:0 ;
in:1431 out:1432 type:b dur:2 cpbdur:2 q:35.21 aq:29.60 tex:119783 mv:30518 misc:4963 imb:307 pmb:2573 smb:5280 d:- ref:0 ;
in:1436 out:1433 type:P dur:2 cpbdur:2 q:34.91 aq:27.22 tex:417668 mv:44274 misc:2554 imb:3098 pmb:2736 smb:2326 d:s ref:0 ;
in:1434 out:1434 type:B dur:2 cpbdur:2 q:35.50 aq:29.76 tex:177431 mv:48451 misc:4854 imb:702 pmb:3673 smb:3785 d:s ref:0 ;
in:1433 out:1435 type:b dur:2 cpbdur:2 q:35.50 aq:29.90 tex:90868 mv:30002 misc:5306 imb:404 pmb:2536 smb:5220 d:s ref:0 ;
in:1435 out:1436 type:b dur:2 cpbdur:2 q:35.50 aq:30.50 tex:93420 mv:29151 misc:5101 imb:354 pmb:2408 smb:5398 d:- ref:0 ;
in:1440 out:1437 type:P dur:2 cpbdur:2 q:34.86 aq:27.47 tex:435154 mv:44533 misc:3033 imb:2733 pmb:2736 smb:2691 d:s ref:0 ;
in:1438 out:1438 type:B dur:2 cpbdur:2 q:35.61 aq:30.45 tex:164951 mv:47030 misc:4955 imb:540 pmb:3441 smb:4179 d:s ref:0 ;
in:1437 out:1439 type:b dur:2 cpbdur:2 q:35.61 aq:30.28 tex:83442 mv:28244 misc:5146 imb:334 pmb:2316 smb:5510 d:s ref:0 ;
in:1439 out:1440 type:b dur:2 cpbdur:2 q:35.61 aq:30.66 tex:89719 mv:28216 misc:5161 imb:309 pmb:2317 smb:5534 d:- ref:0 ;
in:1444 out:1441 type:P dur:2 cpbdur:2 q:34.93 aq:27.16 tex:460519 mv:45444 misc:2445 imb:3233 pmb:2687 smb:2240 d:s ref:0 ;
in:1442 out:1442 type:B dur:2 cpbdur:2 q:35.62 aq:29.65 tex:186110 mv:48396 misc:4486 imb:679 pmb:3636 smb:3845 d:s ref:0 ;
in:1441 out:1443 type:b dur:2 cpbdur:2 q:35.62 aq:29.87 tex:100459 mv:28981 misc:4824 imb:300 pmb:2509 smb:5351 d:s ref:0 ;
in:1443 out:1444 type:b dur:2 cpbdur:2 q:35.62 aq:29.48 tex:100743 mv:30557 misc:5228 imb:427 pmb:2585 smb:5148 d:- ref:0 ;
in:1448 out:1445 type:P dur:2 cpbdur:2 q:35.21 aq:27.63 tex:465277 mv:44520 misc:2891 imb:3214 pmb:2631 smb:2315 d:s ref:0 ;
in:1446 out:1446 type:B dur:2 cpbdur:2 q:35.47 aq:30.30 tex:216673 mv:49318 misc:4649 imb:649 pmb:3690 smb:3821 d:s ref:0 ;
in:1445 out:1447 type:b dur:2 cpbdur:2 q:35.47 aq:31.33 tex:129732 mv:31931 misc:4761 imb:391 pmb:2649 smb:5120 d:s ref:0 ;
in:1447 out:1448 type:b dur:2 cpbdur:2 q:35.47 aq:31.70 tex:128252 mv:31377 misc:5147 imb:341 pmb:2673 smb:5146 d:- ref:0 ;
in:1452 out:1449 type:P dur:2 cpbdur:2 q:35.10 aq:28.22 tex:466201 mv:44240 misc:3295 imb:2830 pmb:2810 smb:2520 d:s ref:0 ;
in:1450 out:1450 type:B dur:2 cpbdur:2 q:35.46 aq:30.36 tex:217089 mv:50380 misc:4555 imb:618 pmb:3794 smb:3748 d:s ref:0 ;
in:1449 out:1451 type:b dur:2 cpbdur:2 q:35.46 aq:31.11 tex:124214 mv:32471 misc:5131 imb:390 pmb:2727 smb:5043 d:s ref:0 ;
in:1451 out:1452 type:b dur:2 cpbdur:2 q:35.46 aq:30.74 tex:126891 mv:31293 misc:4992 imb:354 pmb:2595 smb:5211 d:- ref:0 ;
in:1456 out:1453 type:P dur:2 cpbdur:2 q:35.03 aq:27.59 tex:473268 mv:44366 misc:2838 imb:2963 pmb:2864 smb:2333 d:s ref:0 ;
in:1454 out:1454 type:B dur:2 cpbdur:2 q:35.51 aq:29.82 tex:204524 mv:49843 misc:4777 imb:708 pmb:3490 smb:3962 d:s ref:0 ;
in:1453 out:1455 type:b dur:2 cpbdur:2 q:35.51 aq:30.52 tex:116274 mv:30608 misc:5070 imb:385 pmb:2519 smb:5256 d:s ref:0 ;
in:1455 out:1456 type:b dur:2 cpbdur:2 q:35.51 aq:31.12 tex:113415 mv:30611 misc:5158 imb:371 pmb:2477 smb:5312 d:- ref:0 ;
in:1460 out:1457 type:P dur:2 cpbdur:2 q:35.12 aq:27.56 tex:457169 mv:44285 misc:2874 imb:3133 pmb:2577 smb:2450 d:s ref:0 ;
in:1458 out:1458 type:B dur:2 cpbdur:2 q:35.74 aq:30.14 tex:184879 mv:47511 misc:4810 imb:672 pmb:3549 smb:3939 d:s ref:0 ;
in:1457 out:1459 type:b dur:2 cpbdur:2 q:35.74 aq:31.18 tex:94089 mv:30620 misc:5099 imb:385 pmb:2457 smb:5318 d:s ref:0 ;
in:1459 out:1460 type:b dur:2 cpbdur:2 q:35.74 aq:30.91 tex:96793 mv:29832 misc:5319 imb:422 pmb:2384 smb:5354 d:- ref:0 ;
in:1464 out:1461 type:P dur:2 cpbdur:2 q:35.35 aq:28.48 tex:456243 mv:43838 misc:3023 imb:3178 pmb:2667 smb:2315 d:s ref:0 ;
in:1462 out:1462 type:B dur:2 cpbdur:2 q:36.15 aq:30.25 tex:156439 mv:45278 misc:5123 imb:606 pmb:3436 smb:4118 d:s ref:0 ;
in:1461 out:1463 type:b dur:2 cpbdur:2 q:36.15 aq:31.88 tex:83486 mv:27941 misc:5189 imb:380 pmb:2205 smb:5575 d:s ref:0 ;
in:1463 out:1464 type:b dur:2 cpbdur:2 q:36.15 aq:31.24 tex:85254 mv:27361 misc:5145 imb:340 pmb:2247 smb:5573 d:- ref:0 ;
in:1466 out:1465 type:P dur:2 cpbdur:2 q:35.36 aq:28.58 tex:385804 mv:37541 misc:2911 imb:2038 pmb:3060 smb:3062 d:s ref:0 ;
in:1465 out:1466 type:b dur:2 cpbdur:2 q:35.58 aq:31.76 tex:129912 mv:31605 misc:4939 imb:452 pmb:2420 smb:5288 d:t ref:0 ;
in:1467 out:1467 type:I dur:2 cpbdur:2 q:30.44 aq:23.26 tex:1285652 mv:140024 misc:636 imb:8160 pmb:0 smb:0 d:s ref:;
in:1471 out:1468 type:P dur:2 cpbdur:2 q:34.61 aq:27.63 tex:631368 mv:39236 misc:2708 imb:2779 pmb:2422 smb:2959 d:s ref:0 ;
in:1469 out:1469 type:B dur:2 cpbdur:2 q:34.89 aq:29.26 tex:302035 mv:51325 misc:3904 imb:698 pmb:3443 smb:4019 d:s ref:0 ;
in:1468 out:1470 type:b dur:2 cpbdur:2 q:34.89 aq:31.39 tex:184569 mv:33914 misc:4677 imb:365 pmb:2787 smb:5008 d:s ref:0 ;
in:1470 out:1471 type:b dur:2 cpbdur:2 q:34.89 aq:31.11 tex:179848 mv:34967 misc:4585 imb:364 pmb:2869 smb:4927 d:- ref:0 ;
in:1475 out:1472 type:P dur:2 cpbdur:2 q:34.48 aq:27.44 tex:600423 mv:41843 misc:2798 imb:3333 pmb:2683 smb:2144 d:s ref:0 ;
in:1473 out:1473 type:B dur:2 cpbdur:2 q:34.95 aq:29.36 tex:307068 mv:50474 misc:4442 imb:767 pmb:3598 smb:3795 d:s ref:0 ;
in:1472 out:1474 type:b dur:2 cpbdur:2 q:34.95 aq:30.45 tex:180695 mv:34688 misc:5009 imb:392 pmb:2943 smb:4825 d:s ref:0 ;
in:1474 out:1475 type:b dur:2 cpbdur:2 q:34.94 aq:30.36 tex:183945 mv:35122 misc:4885 imb:387 pmb:2940 smb:4833 d:- ref:0 ;
in:1479 out:1476 type:P dur:2 cpbdur:2 q:34.68 aq:27.68 tex:541630 mv:40858 misc:3152 imb:3143 pmb:2653 smb:2364 d:s ref:0 ;
in:1477 out:1477 type:B dur:2 cpbdur:2 q:34.72 aq:30.17 tex:305813 mv:50683 misc:4360 imb:730 pmb:3717 smb:3713 d:s ref:0 ;
in:1476 out:1478 type:b dur:2 cpbdur:2 q:34.72 aq:29.99 tex:190628 mv:35905 misc:5243 imb:440 pmb:3049 smb:4671 d:s ref:0 ;
in:1478 out:1479 type:b dur:2 cpbdur:2 q:34.72 aq:30.31 tex:185224 mv:34808 misc:5032 imb:421 pmb:2948 smb:4791 d:- ref:0 ;
in:1483 out:1480 type:P dur:2 cpbdur:2 q:34.73 aq:27.96 tex:534173 mv:41029 misc:3214 imb:2715 pmb:2747 smb:2698 d:s ref:0 ;
in:1481 out:1481 type:B dur:2 cpbdur:2 q:34.75 aq:30.32 tex:301070 mv:49271 misc:4267 imb:678 pmb:3555 smb:3927 d:s ref:0 ;
in:1480 out:1482 type:b dur:2 cpbdur:2 q:34.75 aq:31.02 tex:196183 mv:35358 misc:5083 imb:409 pmb:3039 smb:4712 d:s ref:0 ;
in:1482 out:1483 type:b dur:2 cpbdur:2 q:34.75 aq:30.31 tex:197366 mv:34108 misc:4790 imb:458 pmb:2851 smb:4851 d:- ref:0 ;
in:1487 out:1484 type:P dur:2 cpbdur:2 q:35.96 aq:28.64 tex:471744 mv:39928 misc:2480 imb:2373 pmb:2616 smb:3171 d:s ref:0 ;
in:1485 out:1485 type:B dur:2 cpbdur:2 q:35.95 aq:30.34 tex:261541 mv:47857 misc:3890 imb:703 pmb:3298 smb:4159 d:s ref:0 ;
in:1484 out:1486 type:b dur:2 cpbdur:2 q:35.94 aq:31.41 tex:161038 mv:33275 misc:4751 imb:444 pmb:2667 smb:5049 d:s ref:0 ;
in:1486 out:1487 type:b dur:2 cpbdur:2 q:35.95 aq:31.43 tex:157730 mv:32390 misc:4856 imb:416 pmb:2628 smb:5116 d:- ref:0 ;
in:1491 out:1488 type:P dur:2 cpbdur:2 q:36.57 aq:28.85 tex:437160 mv:40108 misc:2508 imb:2594 pmb:2545 smb:3021 d:s ref:0 ;
in:1489 out:1489 type:B dur:2 cpbdur:2 q:36.57 aq:31.28 tex:232193 mv:45629 misc:4090 imb:679 pmb:3235 smb:4246 d:s ref:0 ;
in:1488 out:1490 type:b dur:2 cpbdur:2 q:36.56 aq:30.78 tex:142174 mv:31558 misc:4828 imb:448 pmb:2528 smb:5184 d:s ref:0 ;
in:1490 out:1491 type:b dur:2 cpbdur:2 q:36.57 aq:30.81 tex:136165 mv:31737 misc:4890 imb:438 pmb:2550 smb:5172 d:- ref:0 ;
in:1495 out:1492 type:P dur:2 cpbdur:2 q:36.81 aq:28.88 tex:401071 mv:39313 misc:2536 imb:2715 pmb:2445 smb:3000 d:s ref:0 ;
in:1493 out:1493 type:B dur:2 cpbdur:2 q:36.84 aq:30.74 tex:201960 mv:47175 misc:4169 imb:774 pmb:3586 smb:3800 d:t ref:0 ;
in:1492 out:1494 type:b dur:2 cpbdur:2 q:36.84 aq:32.18 tex:118688 mv:30177 misc:5079 imb:442 pmb:2533 smb:5185 d:s ref:0 ;
in:1494 out:1495 type:b dur:2 cpbdur:2 q:36.84 aq:31.60 tex:124499 mv:29390 misc:4999 imb:442 pmb:2503 smb:5215 d:- ref:0 ;
in:1499 out:1496 type:P dur:2 cpbdur:2 q:36.82 aq:28.71 tex:407901 mv:39082 misc:2241 imb:2799 pmb:2385 smb:2976 d:s ref:0 ;
in:1497 out:1497 type:B dur:2 cpbdur:2 q:36.82 aq:31.18 tex:202226 mv:45206 misc:4176 imb:763 pmb:3113 smb:4284 d:s ref:0 ;
in:1496 out:1498 type:b dur:2 cpbdur:2 q:36.82 aq:31.02 tex:118538 mv:29520 misc:4886 imb:451 pmb:2377 smb:5332 d:s ref:0 ;
in:1498 out:1499 type:b dur:2 cpbdur:2 q:36.82 aq:32.16 tex:127258 mv:29309 misc:4977 imb:432 pmb:2373 smb:5355 d:- ref:0 ;
in:1503 out:1500 type:P dur:2 cpbdur:2 q:36.97 aq:28.81 tex:397860 mv:40215 misc:2477 imb:3171 pmb:2428 smb:2561 d:s ref:0 ;
in:1501 out:1501 type:B dur:2 cpbdur:2 q:37.00 aq:30.34 tex:200824 mv:44631 misc:4321 imb:721 pmb:3295 smb:4144 d:s ref:0 ;
in:1500 out:1502 type:b dur:2 cpbdur:2 q:37.00 aq:31.54 tex:116829 mv:30292 misc:4751 imb:487 pmb:2439 smb:5234 d:s ref:0 ;
in:1502 out:1503 type:b dur:2 cpbdur:2 q:37.00 aq:31.31 tex:118327 mv:29023 misc:4986 imb:440 pmb:2369 smb:5351 d:- ref:0 ;
in:1507 out:1504 type:P dur:2 cpbdur:2 q:37.11 aq:29.45 tex:367146 mv:39728 misc:3382 imb:3230 pmb:2490 smb:2440 d:s ref:0 ;
in:1505 out:1505 type:B dur:2 cpbdur:2 q:37.19 aq:31.67 tex:183009 mv:41922 misc:4589 imb:623 pmb:3053 smb:4484 d:s ref:0 ;
in:1504 out:1506 type:b dur:2 cpbdur:2 q:37.19 aq:32.42 tex:104233 mv:28095 misc:5192 imb:459 pmb:2168 smb:5533 d:s ref:0 ;
in:1506 out:1507 type:b dur:2 cpbdur:2 q:37.19 aq:31.85 tex:108303 mv:27622 misc:5195 imb:442 pmb:2211 smb:5507 d:- ref:0 ;
in:1511 out:1508 type:P dur:2 cpbdur:2 q:36.82 aq:29.02 tex:368337 mv:39682 misc:2949 imb:2980 pmb:2342 smb:2838 d:s ref:0 ;
in:1509 out:1509 type:B dur:2 cpbdur:2 q:37.15 aq:30.11 tex:188423 mv:43837 misc:4092 imb:863 pmb:3125 smb:4172 d:t ref:0 ;
in:1508 out:1510 type:b dur:2 cpbdur:2 q:37.15 aq:31.49 tex:115142 mv:29622 misc:4932 imb:501 pmb:2362 smb:5297 d:s ref:0 ;
in:1510 out:1511 type:b dur:2 cpbdur:2 q:37.15 aq:30.84 tex:108816 mv:28422 misc:4850 imb:496 pmb:2345 smb:5319 d:- ref:0 ;
in:1515 out:1512 type:P dur:2 cpbdur:2 q:36.72 aq:28.90 tex:376122 mv:40083 misc:2955 imb:3129 pmb:2456 smb:2575 d:s ref:0 ;
in:1513 out:1513 type:B dur:2 cpbdur:2 q:37.14 aq:31.28 tex:170956 mv:39995 misc:4881 imb:697 pmb:2825 smb:4638 d:s ref:0 ;
in:1512 out:1514 type:b dur:2 cpbdur:2 q:37.14 aq:32.37 tex:102736 mv:27825 misc:5055 imb:456 pmb:2130 smb:5574 d:s ref:0 ;
in:1514 out:1515 type:b dur:2 cpbdur:2 q:37.14 aq:33.12 tex:102581 mv:26054 misc:4885 imb:417 pmb:2037 smb:5706 d:- ref:0 ;
in:1519 out:1516 type:P dur:2 cpbdur:2 q:36.72 aq:29.55 tex:366784 mv:40286 misc:3426 imb:3245 pmb:2367 smb:2548 d:s ref:0 ;
in:1517 out:1517 type:B dur:2 cpbdur:2 q:37.33 aq:31.94 tex:149112 mv:38760 misc:5032 imb:666 pmb:2695 smb:4799 d:s ref:0 ;
in:1516 out:1518 type:b dur:2 cpbdur:2 q:37.33 aq:32.80 tex:86136 mv:25454 misc:5170 imb:459 pmb:1882 smb:5819 d:s ref:0 ;
in:1518 out:1519 type:b dur:2 cpbdur:2 q:37.33 aq:32.95 tex:92691 mv:25305 misc:5092 imb:466 pmb:1936 smb:5758 d:- ref:0 ;
in:1523 out:1520 type:P dur:2 cpbdur:2 q:36.45 aq:28.64 tex:398763 mv:40303 misc:3078 imb:3031 pmb:2338 smb:2791 d:s ref:0 ;
in:1521 out:1521 type:B dur:2 cpbdur:2 q:37.20 aq:32.13 tex:159568 mv:39488 misc:5088 imb:660 pmb:2801 smb:4699 d:s ref:0 ;
in:1520 out:1522 type:b dur:2 cpbdur:2 q:37.40 aq:32.39 tex:89029 mv:24738 misc:5201 imb:466 pmb:1874 smb:5820 d:s ref:0 ;
in:1522 out:1523 type:b dur:2 cpbdur:2 q:37.30 aq:33.88 tex:91538 mv:25528 misc:4902 imb:407 pmb:1883 smb:5870 d:- ref:0 ;
in:1527 out:1524 type:P dur:2 cpbdur:2 q:36.27 aq:28.76 tex:403625 mv:40921 misc:3358 imb:2998 pmb:2494 smb:2668 d:s ref:0 ;
in:1525 out:1525 type:B dur:2 cpbdur:2 q:37.22 aq:31.49 tex:156449 mv:39173 misc:5338 imb:691 pmb:2736 smb:4733 d:s ref:0 ;
in:1524 out:1526 type:b dur:2 cpbdur:2 q:37.22 aq:32.01 tex:90758 mv:25509 misc:5125 imb:466 pmb:1908 smb:5786 d:s ref:0 ;
in:1526 out:1527 type:b dur:2 cpbdur:2 q:37.22 aq:33.52 tex:95403 mv:24557 misc:5040 imb:443 pmb:1869 smb:5848 d:- ref:0 ;
in:1531 out:1528 type:P dur:2 cpbdur:2 q:36.02 aq:28.13 tex:415548 mv:41569 misc:3027 imb:3386 pmb:2492 smb:2282 d:s ref:0 ;
in:1529 out:1529 type:B dur:2 cpbdur:2 q:37.01 aq:31.14 tex:173118 mv:41560 misc:5218 imb:790 pmb:2868 smb:4502 d:t ref:0 ;
in:1528 out:1530 type:b dur:2 cpbdur:2 q:37.01 aq:32.76 tex:104018 mv:26942 misc:5224 imb:478 pmb:2059 smb:5623 d:s ref:0 ;
in:1530 out:1531 type:b dur:2 cpbdur:2 q:37.01 aq:33.43 tex:108451 mv:25645 misc:5056 imb:422 pmb:2050 smb:5688 d:- ref:0 ;
in:1535 out:1532 type:P dur:2 cpbdur:2 q:35.72 aq:28.14 tex:448927 mv:41401 misc:3152 imb:3039 pmb:2663 smb:2458 d:s ref:0 ;
in:1533 out:1533 type:B dur:2 cpbdur:2 q:36.29 aq:30.90 tex:226365 mv:44171 misc:4968 imb:724 pmb:3290 smb:4146 d:s ref:0 ;
in:1532 out:1534 type:b dur:2 cpbdur:2 q:36.29 aq:32.50 tex:139392 mv:29624 misc:5144 imb:500 pmb:2356 smb:5304 d:s ref:0 ;
in:1534 out:1535 type:b dur:2 cpbdur:2 q:36.29 aq:32.02 tex:145910 mv:29105 misc:4953 imb:455 pmb:2390 smb:5315 d:- ref:0 ;
in:1539 out:1536 type:P dur:2 cpbdur:2 q:35.98 aq:28.07 tex:425576 mv:41665 misc:2959 imb:3115 pmb:2554 smb:2491 d:s ref:0 ;
in:1537 out:1537 type:B dur:2 cpbdur:2 q:35.98 aq:30.49 tex:235363 mv:44478 misc:4783 imb:823 pmb:3013 smb:4324 d:s ref:0 ;
in:1536 out:1538 type:b dur:2 cpbdur:2 q:35.98 aq:31.26 tex:157868 mv:29633 misc:4891 imb:512 pmb:2346 smb:5302 d:s ref:0 ;
in:1538 out:1539 type:b dur:2 cpbdur:2 q:35.98 aq:31.14 tex:158179 mv:29775 misc:4998 imb:544 pmb:2365 smb:5251 d:- ref:0 ;
in:1543 out:1540 type:P dur:2 cpbdur:2 q:36.01 aq:27.91 tex:421431 mv:40209 misc:3032 imb:3335 pmb:2488 smb:2337 d:s ref:0 ;
in:1541 out:1541 type:B dur:2 cpbdur:2 q:36.06 aq:30.24 tex:229575 mv:44128 misc:5209 imb:828 pmb:3299 smb:4033 d:s ref:0 ;
in:1540 out:1542 type:b dur:2 cpbdur:2 q:36.06 aq:31.53 tex:156468 mv:29807 misc:5005 imb:543 pmb:2434 smb:5183 d:s ref:0 ;
in:1542 out:1543 type:b dur:2 cpbdur:2 q:36.06 aq:32.44 tex:157347 mv:28642 misc:4875 imb:503 pmb:2397 smb:5260 d:- ref:0 ;
in:1547 out:1544 type:P dur:2 cpbdur:2 q:36.04 aq:28.01 tex:411649 mv:39737 misc:3174 imb:3159 pmb:2622 smb:2379 d:s ref:0 ;
in:1545 out:1545 type:B dur:2 cpbdur:2 q:36.11 aq:30.64 tex:229955 mv:43076 misc:5033 imb:779 pmb:3169 smb:4212 d:s ref:0 ;
in:1544 out:1546 type:b dur:2 cpbdur:2 q:36.11 aq:32.55 tex:152056 mv:29522 misc:5038 imb:526 pmb:2371 smb:5263 d:s ref:0 ;
in:1546 out:1547 type:b dur:2 cpbdur:2 q:36.11 aq:31.80 tex:148508 mv:28323 misc:5009 imb:491 pmb:2298 smb:5371 d:- ref:0 ;
in:1551 out:1548 type:P dur:2 cpbdur:2 q:36.31 aq:27.97 tex:411657 mv:39389 misc:2650 imb:3010 pmb:2417 smb:2733 d:s ref:0 ;
in:1549 out:1549 type:B dur:2 cpbdur:2 q:36.37 aq:29.19 tex:226705 mv:43057 misc:4334 imb:777 pmb:3373 smb:4010 d:t ref:0 ;
in:1548 out:1550 type:b dur:2 cpbdur:2 q:36.37 aq:31.62 tex:156025 mv:28802 misc:4749 imb:517 pmb:2407 smb:5236 d:s ref:0 ;
in:1550 out:1551 type:b dur:2 cpbdur:2 q:36.37 aq:31.37 tex:158244 mv:28180 misc:4936 imb:456 pmb:2547 smb:5157 d:- ref:0 ;
in:1555 out:1552 type:P dur:2 cpbdur:2 q:36.66 aq:28.21 tex:379431 mv:38847 misc:3442 imb:3223 pmb:2340 smb:2597 d:s ref:0 ;
in:1553 out:1553 type:B dur:2 cpbdur:2 q:36.79 aq:30.58 tex:198655 mv:40623 misc:4786 imb:630 pmb:3067 smb:4463 d:t ref:0 ;
in:1552 out:1554 type:b dur:2 cpbdur:2 q:36.79 aq:31.48 tex:137668 mv:27313 misc:5059 imb:493 pmb:2246 smb:5421 d:s ref:0 ;
in:1554 out:1555 type:b dur:2 cpbdur:2 q:36.80 aq:32.17 tex:137241 mv:27467 misc:4820 imb:475 pmb:2241 smb:5444 d:- ref:0 ;
in:1559 out:1556 type:P dur:2 cpbdur:2 q:36.76 aq:28.42 tex:381286 mv:39500 misc:3078 imb:3261 pmb:2483 smb:2416 d:s ref:0 ;
in:1557 out:1557 type:B dur:2 cpbdur:2 q:36.89 aq:30.68 tex:195176 mv:41168 misc:4800 imb:722 pmb:3308 smb:4130 d:s ref:0 ;
in:1556 out:1558 type:b dur:2 cpbdur:2 q:36.89 aq:32.93 tex:130097 mv:26736 misc:5039 imb:455 pmb:2173 smb:5532 d:s ref:0 ;
in:1558 out:1559 type:b dur:2 cpbdur:2 q:36.89 aq:33.24 tex:130129 mv:26943 misc:4816 imb:431 pmb:2175 smb:5554 d:- ref:0 ;
in:1563 out:1560 type:P dur:2 cpbdur:2 q:36.80 aq:27.77 tex:380851 mv:38012 misc:2737 imb:3286 pmb:2269 smb:2605 d:s ref:0 ;
in:1561 out:1561 type:B dur:2 cpbdur:2 q:36.98 aq:30.84 tex:191976 mv:40335 misc:4713 imb:755 pmb:3001 smb:4404 d:s ref:0 ;
in:1560 out:1562 type:b dur:2 cpbdur:2 q:36.98 aq:33.08 tex:124365 mv:26457 misc:4866 imb:427 pmb:2079 smb:5654 d:s ref:0 ;
in:1562 out:1563 type:b dur:2 cpbdur:2 q:36.98 aq:32.86 tex:135234 mv:26198 misc:4824 imb:471 pmb:2139 smb:5550 d:- ref:0 ;
in:1567 out:1564 type:P dur:2 cpbdur:2 q:36.84 aq:27.99 tex:387076 mv:37708 misc:2760 imb:3279 pmb:2332 smb:2549 d:s ref:0 ;
in:1565 out:1565 type:B dur:2 cpbdur:2 q:37.05 aq:30.10 tex:194122 mv:40075 misc:4659 imb:670 pmb:3065 smb:4425 d:t ref:0 ;
in:1564 out:1566 type:b dur:2 cpbdur:2 q:37.05 aq:33.02 tex:129368 mv:27017 misc:4991 imb:453 pmb:2161 smb:5546 d:s ref:0 ;
in:1566 out:1567 type:b dur:2 cpbdur:2 q:37.05 aq:32.50 tex:136933 mv:26701 misc:4814 imb:436 pmb:2175 smb:5549 d:- ref:0 ;
in:1571 out:1568 type:P dur:2 cpbdur:2 q:36.89 aq:28.52 tex:373895 mv:36911 misc:3618 imb:3326 pmb:2270 smb:2564 d:s ref:0 ;
in:1569 out:1569 type:B dur:2 cpbdur:2 q:37.21 aq:30.54 tex:184764 mv:39286 misc:5174 imb:827 pmb:2916 smb:4417 d:t ref:0 ;
in:1568 out:1570 type:b dur:2 cpbdur:2 q:37.21 aq:33.38 tex:123537 mv:25208 misc:5079 imb:488 pmb:2102 smb:5570 d:s ref:0 ;
in:1570 out:1571 type:b dur:2 cpbdur:2 q:37.21 aq:33.07 tex:119843 mv:24378 misc:5027 imb:441 pmb:2050 smb:5669 d:- ref:0 ;
in:1575 out:1572 type:P dur:2 cpbdur:2 q:36.75 aq:28.96 tex:353519 mv:34249 misc:3752 imb:2651 pmb:2124 smb:3385 d:s ref:0 ;
in:1573 out:1573 type:B dur:2 cpbdur:2 q:37.34 aq:32.79 tex:170788 mv:36801 misc:4595 imb:676 pmb:2540 smb:4944 d:s ref:0 ;
in:1572 out:1574 type:b dur:2 cpbdur:2 q:37.34 aq:34.23 tex:113136 mv:25690 misc:4926 imb:496 pmb:1917 smb:5747 d:s ref:0 ;
in:1574 out:1575 type:b dur:2 cpbdur:2 q:37.34 aq:32.68 tex:118744 mv:24369 misc:4927 imb:475 pmb:1956 smb:5729 d:- ref:0 ;
in:1579 out:1576 type:P dur:2 cpbdur:2 q:36.77 aq:28.93 tex:376965 mv:34769 misc:3322 imb:3663 pmb:1912 smb:2585 d:s ref:0 ;
in:1577 out:1577 type:B dur:2 cpbdur:2 q:37.50 aq:31.61 tex:162563 mv:36979 misc:5210 imb:891 pmb:2469 smb:4800 d:s ref:0 ;
in:1576 out:1578 type:b dur:2 cpbdur:2 q:37.50 aq:33.43 tex:113221 mv:23874 misc:5129 imb:537 pmb:1849 smb:5774 d:s ref:0 ;
in:1578 out:1579 type:b dur:2 cpbdur:2 q:37.50 aq:33.38 tex:110402 mv:24751 misc:5039 imb:504 pmb:2002 smb:5654 d:- ref:0 ;
in:1583 out:1580 type:P dur:2 cpbdur:2 q:36.63 aq:28.19 tex:395149 mv:35579 misc:3024 imb:3682 pmb:1990 smb:2488 d:s ref:0 ;
in:1581 out:1581 type:B dur:2 cpbdur:2 q:37.46 aq:32.47 tex:177725 mv:35964 misc:4703 imb:739 pmb:2466 smb:4955 d:s ref:0 ;
in:1580 out:1582 type:b dur:2 cpbdur:2 q:37.46 aq:34.04 tex:117346 mv:24856 misc:4942 imb:503 pmb:1900 smb:5757 d:s ref:0 ;
in:1582 out:1583 type:b dur:2 cpbdur:2 q:37.46 aq:34.39 tex:122279 mv:24316 misc:5021 imb:521 pmb:1955 smb:5684 d:- ref:0 ;
in:1587 out:1584 type:P dur:2 cpbdur:2 q:36.65 aq:28.61 tex:411373 mv:34991 misc:3444 imb:3271 pmb:2031 smb:2858 d:s ref:0 ;
in:1585 out:1585 type:B dur:2 cpbdur:2 q:37.26 aq:31.72 tex:197008 mv:38731 misc:5069 imb:848 pmb:2757 smb:4555 d:s ref:0 ;
in:1584 out:1586 type:b dur:2 cpbdur:2 q:37.26 aq:34.12 tex:144780 mv:26760 misc:5284 imb:678 pmb:2096 smb:5386 d:s ref:0 ;
in:1586 out:1587 type:b dur:2 cpbdur:2 q:37.26 aq:33.03 tex:140887 mv:26059 misc:4950 imb:572 pmb:2092 smb:5496 d:- ref:0 ;
in:1591 out:1588 type:P dur:2 cpbdur:2 q:36.79 aq:28.80 tex:408704 mv:37523 misc:2973 imb:4106 pmb:1991 smb:2063 d:s ref:0 ;
in:1589 out:1589 type:B dur:2 cpbdur:2 q:37.25 aq:31.62 tex:216383 mv:39041 misc:4712 imb:861 pmb:2751 smb:4548 d:s ref:0 ;
in:1588 out:1590 type:b dur:2 cpbdur:2 q:37.25 aq:33.19 tex:147200 mv:27114 misc:4934 imb:573 pmb:2004 smb:5583 d:s ref:0 ;
in:1590 out:1591 type:b dur:2 cpbdur:2 q:37.25 aq:33.86 tex:157152 mv:27010 misc:4774 imb:558 pmb:2081 smb:5521 d:- ref:0 ;
in:1595 out:1592 type:P dur:2 cpbdur:2 q:36.83 aq:28.68 tex:419845 mv:37628 misc:2743 imb:4415 pmb:1835 smb:1910 d:s ref:0 ;
in:1593 out:1593 type:B dur:2 cpbdur:2 q:37.09 aq:32.05 tex:228013 mv:40497 misc:4706 imb:846 pmb:2849 smb:4465 d:s ref:0 ;
in:1592 out:1594 type:b dur:2 cpbdur:2 q:37.09 aq:33.51 tex:150062 mv:27711 misc:4891 imb:627 pmb:2033 smb:5500 d:s ref:0 ;
in:1594 out:1595 type:b dur:2 cpbdur:2 q:37.09 aq:33.18 tex:163048 mv:27368 misc:4672 imb:544 pmb:2124 smb:5492 d:- ref:0 ;
in:1599 out:1596 type:P dur:2 cpbdur:2 q:36.79 aq:28.82 tex:426971 mv:37152 misc:2677 imb:3936 pmb:1821 smb:2403 d:s ref:0 ;
in:1597 out:1597 type:B dur:2 cpbdur:2 q:37.17 aq:31.04 tex:238038 mv:42964 misc:4398 imb:1164 pmb:2943 smb:4053 d:s ref:0 ;
in:1596 out:1598 type:b dur:2 cpbdur:2 q:37.17 aq:33.63 tex:154703 mv:28330 misc:5119 imb:619 pmb:2160 smb:5381 d:s ref:0 ;
in:1598 out:1599 type:b dur:2 cpbdur:2 q:37.17 aq:33.74 tex:165022 mv:29002 misc:4920 imb:589 pmb:2300 smb:5271 d:- ref:0 ;
in:1603 out:1600 type:P dur:2 cpbdur:2 q:36.77 aq:28.41 tex:420386 mv:37394 misc:2340 imb:4110 pmb:2010 smb:2040 d:s ref:0 ;
in:1601 out:1601 type:B dur:2 cpbdur:2 q:37.24 aq:30.51 tex:239722 mv:40260 misc:4498 imb:934 pmb:3002 smb:4224 d:s ref:0 ;
in:1600 out:1602 type:b dur:2 cpbdur:2 q:37.24 aq:33.60 tex:160525 mv:29437 misc:5054 imb:650 pmb:2207 smb:5303 d:s ref:0 ;
in:1602 out:1603 type:b dur:2 cpbdur:2 q:37.24 aq:34.27 tex:158671 mv:27983 misc:4930 imb:576 pmb:2252 smb:5332 d:- ref:0 ;
in:1607 out:1604 type:P dur:2 cpbdur:2 q:37.09 aq:28.80 tex:417805 mv:36588 misc:2991 imb:4219 pmb:1761 smb:2180 d:s ref:0 ;
in:1605 out:1605 type:B dur:2 cpbdur:2 q:37.47 aq:30.67 tex:239233 mv:41606 misc:4369 imb:1041 pmb:3554 smb:3565 d:s ref:0 ;
in:1604 out:1606 type:b dur:2 cpbdur:2 q:37.47 aq:33.99 tex:162531 mv:29286 misc:4647 imb:581 pmb:2183 smb:5396 d:s ref:0 ;
in:1606 out:1607 type:b dur:2 cpbdur:2 q:37.47 aq:34.16 tex:166163 mv:27991 misc:4918 imb:642 pmb:2154 smb:5364 d:- ref:0 ;
in:1611 out:1608 type:P dur:2 cpbdur:2 q:37.31 aq:29.08 tex:401993 mv:34002 misc:2973 imb:3864 pmb:1866 smb:2430 d:s ref:0 w:7,127,0 ;
in:1609 out:1609 type:B dur:2 cpbdur:2 q:37.66 aq:31.57 tex:230694 mv:40816 misc:4570 imb:933 pmb:3345 smb:3882 d:s ref:0 ;
in:1608 out:1610 type:b dur:2 cpbdur:2 q:37.66 aq:34.07 tex:155383 mv:27960 misc:4905 imb:635 pmb:2110 smb:5415 d:s ref:0 ;
in:1610 out:1611 type:b dur:2 cpbdur:2 q:37.66 aq:33.97 tex:164694 mv:29170 misc:4904 imb:603 pmb:2203 smb:5354 d:- ref:0 ;
in:1615 out:1612 type:P dur:2 cpbdur:2 q:37.41 aq:30.09 tex:389316 mv:33530 misc:2970 imb:3495 pmb:1803 smb:2862 d:s ref:0 w:0,1,-1 ;
in:1613 out:1613 type:B dur:2 cpbdur:2 q:37.73 aq:32.12 tex:230303 mv:40442 misc:4375 imb:972 pmb:2890 smb:4298 d:s ref:0 ;
in:1612 out:1614 type:b dur:2 cpbdur:2 q:37.73 aq:34.23 tex:155364 mv:28248 misc:4748 imb:659 pmb:1995 smb:5506 d:s ref:0 ;
in:1614 out:1615 type:b dur:2 cpbdur:2 q:37.73 aq:33.72 tex:159131 mv:27642 misc:4755 imb:605 pmb:2147 smb:5408 d:- ref:0 ;
in:1619 out:1616 type:P dur:2 cpbdur:2 q:37.61 aq:30.74 tex:379938 mv:31035 misc:3443 imb:3426 pmb:1556 smb:3178 d:s ref:0 w:7,127,0 ;
in:1617 out:1617 type:B dur:2 cpbdur:2 q:37.90 aq:32.19 tex:231720 mv:38877 misc:4611 imb:1117 pmb:2531 smb:4512 d:t ref:0 ;
in:1616 out:1618 type:b dur:2 cpbdur:2 q:37.90 aq:34.30 tex:155239 mv:27742 misc:4755 imb:634 pmb:2112 smb:5414 d:s ref:0 ;
in:1618 out:1619 type:b dur:2 cpbdur:2 q:37.90 aq:34.44 tex:167044 mv:28369 misc:4475 imb:628 pmb:2037 smb:5495 d:- ref:0 ;
in:1620 out:1620 type:P dur:2 cpbdur:2 q:37.73 aq:31.73 tex:299320 mv:24176 misc:3752 imb:1755 pmb:1997 smb:4408 d:s ref:0 ;
in:1621 out:1621 type:P dur:2 cpbdur:2 q:37.60 aq:31.92 tex:295501 mv:23830 misc:3973 imb:1705 pmb:1964 smb:4491 d:s ref:0 ;
in:1622 out:1622 type:P dur:2 cpbdur:2 q:37.43 aq:31.22 tex:289204 mv:23288 misc:3972 imb:1701 pmb:1885 smb:4574 d:s ref:0 ;
in:1623 out:1623 type:P dur:2 cpbdur:2 q:37.26 aq:29.93 tex:301833 mv:25647 misc:3560 imb:2306 pmb:2204 smb:3650 d:s ref:0 ;
in:1624 out:1624 type:P dur:2 cpbdur:2 q:37.69 aq:29.62 tex:279442 mv:24805 misc:3337 imb:2324 pmb:2029 smb:3807 d:s ref:0 ;
in:1625 out:1625 type:I dur:2 cpbdur:2 q:34.39 aq:26.00 tex:815849 mv:71570 misc:589 imb:8160 pmb:0 smb:0 d:s ref:;
in:1629 out:1626 type:P dur:2 cpbdur:2 q:37.52 aq:29.26 tex:458296 mv:29522 misc:3102 imb:3796 pmb:1397 smb:2967 d:s ref:0 w:7,127,0 ;
in:1627 out:1627 type:B dur:2 cpbdur:2 q:38.10 aq:30.83 tex:245574 mv:39020 misc:4294 imb:1043 pmb:3074 smb:4043 d:s ref:0 ;
in:1626 out:1628 type:b dur:2 cpbdur:2 q:38.10 aq:34.50 tex:157743 mv:27530 misc:4919 imb:632 pmb:2100 smb:5428 d:s ref:0 ;
in:1628 out:1629 type:b dur:2 cpbdur:2 q:38.10 aq:35.17 tex:162299 mv:27152 misc:4637 imb:533 pmb:2144 smb:5483 d:- ref:0 ;
in:1633 out:1630 type:P dur:2 cpbdur:2 q:37.66 aq:30.01 tex:418001 mv:28125 misc:2730 imb:3416 pmb:1533 smb:3211 d:s ref:0 ;
in:1631 out:1631 type:B dur:2 cpbdur:2 q:37.76 aq:32.88 tex:262194 mv:35898 misc:4180 imb:918 pmb:2534 smb:4708 d:s ref:0 ;
in:1630 out:1632 type:b dur:2 cpbdur:2 q:37.76 aq:34.67 tex:176628 mv:28371 misc:4401 imb:612 pmb:2151 smb:5397 d:s ref:0 ;
in:1632 out:1633 type:b dur:2 cpbdur:2 q:37.76 aq:34.86 tex:179260 mv:27541 misc:4527 imb:600 pmb:2278 smb:5282 d:- ref:0 ;
in:1637 out:1634 type:P dur:2 cpbdur:2 q:37.99 aq:31.36 tex:386368 mv:27386 misc:3790 imb:2836 pmb:1411 smb:3913 d:s ref:0 w:7,127,0 ;
in:1635 out:1635 type:B dur:2 cpbdur:2 q:37.98 aq:33.20 tex:246513 mv:34995 misc:4452 imb:885 pmb:2501 smb:4774 d:s ref:0 ;
in:1634 out:1636 type:b dur:2 cpbdur:2 q:37.98 aq:34.98 tex:175965 mv:27807 misc:4572 imb:672 pmb:2124 smb:5364 d:s ref:0 ;
in:1636 out:1637 type:b dur:2 cpbdur:2 q:37.99 aq:35.43 tex:168690 mv:25986 misc:4396 imb:602 pmb:2041 smb:5517 d:- ref:0 ;
in:1641 out:1638 type:P dur:2 cpbdur:2 q:38.22 aq:32.39 tex:374574 mv:27992 misc:3394 imb:3073 pmb:1484 smb:3603 d:s ref:0 w:7,127,0 ;
in:1639 out:1639 type:B dur:2 cpbdur:2 q:38.27 aq:33.42 tex:224805 mv:34536 misc:4251 imb:917 pmb:2314 smb:4929 d:s ref:0 ;
in:1638 out:1640 type:b dur:2 cpbdur:2 q:38.27 aq:34.73 tex:153413 mv:26447 misc:4204 imb:674 pmb:1916 smb:5570 d:s ref:0 ;
in:1640 out:1641 type:b dur:2 cpbdur:2 q:38.27 aq:35.41 tex:154938 mv:25908 misc:4386 imb:600 pmb:2060 smb:5500 d:- ref:0 ;
in:1645 out:1642 type:P dur:2 cpbdur:2 q:39.01 aq:31.75 tex:344661 mv:26594 misc:3697 imb:3004 pmb:1368 smb:3788 d:s ref:0 ;
in:1643 out:1643 type:B dur:2 cpbdur:2 q:39.00 aq:34.76 tex:200754 mv:34663 misc:4575 imb:1003 pmb:2469 smb:4688 d:s ref:0 ;
in:1642 out:1644 type:b dur:2 cpbdur:2 q:39.00 aq:37.01 tex:125921 mv:25363 misc:4620 imb:663 pmb:1846 smb:5651 d:s ref:0 ;
in:1644 out:1645 type:b dur:2 cpbdur:2 q:39.01 aq:36.24 tex:123282 mv:24757 misc:4665 imb:629 pmb:1903 smb:5628 d:- ref:0 ;
in:1649 out:1646 type:P dur:2 cpbdur:2 q:39.26 aq:31.14 tex:344156 mv:28416 misc:3260 imb:3958 pmb:1377 smb:2825 d:s ref:0 ;
in:1647 out:1647 type:B dur:2 cpbdur:2 q:39.26 aq:34.59 tex:194939 mv:35638 misc:4351 imb:885 pmb:2422 smb:4853 d:s ref:0 ;
in:1646 out:1648 type:b dur:2 cpbdur:2 q:39.26 aq:35.25 tex:118706 mv:24650 misc:4452 imb:605 pmb:1803 smb:5752 d:s ref:0 ;
in:1648 out:1649 type:b dur:2 cpbdur:2 q:39.26 aq:36.59 tex:120291 mv:25199 misc:4838 imb:653 pmb:2025 smb:5482 d:- ref:0 ;
in:1653 out:1650 type:P dur:2 cpbdur:2 q:39.32 aq:32.68 tex:354975 mv:28927 misc:3114 imb:3662 pmb:1243 smb:3255 d:s ref:0 ;
in:1651 out:1651 type:B dur:2 cpbdur:2 q:39.33 aq:33.92 tex:202103 mv:38868 misc:4733 imb:1243 pmb:2620 smb:4297 d:s ref:0 ;
in:1650 out:1652 type:b dur:2 cpbdur:2 q:39.33 aq:35.57 tex:121464 mv:25854 misc:4674 imb:632 pmb:1983 smb:5545 d:s ref:0 ;
in:1652 out:1653 type:b dur:2 cpbdur:2 q:39.33 aq:36.67 tex:125860 mv:25063 misc:4565 imb:612 pmb:1955 smb:5593 d:- ref:0 ;
in:1657 out:1654 type:P dur:2 cpbdur:2 q:39.50 aq:30.78 tex:345505 mv:28764 misc:3107 imb:4267 pmb:1303 smb:2590 d:s ref:0 w:7,127,0 ;
in:1655 out:1655 type:B dur:2 cpbdur:2 q:39.59 aq:32.86 tex:181358 mv:38660 misc:4830 imb:1079 pmb:2514 smb:4567 d:t ref:0 ;
in:1654 out:1656 type:b dur:2 cpbdur:2 q:39.59 aq:37.21 tex:114868 mv:26092 misc:4880 imb:666 pmb:1906 smb:5588 d:s ref:0 ;
in:1656 out:1657 type:b dur:2 cpbdur:2 q:39.59 aq:37.33 tex:117868 mv:25015 misc:4821 imb:616 pmb:1983 smb:5561 d:- ref:0 ;
in:1661 out:1658 type:P dur:2 cpbdur:2 q:39.58 aq:32.13 tex:335271 mv:28877 misc:3468 imb:3476 pmb:1334 smb:3350 d:s ref:0 ;
in:1659 out:1659 type:B dur:2 cpbdur:2 q:39.77 aq:35.78 tex:175661 mv:36598 misc:4781 imb:976 pmb:2472 smb:4712 d:s ref:0 ;
in:1658 out:1660 type:b dur:2 cpbdur:2 q:39.77 aq:36.53 tex:107135 mv:24421 misc:4956 imb:611 pmb:1817 smb:5732 d:s ref:0 ;
in:1660 out:1661 type:b dur:2 cpbdur:2 q:39.77 aq:38.45 tex:102487 mv:24631 misc:5002 imb:625 pmb:1809 smb:5726 d:- ref:0 ;
in:1665 out:1662 type:P dur:2 cpbdur:2 q:39.58 aq:32.76 tex:313727 mv:29513 misc:3280 imb:4504 pmb:1318 smb:2338 d:s ref:0 w:6,63,0 ;
in:1663 out:1663 type:B dur:2 cpbdur:2 q:39.97 aq:34.84 tex:158448 mv:36450 misc:4950 imb:1022 pmb:2540 smb:4598 d:s ref:0 ;
in:1662 out:1664 type:b dur:2 cpbdur:2 q:39.99 aq:38.00 tex:89768 mv:24555 misc:4901 imb:644 pmb:1750 smb:5766 d:s ref:0 ;
in:1664 out:1665 type:b dur:2 cpbdur:2 q:39.99 aq:38.37 tex:94194 mv:25174 misc:4880 imb:639 pmb:1743 smb:5778 d:- ref:0 ;
in:1669 out:1666 type:P dur:2 cpbdur:2 q:39.37 aq:32.43 tex:344745 mv:30394 misc:2781 imb:4998 pmb:1412 smb:1750 d:s ref:0 w:6,63,0 ;
in:1667 out:1667 type:B dur:2 cpbdur:2 q:40.16 aq:35.16 tex:178200 mv:37770 misc:4902 imb:1186 pmb:2282 smb:4692 d:s ref:0 ;
in:1666 out:1668 type:b dur:2 cpbdur:2 q:40.16 aq:38.81 tex:98898 mv:24948 misc:5002 imb:631 pmb:1866 smb:5663 d:s ref:0 ;
in:1668 out:1669 type:b dur:2 cpbdur:2 q:40.16 aq:39.05 tex:101858 mv:25487 misc:4943 imb:659 pmb:1707 smb:5794 d:- ref:0 ;
in:1673 out:1670 type:P dur:2 cpbdur:2 q:39.24 aq:32.11 tex:348574 mv:28995 misc:2847 imb:4819 pmb:1254 smb:2087 d:s ref:0 ;
in:1671 out:1671 type:B dur:2 cpbdur:2 q:40.38 aq:37.07 tex:184861 mv:36270 misc:4917 imb:1067 pmb:2420 smb:4673 d:s ref:0 ;
in:1670 out:1672 type:b dur:2 cpbdur:2 q:40.38 aq:39.67 tex:95918 mv:24968 misc:4890 imb:614 pmb:1754 smb:5792 d:s ref:0 ;
in:1672 out:1673 type:b dur:2 cpbdur:2 q:40.38 aq:39.06 tex:101696 mv:24299 misc:4829 imb:665 pmb:1659 smb:5836 d:- ref:0 ;
in:1677 out:1674 type:P dur:2 cpbdur:2 q:39.08 aq:32.93 tex:376264 mv:29333 misc:3291 imb:4066 pmb:1185 smb:2909 d:s ref:0 w:6,63,0 ;
in:1675 out:1675 type:B dur:2 cpbdur:2 q:40.35 aq:37.56 tex:195414 mv:37516 misc:4974 imb:1144 pmb:2434 smb:4582 d:s ref:0 ;
in:1674 out:1676 type:b dur:2 cpbdur:2 q:40.35 aq:38.13 tex:107280 mv:27251 misc:4933 imb:714 pmb:1783 smb:5663 d:s ref:0 ;
in:1676 out:1677 type:b dur:2 cpbdur:2 q:40.35 aq:39.54 tex:110264 mv:26802 misc:5014 imb:671 pmb:1805 smb:5684 d:- ref:0 ;
in:1681 out:1678 type:P dur:2 cpbdur:2 q:38.88 aq:32.82 tex:382064 mv:27196 misc:3732 imb:3544 pmb:1092 smb:3524 d:s ref:0 ;
in:1679 out:1679 type:B dur:2 cpbdur:2 q:40.28 aq:35.13 tex:212062 mv:38500 misc:4838 imb:1293 pmb:2302 smb:4565 d:s ref:0 ;
in:1678 out:1680 type:b dur:2 cpbdur:2 q:40.28 aq:39.47 tex:118379 mv:27633 misc:4988 imb:715 pmb:1824 smb:5621 d:s ref:0 ;
in:1680 out:1681 type:b dur:2 cpbdur:2 q:40.28 aq:38.60 tex:123994 mv:28117 misc:5129 imb:759 pmb:1892 smb:5509 d:- ref:0 ;
in:1685 out:1682 type:P dur:2 cpbdur:2 q:38.97 aq:32.43 tex:408076 mv:27235 misc:3697 imb:3945 pmb:917 smb:3298 d:s ref:0 ;
in:1683 out:1683 type:B dur:2 cpbdur:2 q:40.14 aq:37.06 tex:215624 mv:39122 misc:4886 imb:1161 pmb:2410 smb:4589 d:s ref:0 ;
in:1682 out:1684 type:b dur:2 cpbdur:2 q:40.14 aq:38.37 tex:127788 mv:28554 misc:4842 imb:697 pmb:1960 smb:5503 d:s ref:0 ;
in:1684 out:1685 type:b dur:2 cpbdur:2 q:40.14 aq:38.77 tex:130881 mv:28166 misc:4945 imb:707 pmb:1948 smb:5505 d:- ref:0 ;
in:1689 out:1686 type:P dur:2 cpbdur:2 q:39.08 aq:32.95 tex:433100 mv:29874 misc:3234 imb:4485 pmb:965 smb:2710 d:s ref:0 ;
in:1687 out:1687 type:B dur:2 cpbdur:2 q:40.21 aq:36.42 tex:239942 mv:38922 misc:4488 imb:1329 pmb:2333 smb:4498 d:s ref:0 ;
in:1686 out:1688 type:b dur:2 cpbdur:2 q:40.21 aq:39.21 tex:126180 mv:28412 misc:4960 imb:772 pmb:1843 smb:5545 d:s ref:0 ;
in:1688 out:1689 type:b dur:2 cpbdur:2 q:40.21 aq:38.68 tex:131030 mv:29385 misc:5009 imb:768 pmb:1873 smb:5519 d:- ref:0 ;
in:1693 out:1690 type:P dur:2 cpbdur:2 q:39.24 aq:32.90 tex:403225 mv:28438 misc:2825 imb:5083 pmb:902 smb:2175 d:s ref:0 ;
in:1691 out:1691 type:B dur:2 cpbdur:2 q:40.32 aq:36.24 tex:245661 mv:39239 misc:4580 imb:1459 pmb:2259 smb:4442 d:s ref:0 ;
in:1690 out:1692 type:b dur:2 cpbdur:2 q:40.32 aq:39.92 tex:122457 mv:30649 misc:5110 imb:750 pmb:1992 smb:5418 d:s ref:0 ;
in:1692 out:1693 type:b dur:2 cpbdur:2 q:40.32 aq:38.99 tex:136381 mv:31167 misc:4972 imb:776 pmb:1987 smb:5397 d:- ref:0 ;
in:1697 out:1694 type:P dur:2 cpbdur:2 q:39.40 aq:33.37 tex:388397 mv:28690 misc:2945 imb:4822 pmb:741 smb:2597 d:s ref:0 ;
in:1695 out:1695 type:B dur:2 cpbdur:2 q:40.51 aq:38.71 tex:225138 mv:39367 misc:4703 imb:1409 pmb:2379 smb:4372 d:s ref:0 ;
in:1694 out:1696 type:b dur:2 cpbdur:2 q:40.51 aq:39.34 tex:119931 mv:29979 misc:5266 imb:856 pmb:1869 smb:5435 d:s ref:0 ;
in:1696 out:1697 type:b dur:2 cpbdur:2 q:40.51 aq:40.68 tex:121741 mv:28815 misc:5220 imb:759 pmb:1880 smb:5521 d:- ref:0 ;
in:1701 out:1698 type:P dur:2 cpbdur:2 q:39.45 aq:33.46 tex:394209 mv:28153 misc:3390 imb:4466 pmb:786 smb:2908 d:s ref:0 ;
in:1699 out:1699 type:B dur:2 cpbdur:2 q:40.44 aq:36.37 tex:244545 mv:37621 misc:4762 imb:1616 pmb:2183 smb:4361 d:s ref:0 ;
in:1698 out:1700 type:b dur:2 cpbdur:2 q:40.44 aq:40.60 tex:136533 mv:30868 misc:5239 imb:939 pmb:1986 smb:5235 d:s ref:0 ;
in:1700 out:1701 type:b dur:2 cpbdur:2 q:40.44 aq:39.91 tex:142697 mv:30186 misc:4829 imb:909 pmb:1878 smb:5373 d:- ref:0 ;
in:1705 out:1702 type:P dur:2 cpbdur:2 q:39.80 aq:33.46 tex:367343 mv:28001 misc:2824 imb:5398 pmb:763 smb:1999 d:s ref:0 ;
in:1703 out:1703 type:B dur:2 cpbdur:2 q:40.29 aq:36.99 tex:254851 mv:38088 misc:4669 imb:1437 pmb:2342 smb:4381 d:s ref:0 ;
in:1702 out:1704 type:b dur:2 cpbdur:2 q:40.29 aq:38.53 tex:147192 mv:31486 misc:4946 imb:907 pmb:1959 smb:5294 d:s ref:0 ;
in:1704 out:1705 type:b dur:2 cpbdur:2 q:40.30 aq:39.76 tex:139239 mv:29132 misc:4773 imb:843 pmb:1811 smb:5506 d:- ref:0 ;
in:1709 out:1706 type:P dur:2 cpbdur:2 q:39.96 aq:33.52 tex:339263 mv:27406 misc:3131 imb:5310 pmb:692 smb:2158 d:s ref:0 ;
in:1707 out:1707 type:B dur:2 cpbdur:2 q:40.63 aq:37.42 tex:236229 mv:35093 misc:4670 imb:1549 pmb:2076 smb:4535 d:s ref:0 ;
in:1706 out:1708 type:b dur:2 cpbdur:2 q:40.63 aq:39.17 tex:140716 mv:29586 misc:4890 imb:908 pmb:1826 smb:5426 d:s ref:0 ;
in:1708 out:1709 type:b dur:2 cpbdur:2 q:40.63 aq:39.54 tex:138861 mv:28403 misc:4848 imb:934 pmb:1710 smb:5516 d:- ref:0 ;
in:1713 out:1710 type:P dur:2 cpbdur:2 q:39.80 aq:32.68 tex:339651 mv:28354 misc:3299 imb:5430 pmb:722 smb:2008 d:s ref:0 ;
in:1711 out:1711 type:B dur:2 cpbdur:2 q:40.80 aq:37.81 tex:224750 mv:34355 misc:4743 imb:1587 pmb:2025 smb:4548 d:s ref:0 ;
in:1710 out:1712 type:b dur:2 cpbdur:2 q:40.80 aq:40.84 tex:126843 mv:27590 misc:4919 imb:912 pmb:1685 smb:5563 d:s ref:0 ;
in:1712 out:1713 type:b dur:2 cpbdur:2 q:40.80 aq:40.74 tex:129598 mv:27158 misc:4916 imb:888 pmb:1642 smb:5630 d:- ref:0 ;
in:1717 out:1714 type:P dur:2 cpbdur:2 q:39.22 aq:31.41 tex:357276 mv:29385 misc:2051 imb:6153 pmb:809 smb:1198 d:s ref:0 ;
in:1715 out:1715 type:B dur:2 cpbdur:2 q:40.77 aq:36.52 tex:210866 mv:33802 misc:4828 imb:1541 pmb:2063 smb:4556 d:s ref:0 ;
in:1714 out:1716 type:b dur:2 cpbdur:2 q:40.77 aq:39.48 tex:130216 mv:28807 misc:5137 imb:1016 pmb:1768 smb:5376 d:s ref:0 ;
in:1716 out:1717 type:b dur:2 cpbdur:2 q:40.77 aq:40.71 tex:128680 mv:27521 misc:4999 imb:891 pmb:1757 smb:5512 d:- ref:0 ;
in:1721 out:1718 type:P dur:2 cpbdur:2 q:39.39 aq:32.11 tex:382942 mv:26421 misc:2917 imb:4617 pmb:823 smb:2720 d:s ref:0 ;
in:1719 out:1719 type:B dur:2 cpbdur:2 q:40.60 aq:36.01 tex:228838 mv:34529 misc:4729 imb:1777 pmb:1935 smb:4448 d:s ref:0 ;
in:1718 out:1720 type:b dur:2 cpbdur:2 q:40.60 aq:38.55 tex:141342 mv:28764 misc:4886 imb:1094 pmb:1718 smb:5348 d:s ref:0 ;
in:1720 out:1721 type:b dur:2 cpbdur:2 q:40.60 aq:39.97 tex:137222 mv:28131 misc:4783 imb:1005 pmb:1744 smb:5411 d:- ref:0 ;
in:1725 out:1722 type:P dur:2 cpbdur:2 q:39.50 aq:32.75 tex:394771 mv:25437 misc:2944 imb:4812 pmb:872 smb:2476 d:s ref:0 ;
in:1723 out:1723 type:B dur:2 cpbdur:2 q:40.11 aq:35.90 tex:259026 mv:34802 misc:4092 imb:1589 pmb:2074 smb:4497 d:s ref:0 ;
in:1722 out:1724 type:b dur:2 cpbdur:2 q:40.11 aq:39.73 tex:155472 mv:30222 misc:4538 imb:910 pmb:1990 smb:5260 d:s ref:0 ;
in:1724 out:1725 type:b dur:2 cpbdur:2 q:40.11 aq:38.10 tex:160097 mv:29108 misc:4435 imb:958 pmb:1838 smb:5364 d:- ref:0 ;
in:1729 out:1726 type:P dur:2 cpbdur:2 q:39.47 aq:31.90 tex:396027 mv:24533 misc:2688 imb:4769 pmb:770 smb:2621 d:s ref:0 ;
in:1727 out:1727 type:B dur:2 cpbdur:2 q:40.05 aq:37.08 tex:251675 mv:34753 misc:3908 imb:1459 pmb:2153 smb:4548 d:s ref:0 ;
in:1726 out:1728 type:b dur:2 cpbdur:2 q:40.44 aq:39.64 tex:140693 mv:27340 misc:4599 imb:979 pmb:1698 smb:5483 d:s ref:0 ;
in:1728 out:1729 type:b dur:2 cpbdur:2 q:40.05 aq:39.92 tex:155393 mv:29096 misc:4399 imb:994 pmb:1774 smb:5392 d:- ref:0 ;
in:1733 out:1730 type:P dur:2 cpbdur:2 q:39.43 aq:33.22 tex:410707 mv:23833 misc:3180 imb:3547 pmb:891 smb:3722 d:s ref:0 ;
in:1731 out:1731 type:B dur:2 cpbdur:2 q:40.05 aq:35.60 tex:240815 mv:36023 misc:4122 imb:1587 pmb:2256 smb:4317 d:s ref:0 ;
in:1730 out:1732 type:b dur:2 cpbdur:2 q:40.44 aq:39.01 tex:125160 mv:26196 misc:4524 imb:940 pmb:1560 smb:5660 d:s ref:0 ;
in:1732 out:1733 type:b dur:2 cpbdur:2 q:40.28 aq:39.42 tex:136878 mv:26648 misc:4370 imb:914 pmb:1681 smb:5565 d:- ref:0 ;
in:1737 out:1734 type:P dur:2 cpbdur:2 q:39.42 aq:32.46 tex:397917 mv:26735 misc:2492 imb:4698 pmb:896 smb:2566 d:s ref:0 ;
in:1735 out:1735 type:B dur:2 cpbdur:2 q:40.20 aq:35.53 tex:225523 mv:34284 misc:4217 imb:1548 pmb:1930 smb:4682 d:s ref:0 ;
in:1734 out:1736 type:b dur:2 cpbdur:2 q:40.44 aq:38.65 tex:124131 mv:25316 misc:4433 imb:905 pmb:1586 smb:5669 d:s ref:0 ;
in:1736 out:1737 type:b dur:2 cpbdur:2 q:40.44 aq:39.08 tex:121947 mv:24561 misc:4388 imb:958 pmb:1393 smb:5809 d:- ref:0 ;
in:1741 out:1738 type:P dur:2 cpbdur:2 q:39.37 aq:31.24 tex:410118 mv:27129 misc:2065 imb:5823 pmb:804 smb:1533 d:s ref:0 ;
in:1739 out:1739 type:B dur:2 cpbdur:2 q:39.95 aq:34.53 tex:257958 mv:35974 misc:3772 imb:1550 pmb:1990 smb:4620 d:s ref:0 ;
in:1738 out:1740 type:b dur:2 cpbdur:2 q:39.96 aq:38.61 tex:148740 mv:28339 misc:4361 imb:943 pmb:1723 smb:5494 d:s ref:0 ;
in:1740 out:1741 type:b dur:2 cpbdur:2 q:39.95 aq:38.93 tex:146997 mv:26052 misc:4175 imb:965 pmb:1643 smb:5552 d:- ref:0 ;
in:1745 out:1742 type:P dur:2 cpbdur:2 q:39.40 aq:30.94 tex:392959 mv:26352 misc:2625 imb:5795 pmb:807 smb:1558 d:s ref:0 ;
in:1743 out:1743 type:B dur:2 cpbdur:2 q:40.02 aq:34.67 tex:220546 mv:33460 misc:3866 imb:1420 pmb:2118 smb:4622 d:s ref:0 ;
in:1742 out:1744 type:b dur:2 cpbdur:2 q:40.26 aq:39.37 tex:134085 mv:25281 misc:4186 imb:905 pmb:1555 smb:5700 d:s ref:0 ;
in:1744 out:1745 type:b dur:2 cpbdur:2 q:40.25 aq:38.26 tex:119445 mv:25040 misc:4379 imb:957 pmb:1547 smb:5656 d:- ref:0 ;
in:1749 out:1746 type:P dur:2 cpbdur:2 q:39.39 aq:32.37 tex:381671 mv:23025 misc:3400 imb:4070 pmb:665 smb:3425 d:s ref:0 ;
in:1747 out:1747 type:B dur:2 cpbdur:2 q:40.12 aq:35.36 tex:223835 mv:29522 misc:3659 imb:1502 pmb:1613 smb:5045 d:s ref:0 ;
in:1746 out:1748 type:b dur:2 cpbdur:2 q:40.33 aq:37.83 tex:133282 mv:24620 misc:3970 imb:924 pmb:1492 smb:5744 d:s ref:0 ;
in:1748 out:1749 type:b dur:2 cpbdur:2 q:40.33 aq:38.55 tex:116767 mv:22629 misc:4180 imb:766 pmb:1603 smb:5791 d:- ref:0 ;
in:1753 out:1750 type:P dur:2 cpbdur:2 q:39.34 aq:32.69 tex:366250 mv:25310 misc:3064 imb:4722 pmb:724 smb:2714 d:s ref:0 ;
in:1751 out:1751 type:B dur:2 cpbdur:2 q:40.01 aq:35.82 tex:206600 mv:31168 misc:3864 imb:1414 pmb:1682 smb:5064 d:s ref:0 ;
in:1750 out:1752 type:b dur:2 cpbdur:2 q:40.01 aq:37.30 tex:135288 mv:23965 misc:4251 imb:935 pmb:1531 smb:5694 d:s ref:0 ;
in:1752 out:1753 type:b dur:2 cpbdur:2 q:40.01 aq:38.81 tex:118800 mv:22934 misc:4074 imb:805 pmb:1490 smb:5865 d:- ref:0 ;
in:1757 out:1754 type:P dur:2 cpbdur:2 q:39.26 aq:32.41 tex:355004 mv:25711 misc:3453 imb:4331 pmb:888 smb:2941 d:s ref:0 ;
in:1755 out:1755 type:B dur:2 cpbdur:2 q:40.00 aq:35.57 tex:195928 mv:29713 misc:3999 imb:1292 pmb:1685 smb:5183 d:s ref:0 ;
in:1754 out:1756 type:b dur:2 cpbdur:2 q:40.00 aq:36.48 tex:125858 mv:23395 misc:4035 imb:858 pmb:1450 smb:5852 d:s ref:0 ;
in:1756 out:1757 type:b dur:2 cpbdur:2 q:40.00 aq:38.02 tex:111479 mv:22470 misc:4267 imb:778 pmb:1491 smb:5891 d:- ref:0 ;
in:1761 out:1758 type:P dur:2 cpbdur:2 q:39.21 aq:31.68 tex:346927 mv:27192 misc:3513 imb:4245 pmb:1094 smb:2821 d:s ref:0 ;
in:1759 out:1759 type:B dur:2 cpbdur:2 q:39.97 aq:35.42 tex:188283 mv:29947 misc:4026 imb:1251 pmb:1692 smb:5217 d:s ref:0 ;
in:1758 out:1760 type:b dur:2 cpbdur:2 q:40.00 aq:37.54 tex:131377 mv:21916 misc:4155 imb:910 pmb:1326 smb:5924 d:s ref:0 ;
in:1760 out:1761 type:b dur:2 cpbdur:2 q:39.97 aq:38.43 tex:130983 mv:22089 misc:4112 imb:861 pmb:1401 smb:5898 d:- ref:0 ;
in:1765 out:1762 type:P dur:2 cpbdur:2 q:39.20 aq:32.27 tex:312625 mv:27472 misc:3623 imb:3834 pmb:1184 smb:3142 d:s ref:0 ;
in:1763 out:1763 type:B dur:2 cpbdur:2 q:39.96 aq:35.69 tex:180086 mv:28876 misc:4046 imb:1100 pmb:1645 smb:5415 d:s ref:0 ;
in:1762 out:1764 type:b dur:2 cpbdur:2 q:40.37 aq:36.65 tex:95213 mv:20496 misc:4283 imb:841 pmb:1177 smb:6142 d:s ref:0 ;
in:1764 out:1765 type:b dur:2 cpbdur:2 q:39.96 aq:37.17 tex:118143 mv:21053 misc:4116 imb:780 pmb:1411 smb:5969 d:- ref:0 ;
in:1769 out:1766 type:P dur:2 cpbdur:2 q:39.04 aq:31.45 tex:312347 mv:27409 misc:3964 imb:3691 pmb:1226 smb:3243 d:s ref:0 ;
in:1767 out:1767 type:B dur:2 cpbdur:2 q:39.68 aq:34.95 tex:172656 mv:27973 misc:3779 imb:1034 pmb:1656 smb:5470 d:s ref:0 ;
in:1766 out:1768 type:b dur:2 cpbdur:2 q:39.68 aq:36.57 tex:125601 mv:22487 misc:4080 imb:785 pmb:1507 smb:5868 d:s ref:0 ;
in:1768 out:1769 type:b dur:2 cpbdur:2 q:39.68 aq:37.80 tex:112807 mv:21255 misc:4026 imb:773 pmb:1415 smb:5972 d:- ref:0 ;
in:1773 out:1770 type:P dur:2 cpbdur:2 q:38.98 aq:31.29 tex:320848 mv:30572 misc:3604 imb:4263 pmb:1400 smb:2497 d:s ref:0 ;
in:1771 out:1771 type:B dur:2 cpbdur:2 q:39.65 aq:34.76 tex:171655 mv:29919 misc:4050 imb:1090 pmb:1701 smb:5369 d:s ref:0 ;
in:1770 out:1772 type:b dur:2 cpbdur:2 q:39.65 aq:37.42 tex:125108 mv:21206 misc:4182 imb:703 pmb:1434 smb:6023 d:s ref:0 ;
in:1772 out:1773 type:b dur:2 cpbdur:2 q:39.65 aq:37.21 tex:118466 mv:20397 misc:4369 imb:733 pmb:1445 smb:5982 d:- ref:0 ;
in:1777 out:1774 type:P dur:2 cpbdur:2 q:38.96 aq:31.49 tex:318242 mv:29490 misc:4068 imb:3890 pmb:1353 smb:2917 d:s ref:0 ;
in:1775 out:1775 type:B dur:2 cpbdur:2 q:39.62 aq:34.65 tex:169132 mv:28010 misc:4122 imb:960 pmb:1655 smb:5545 d:s ref:0 ;
in:1774 out:1776 type:b dur:2 cpbdur:2 q:39.93 aq:36.03 tex:105906 mv:19942 misc:4512 imb:749 pmb:1268 smb:6143 d:s ref:0 ;
in:1776 out:1777 type:b dur:2 cpbdur:2 q:39.62 aq:36.59 tex:115980 mv:20180 misc:4392 imb:656 pmb:1428 smb:6076 d:- ref:0 ;
in:1781 out:1778 type:P dur:2 cpbdur:2 q:38.97 aq:31.01 tex:308665 mv:30416 misc:3887 imb:4159 pmb:1401 smb:2600 d:s ref:0 ;
in:1779 out:1779 type:B dur:2 cpbdur:2 q:39.62 aq:34.15 tex:163062 mv:28120 misc:4562 imb:980 pmb:1777 smb:5403 d:s ref:0 ;
in:1778 out:1780 type:b dur:2 cpbdur:2 q:39.63 aq:36.10 tex:117256 mv:21142 misc:4578 imb:779 pmb:1519 smb:5862 d:s ref:0 ;
in:1780 out:1781 type:b dur:2 cpbdur:2 q:39.62 aq:36.71 tex:114724 mv:20644 misc:4488 imb:652 pmb:1545 smb:5963 d:- ref:0 ;
in:1785 out:1782 type:P dur:2 cpbdur:2 q:39.14 aq:31.28 tex:289181 mv:29369 misc:4306 imb:3464 pmb:1477 smb:3219 d:s ref:0 ;
in:1783 out:1783 type:B dur:2 cpbdur:2 q:39.60 aq:34.52 tex:156801 mv:26803 misc:4124 imb:896 pmb:1631 smb:5633 d:s ref:0 ;
in:1782 out:1784 type:b dur:2 cpbdur:2 q:39.61 aq:35.27 tex:121049 mv:20030 misc:4465 imb:722 pmb:1428 smb:6010 d:s ref:0 ;
in:1784 out:1785 type:b dur:2 cpbdur:2 q:39.60 aq:36.29 tex:119588 mv:18761 misc:4251 imb:737 pmb:1298 smb:6125 d:- ref:0 ;
in:1789 out:1786 type:P dur:2 cpbdur:2 q:39.31 aq:31.04 tex:278691 mv:28225 misc:4028 imb:3685 pmb:1483 smb:2992 d:s ref:0 ;
in:1787 out:1787 type:B dur:2 cpbdur:2 q:39.60 aq:34.88 tex:148705 mv:25961 misc:4206 imb:869 pmb:1728 smb:5563 d:t ref:0 ;
in:1786 out:1788 type:b dur:2 cpbdur:2 q:39.60 aq:36.05 tex:117902 mv:19537 misc:4385 imb:736 pmb:1337 smb:6087 d:s ref:0 ;
in:1788 out:1789 type:b dur:2 cpbdur:2 q:39.60 aq:35.20 tex:111575 mv:18972 misc:4413 imb:621 pmb:1485 smb:6054 d:- ref:0 ;
in:1793 out:1790 type:P dur:2 cpbdur:2 q:39.30 aq:32.07 tex:281463 mv:29261 misc:3732 imb:3879 pmb:1527 smb:2754 d:s ref:0 ;
in:1791 out:1791 type:B dur:2 cpbdur:2 q:39.58 aq:34.40 tex:148449 mv:25630 misc:4329 imb:838 pmb:1620 smb:5702 d:s ref:0 ;
in:1790 out:1792 type:b dur:2 cpbdur:2 q:39.58 aq:36.20 tex:117053 mv:19303 misc:4452 imb:644 pmb:1424 smb:6092 d:s ref:0 ;
in:1792 out:1793 type:b dur:2 cpbdur:2 q:39.58 aq:35.59 tex:110086 mv:18418 misc:4208 imb:552 pmb:1399 smb:6209 d:- ref:0 ;
in:1797 out:1794 type:P dur:2 cpbdur:2 q:39.19 aq:31.00 tex:279665 mv:29092 misc:3635 imb:3854 pmb:1525 smb:2781 d:s ref:0 ;
in:1795 out:1795 type:B dur:2 cpbdur:2 q:39.58 aq:34.12 tex:143263 mv:23750 misc:4307 imb:769 pmb:1583 smb:5808 d:s ref:0 ;
in:1794 out:1796 type:b dur:2 cpbdur:2 q:39.58 aq:35.09 tex:103576 mv:18035 misc:4293 imb:519 pmb:1449 smb:6192 d:s ref:0 ;
in:1796 out:1797 type:b dur:2 cpbdur:2 q:39.58 aq:35.83 tex:108145 mv:20198 misc:4121 imb:1065 pmb:1246 smb:5849 d:- ref:0 ;
in:1801 out:1798 type:P dur:2 cpbdur:2 q:39.25 aq:30.50 tex:272270 mv:28465 misc:4217 imb:3513 pmb:1596 smb:3051 d:s ref:0 ;
in:1799 out:1799 type:B dur:2 cpbdur:2 q:39.58 aq:35.40 tex:134631 mv:22047 misc:4034 imb:617 pmb:1567 smb:5976 d:s ref:0 ;
in:1798 out:1800 type:b dur:2 cpbdur:2 q:39.58 aq:35.21 tex:110989 mv:16993 misc:4114 imb:617 pmb:1241 smb:6302 d:s ref:0 ;
in:1800 out:1801 type:b dur:2 cpbdur:2 q:39.58 aq:35.56 tex:109848 mv:14198 misc:3778 imb:550 pmb:1127 smb:6483 d:- ref:0 ;
in:1805 out:1802 type:P dur:2 cpbdur:2 q:39.25 aq:31.57 tex:249358 mv:22170 misc:4176 imb:1812 pmb:1613 smb:4735 d:s ref:0 ;
in:1803 out:1803 type:B dur:2 cpbdur:2 q:39.35 aq:35.24 tex:128927 mv:19630 misc:4147 imb:621 pmb:1427 smb:6112 d:t ref:0 ;
in:1802 out:1804 type:b dur:2 cpbdur:2 q:39.44 aq:34.75 tex:114570 mv:12954 misc:3292 imb:545 pmb:984 smb:6631 d:s ref:0 ;
in:1804 out:1805 type:b dur:2 cpbdur:2 q:39.43 aq:36.00 tex:111413 mv:13257 misc:3394 imb:574 pmb:988 smb:6598 d:- ref:0 ;
in:1809 out:1806 type:P dur:2 cpbdur:2 q:39.28 aq:31.28 tex:229549 mv:24834 misc:4377 imb:3030 pmb:1513 smb:3617 d:s ref:0 ;
in:1807 out:1807 type:B dur:2 cpbdur:2 q:39.57 aq:34.04 tex:111940 mv:18572 misc:4256 imb:667 pmb:1422 smb:6071 d:t ref:0 ;
in:1806 out:1808 type:b dur:2 cpbdur:2 q:39.65 aq:36.54 tex:98521 mv:13076 misc:3571 imb:570 pmb:955 smb:6635 d:s ref:0 ;
in:1808 out:1809 type:b dur:2 cpbdur:2 q:39.65 aq:36.21 tex:89240 mv:11576 misc:3624 imb:437 pmb:1020 smb:6703 d:- ref:0 ;
in:1813 out:1810 type:P dur:2 cpbdur:2 q:39.30 aq:31.47 tex:206793 mv:22817 misc:4614 imb:2337 pmb:1443 smb:4380 d:s ref:0 ;
in:1811 out:1811 type:B dur:2 cpbdur:2 q:39.59 aq:34.05 tex:98326 mv:17709 misc:4501 imb:637 pmb:1304 smb:6219 d:t ref:0 ;
in:1810 out:1812 type:b dur:2 cpbdur:2 q:39.69 aq:36.77 tex:78866 mv:11538 misc:3428 imb:456 pmb:901 smb:6803 d:s ref:0 ;
in:1812 out:1813 type:b dur:2 cpbdur:2 q:39.69 aq:35.88 tex:80235 mv:11761 misc:3484 imb:536 pmb:845 smb:6779 d:- ref:0 ;
in:1817 out:1814 type:P dur:2 cpbdur:2 q:39.07 aq:30.61 tex:212667 mv:25438 misc:4719 imb:3247 pmb:1485 smb:3428 d:s ref:0 ;
in:1815 out:1815 type:B dur:2 cpbdur:2 q:39.42 aq:33.48 tex:105322 mv:20004 misc:4570 imb:828 pmb:1310 smb:6022 d:t ref:0 ;
in:1814 out:1816 type:b dur:2 cpbdur:2 q:39.54 aq:34.20 tex:83125 mv:13196 misc:3719 imb:596 pmb:947 smb:6617 d:s ref:0 ;
in:1816 out:1817 type:b dur:2 cpbdur:2 q:39.54 aq:35.72 tex:87089 mv:12305 misc:3510 imb:527 pmb:964 smb:6669 d:- ref:0 ;
in:1819 out:1818 type:P dur:2 cpbdur:2 q:38.86 aq:31.37 tex:195463 mv:19607 misc:4698 imb:1737 pmb:1594 smb:4829 d:s ref:0 ;
in:1818 out:1819 type:b dur:2 cpbdur:2 q:39.23 aq:34.24 tex:84955 mv:12464 misc:3829 imb:507 pmb:984 smb:6669 d:t ref:0 ;
in:1820 out:1820 type:P dur:2 cpbdur:2 q:38.74 aq:31.28 tex:192815 mv:16402 misc:4303 imb:1343 pmb:1586 smb:5231 d:s ref:0 ;
in:1822 out:1821 type:P dur:2 cpbdur:2 q:39.17 aq:31.64 tex:222602 mv:18417 misc:4125 imb:1553 pmb:1625 smb:4982 d:s ref:0 ;
in:1821 out:1822 type:b dur:2 cpbdur:2 q:39.61 aq:35.75 tex:96126 mv:11734 misc:3156 imb:463 pmb:865 smb:6832 d:t ref:0 ;
in:1823 out:1823 type:P dur:2 cpbdur:2 q:39.42 aq:31.20 tex:182014 mv:14766 misc:4236 imb:1318 pmb:1498 smb:5344 d:s ref:0 ;
in:1824 out:1824 type:P dur:2 cpbdur:2 q:39.45 aq:32.65 tex:172077 mv:15810 misc:4441 imb:1431 pmb:1397 smb:5332 d:s ref:0 ;
in:1825 out:1825 type:P dur:2 cpbdur:2 q:39.35 aq:31.87 tex:181597 mv:16366 misc:4565 imb:1446 pmb:1459 smb:5255 d:s ref:0 ;
in:1826 out:1826 type:P dur:2 cpbdur:2 q:39.35 aq:31.93 tex:149959 mv:15716 misc:4781 imb:1380 pmb:1324 smb:5456 d:s ref:0 ;
in:1827 out:1827 type:P dur:2 cpbdur:2 q:39.30 aq:32.86 tex:145997 mv:15480 misc:4675 imb:1429 pmb:1277 smb:5454 d:s ref:0 ;
in:1828 out:1828 type:P dur:2 cpbdur:2 q:38.88 aq:30.83 tex:170578 mv:16787 misc:4595 imb:1485 pmb:1502 smb:5173 d:s ref:0 ;
in:1829 out:1829 type:P dur:2 cpbdur:2 q:39.44 aq:32.10 tex:201338 mv:15959 misc:4239 imb:1348 pmb:1474 smb:5338 d:s ref:0 ;
in:1830 out:1830 type:P dur:2 cpbdur:2 q:39.69 aq:31.94 tex:165295 mv:14713 misc:4272 imb:1248 pmb:1368 smb:5544 d:s ref:0 ;
in:1831 out:1831 type:P dur:2 cpbdur:2 q:39.73 aq:31.94 tex:146898 mv:14732 misc:4418 imb:1273 pmb:1342 smb:5545 d:s ref:0 ;
in:1832 out:1832 type:P dur:2 cpbdur:2 q:39.66 aq:31.86 tex:140099 mv:14953 misc:4740 imb:1416 pmb:1195 smb:5549 d:s ref:0 ;
in:1833 out:1833 type:P dur:2 cpbdur:2 q:39.45 aq:31.95 tex:160997 mv:15273 misc:4530 imb:1442 pmb:1236 smb:5482 d:s ref:0 ;
in:1834 out:1834 type:P dur:2 cpbdur:2 q:39.01 aq:31.09 tex:161673 mv:15928 misc:4431 imb:1322 pmb:1382 smb:5456 d:s ref:0 ;
in:1835 out:1835 type:P dur:2 cpbdur:2 q:39.15 aq:31.88 tex:179248 mv:15220 misc:4084 imb:1399 pmb:1375 smb:5386 d:s ref:0 ;
in:1836 out:1836 type:P dur:2 cpbdur:2 q:39.04 aq:31.77 tex:184634 mv:16007 misc:4495 imb:1551 pmb:1312 smb:5297 d:s ref:0 ;
in:1837 out:1837 type:P dur:2 cpbdur:2 q:39.13 aq:31.10 tex:168490 mv:15379 misc:4099 imb:1527 pmb:1258 smb:5375 d:s ref:0 ;
in:1838 out:1838 type:P dur:2 cpbdur:2 q:39.06 aq:32.47 tex:174649 mv:15220 misc:4459 imb:1283 pmb:1324 smb:5553 d:s ref:0 ;
in:1839 out:1839 type:P dur:2 cpbdur:2 q:38.97 aq:32.29 tex:174881 mv:15507 misc:4188 imb:1269 pmb:1385 smb:5506 d:s ref:0 ;
in:1840 out:1840 type:P dur:2 cpbdur:2 q:38.79 aq:30.72 tex:194196 mv:16640 misc:4316 imb:1480 pmb:1394 smb:5286 d:s ref:0 ;
in:1841 out:1841 type:P dur:2 cpbdur:2 q:38.74 aq:31.02 tex:194292 mv:16368 misc:4220 imb:1417 pmb:1468 smb:5275 d:s ref:0 ;
in:1842 out:1842 type:P dur:2 cpbdur:2 q:38.70 aq:31.56 tex:192853 mv:15805 misc:3966 imb:1309 pmb:1473 smb:5378 d:s ref:0 ;
in:1843 out:1843 type:P dur:2 cpbdur:2 q:38.68 aq:30.76 tex:201596 mv:16704 misc:4292 imb:1481 pmb:1488 smb:5191 d:s ref:0 ;
in:1844 out:1844 type:P dur:2 cpbdur:2 q:38.70 aq:32.64 tex:209469 mv:18546 misc:4161 imb:2031 pmb:1519 smb:4610 d:s ref:0 ;
in:1845 out:1845 type:P dur:2 cpbdur:2 q:38.83 aq:31.42 tex:179896 mv:17276 misc:4164 imb:2042 pmb:1492 smb:4626 d:s ref:0 ;
in:1846 out:1846 type:P dur:2 cpbdur:2 q:38.81 aq:31.66 tex:165691 mv:15205 misc:4184 imb:1124 pmb:1438 smb:5598 d:s ref:0 ;
in:1847 out:1847 type:P dur:2 cpbdur:2 q:38.67 aq:31.10 tex:181971 mv:17171 misc:4306 imb:1325 pmb:1531 smb:5304 d:s ref:0 ;
in:1848 out:1848 type:P dur:2 cpbdur:2 q:38.69 aq:31.58 tex:203123 mv:17063 misc:4446 imb:1388 pmb:1489 smb:5283 d:s ref:0 ;
in:1849 out:1849 type:P dur:2 cpbdur:2 q:38.74 aq:32.58 tex:186939 mv:17547 misc:4330 imb:1519 pmb:1517 smb:5124 d:s ref:0 ;
in:1850 out:1850 type:P dur:2 cpbdur:2 q:38.62 aq:32.29 tex:200868 mv:19156 misc:4520 imb:1922 pmb:1583 smb:4655 d:s ref:0 ;
in:1851 out:1851 type:P dur:2 cpbdur:2 q:38.65 aq:31.50 tex:195307 mv:19903 misc:5022 imb:1832 pmb:1649 smb:4679 d:s ref:0 ;
in:1852 out:1852 type:P dur:2 cpbdur:2 q:38.62 aq:31.31 tex:193212 mv:17749 misc:4103 imb:1456 pmb:1593 smb:5111 d:s ref:0 ;
in:1853 out:1853 type:P dur:2 cpbdur:2 q:38.65 aq:32.51 tex:184218 mv:18451 misc:4459 imb:1605 pmb:1558 smb:4997 d:s ref:0 ;
in:1854 out:1854 type:P dur:2 cpbdur:2 q:38.65 aq:31.67 tex:190873 mv:18373 misc:4610 imb:1702 pmb:1542 smb:4916 d:s ref:0 ;
in:1855 out:1855 type:P dur:2 cpbdur:2 q:38.60 aq:32.70 tex:212467 mv:19645 misc:4456 imb:1943 pmb:1583 smb:4634 d:s ref:0 ;
in:1856 out:1856 type:P dur:2 cpbdur:2 q:38.65 aq:31.97 tex:207094 mv:19372 misc:4614 imb:1829 pmb:1636 smb:4695 d:s ref:0 ;
in:1857 out:1857 type:P dur:2 cpbdur:2 q:38.75 aq:32.06 tex:211217 mv:18217 misc:4358 imb:1386 pmb:1604 smb:5170 d:s ref:0 ;
in:1858 out:1858 type:P dur:2 cpbdur:2 q:38.78 aq:32.42 tex:201465 mv:18133 misc:4594 imb:1261 pmb:1597 smb:5302 d:s ref:0 ;
in:1859 out:1859 type:P dur:2 cpbdur:2 q:38.77 aq:32.11 tex:186263 mv:18296 misc:4729 imb:1331 pmb:1636 smb:5193 d:s ref:0 ;
in:1860 out:1860 type:P dur:2 cpbdur:2 q:38.68 aq:31.92 tex:191565 mv:18584 misc:4531 imb:1353 pmb:1644 smb:5163 d:s ref:0 ;
in:1861 out:1861 type:P dur:2 cpbdur:2 q:38.73 aq:32.13 tex:173645 mv:17636 misc:4863 imb:1278 pmb:1584 smb:5298 d:s ref:0 ;
in:1862 out:1862 type:P dur:2 cpbdur:2 q:38.65 aq:32.53 tex:186860 mv:19212 misc:4896 imb:1586 pmb:1665 smb:4909 d:s ref:0 ;
in:1863 out:1863 type:P dur:2 cpbdur:2 q:38.52 aq:32.50 tex:207246 mv:21637 misc:4853 imb:1868 pmb:1738 smb:4554 d:s ref:0 ;
in:1864 out:1864 type:P dur:2 cpbdur:2 q:38.51 aq:32.51 tex:197460 mv:20214 misc:4998 imb:1539 pmb:1720 smb:4901 d:s ref:0 ;
in:1865 out:1865 type:P dur:2 cpbdur:2 q:38.51 aq:31.38 tex:206593 mv:20691 misc:4652 imb:1673 pmb:1790 smb:4697 d:s ref:0 ;
in:1866 out:1866 type:P dur:2 cpbdur:2 q:38.48 aq:31.74 tex:212860 mv:19764 misc:4600 imb:1333 pmb:1794 smb:5033 d:s ref:0 ;
in:1867 out:1867 type:P dur:2 cpbdur:2 q:39.04 aq:32.50 tex:216299 mv:19860 misc:4673 imb:1345 pmb:1735 smb:5080 d:s ref:0 ;
in:1868 out:1868 type:P dur:2 cpbdur:2 q:39.05 aq:32.71 tex:206478 mv:18956 misc:4878 imb:1299 pmb:1714 smb:5147 d:s ref:0 ;
in:1869 out:1869 type:P dur:2 cpbdur:2 q:39.04 aq:32.61 tex:194121 mv:19654 misc:5001 imb:1381 pmb:1710 smb:5069 d:s ref:0 ;
in:1870 out:1870 type:P dur:2 cpbdur:2 q:38.86 aq:32.57 tex:193600 mv:19250 misc:4710 imb:1365 pmb:1654 smb:5141 d:s ref:0 ;
in:1871 out:1871 type:P dur:2 cpbdur:2 q:38.84 aq:32.30 tex:180416 mv:20451 misc:4949 imb:1384 pmb:1772 smb:5004 d:s ref:0 ;
in:1872 out:1872 type:P dur:2 cpbdur:2 q:38.77 aq:32.70 tex:176313 mv:20741 misc:5042 imb:1479 pmb:1706 smb:4975 d:s ref:0 ;
in:1873 out:1873 type:P dur:2 cpbdur:2 q:38.73 aq:32.17 tex:181942 mv:20709 misc:4909 imb:1393 pmb:1778 smb:4989 d:s ref:0 ;
in:1874 out:1874 type:I dur:2 cpbdur:2 q:34.40 aq:27.42 tex:677823 mv:88525 misc:668 imb:8160 pmb:0 smb:0 d:s ref:;
in:1878 out:1875 type:P dur:2 cpbdur:2 q:39.24 aq:34.40 tex:222199 mv:25385 misc:2944 imb:2312 pmb:1595 smb:4253 d:s ref:0 ;
in:1876 out:1876 type:B dur:2 cpbdur:2 q:39.55 aq:35.06 tex:121188 mv:23966 misc:4366 imb:625 pmb:1634 smb:5901 d:s ref:0 ;
in:1875 out:1877 type:b dur:2 cpbdur:2 q:39.55 aq:37.17 tex:90697 mv:16211 misc:3916 imb:541 pmb:1175 smb:6444 d:s ref:0 ;
in:1877 out:1878 type:b dur:2 cpbdur:2 q:39.55 aq:36.59 tex:89293 mv:17267 misc:3680 imb:544 pmb:1216 smb:6400 d:- ref:0 ;
in:1882 out:1879 type:P dur:2 cpbdur:2 q:39.46 aq:32.86 tex:202203 mv:29722 misc:4123 imb:2971 pmb:1639 smb:3550 d:s ref:0 ;
in:1880 out:1880 type:B dur:2 cpbdur:2 q:39.54 aq:33.73 tex:115018 mv:26106 misc:4652 imb:770 pmb:1713 smb:5677 d:s ref:0 ;
in:1879 out:1881 type:b dur:2 cpbdur:2 q:39.54 aq:35.59 tex:87951 mv:16916 misc:4309 imb:472 pmb:1309 smb:6379 d:s ref:0 ;
in:1881 out:1882 type:b dur:2 cpbdur:2 q:39.54 aq:36.00 tex:76344 mv:15827 misc:4189 imb:414 pmb:1252 smb:6494 d:- ref:0 ;
in:1886 out:1883 type:P dur:2 cpbdur:2 q:39.34 aq:32.71 tex:207450 mv:30181 misc:3697 imb:3113 pmb:1537 smb:3510 d:s ref:0 ;
in:1884 out:1884 type:B dur:2 cpbdur:2 q:39.47 aq:34.06 tex:107544 mv:25606 misc:4642 imb:848 pmb:1686 smb:5626 d:s ref:0 ;
in:1883 out:1885 type:b dur:2 cpbdur:2 q:39.49 aq:35.60 tex:86674 mv:19364 misc:4418 imb:840 pmb:1268 smb:6052 d:s ref:0 ;
in:1885 out:1886 type:b dur:2 cpbdur:2 q:39.49 aq:35.94 tex:85223 mv:17636 misc:4325 imb:531 pmb:1324 smb:6305 d:- ref:0 ;
in:1890 out:1887 type:P dur:2 cpbdur:2 q:39.60 aq:32.64 tex:180494 mv:29157 misc:4301 imb:3565 pmb:1386 smb:3209 d:s ref:0 ;
in:1888 out:1888 type:B dur:2 cpbdur:2 q:39.67 aq:34.83 tex:100845 mv:26378 misc:4961 imb:895 pmb:1697 smb:5568 d:s ref:0 ;
in:1887 out:1889 type:b dur:2 cpbdur:2 q:39.70 aq:35.75 tex:70191 mv:17216 misc:4705 imb:581 pmb:1267 smb:6312 d:s ref:0 ;
in:1889 out:1890 type:b dur:2 cpbdur:2 q:39.70 aq:35.41 tex:67242 mv:19197 misc:4481 imb:946 pmb:1153 smb:6061 d:- ref:0 ;
in:1894 out:1891 type:P dur:2 cpbdur:2 q:39.55 aq:32.56 tex:203197 mv:28121 misc:4074 imb:3338 pmb:1241 smb:3581 d:s ref:0 ;
in:1892 out:1892 type:B dur:2 cpbdur:2 q:39.65 aq:34.61 tex:100840 mv:25212 misc:4588 imb:885 pmb:1601 smb:5674 d:s ref:0 ;
in:1891 out:1893 type:b dur:2 cpbdur:2 q:39.68 aq:35.76 tex:70159 mv:17822 misc:4707 imb:578 pmb:1310 smb:6272 d:s ref:0 ;
in:1893 out:1894 type:b dur:2 cpbdur:2 q:39.68 aq:37.85 tex:71509 mv:16336 misc:4115 imb:517 pmb:1148 smb:6495 d:- ref:0 ;
in:1898 out:1895 type:P dur:2 cpbdur:2 q:39.65 aq:32.65 tex:163935 mv:28999 misc:4482 imb:3572 pmb:1312 smb:3276 d:s ref:0 ;
in:1896 out:1896 type:B dur:2 cpbdur:2 q:39.87 aq:34.88 tex:96741 mv:26163 misc:4800 imb:1051 pmb:1482 smb:5627 d:s ref:0 ;
in:1895 out:1897 type:b dur:2 cpbdur:2 q:39.91 aq:35.28 tex:67600 mv:17781 misc:4827 imb:670 pmb:1204 smb:6286 d:s ref:0 ;
in:1897 out:1898 type:b dur:2 cpbdur:2 q:39.91 aq:35.81 tex:61883 mv:15972 misc:4193 imb:646 pmb:1029 smb:6485 d:- ref:0 ;
in:1902 out:1899 type:P dur:2 cpbdur:2 q:39.05 aq:31.90 tex:173782 mv:28431 misc:4475 imb:3251 pmb:1202 smb:3707 d:s ref:0 ;
in:1900 out:1900 type:B dur:2 cpbdur:2 q:39.72 aq:34.47 tex:90412 mv:23495 misc:4501 imb:886 pmb:1382 smb:5892 d:s ref:0 ;
in:1899 out:1901 type:b dur:2 cpbdur:2 q:39.77 aq:35.33 tex:62871 mv:15172 misc:4029 imb:470 pmb:1098 smb:6592 d:s ref:0 ;
in:1901 out:1902 type:b dur:2 cpbdur:2 q:39.77 aq:36.07 tex:73572 mv:20329 misc:3803 imb:1196 pmb:1032 smb:5932 d:- ref:0 ;
in:1906 out:1903 type:P dur:2 cpbdur:2 q:38.88 aq:30.93 tex:192758 mv:28833 misc:4409 imb:3565 pmb:1209 smb:3386 d:s ref:0 ;
in:1904 out:1904 type:B dur:2 cpbdur:2 q:39.55 aq:34.82 tex:87266 mv:22349 misc:4257 imb:727 pmb:1349 smb:6084 d:s ref:0 ;
in:1903 out:1905 type:b dur:2 cpbdur:2 q:39.64 aq:35.97 tex:69436 mv:18539 misc:4273 imb:817 pmb:1072 smb:6271 d:s ref:0 ;
in:1905 out:1906 type:b dur:2 cpbdur:2 q:39.64 aq:36.24 tex:62519 mv:17455 misc:3978 imb:853 pmb:1036 smb:6271 d:- ref:0 ;
in:1910 out:1907 type:P dur:2 cpbdur:2 q:38.97 aq:31.53 tex:206552 mv:29591 misc:3977 imb:3661 pmb:1180 smb:3319 d:s ref:0 ;
in:1908 out:1908 type:B dur:2 cpbdur:2 q:39.66 aq:34.14 tex:105843 mv:26770 misc:4787 imb:1070 pmb:1491 smb:5599 d:s ref:0 ;
in:1907 out:1909 type:b dur:2 cpbdur:2 q:39.66 aq:34.72 tex:81253 mv:18442 misc:4633 imb:660 pmb:1219 smb:6281 d:s ref:0 ;
in:1909 out:1910 type:b dur:2 cpbdur:2 q:39.66 aq:34.38 tex:76639 mv:18981 misc:4204 imb:1008 pmb:1128 smb:6024 d:- ref:0 ;
in:1914 out:1911 type:P dur:2 cpbdur:2 q:39.22 aq:31.59 tex:196049 mv:31595 misc:4764 imb:3620 pmb:1263 smb:3277 d:s ref:0 ;
in:1912 out:1912 type:B dur:2 cpbdur:2 q:39.33 aq:33.87 tex:108866 mv:26884 misc:4994 imb:897 pmb:1566 smb:5697 d:s ref:0 ;
in:1911 out:1913 type:b dur:2 cpbdur:2 q:39.42 aq:34.86 tex:77719 mv:18221 misc:4412 imb:560 pmb:1256 smb:6344 d:s ref:0 ;
in:1913 out:1914 type:b dur:2 cpbdur:2 q:39.42 aq:35.98 tex:79115 mv:16555 misc:4194 imb:519 pmb:1170 smb:6471 d:- ref:0 ;
in:1918 out:1915 type:P dur:2 cpbdur:2 q:39.23 aq:31.87 tex:176578 mv:30947 misc:4843 imb:3566 pmb:1339 smb:3255 d:s ref:0 ;
in:1916 out:1916 type:B dur:2 cpbdur:2 q:39.51 aq:34.43 tex:101040 mv:24647 misc:4857 imb:887 pmb:1463 smb:5810 d:s ref:0 ;
in:1915 out:1917 type:b dur:2 cpbdur:2 q:39.61 aq:35.63 tex:70763 mv:17407 misc:4550 imb:627 pmb:1162 smb:6371 d:s ref:0 ;
in:1917 out:1918 type:b dur:2 cpbdur:2 q:39.61 aq:36.35 tex:75774 mv:19090 misc:4152 imb:1044 pmb:1083 smb:6033 d:- ref:0 ;
in:1922 out:1919 type:P dur:2 cpbdur:2 q:39.05 aq:31.88 tex:196910 mv:28933 misc:5149 imb:3672 pmb:1076 smb:3412 d:s ref:0 ;
in:1920 out:1920 type:B dur:2 cpbdur:2 q:39.82 aq:33.63 tex:99293 mv:25043 misc:4776 imb:1036 pmb:1442 smb:5682 d:s ref:0 ;
in:1919 out:1921 type:b dur:2 cpbdur:2 q:39.82 aq:35.60 tex:78263 mv:20932 misc:4725 imb:984 pmb:1218 smb:5958 d:s ref:0 ;
in:1921 out:1922 type:b dur:2 cpbdur:2 q:39.82 aq:36.01 tex:69632 mv:16443 misc:4205 imb:528 pmb:1125 smb:6507 d:- ref:0 ;
in:1926 out:1923 type:P dur:2 cpbdur:2 q:39.02 aq:32.24 tex:175829 mv:30014 misc:5109 imb:3361 pmb:1261 smb:3538 d:s ref:0 ;
in:1924 out:1924 type:B dur:2 cpbdur:2 q:39.32 aq:33.48 tex:105394 mv:27270 misc:4968 imb:1004 pmb:1525 smb:5631 d:s ref:0 ;
in:1923 out:1925 type:b dur:2 cpbdur:2 q:39.42 aq:34.35 tex:67759 mv:18243 misc:4598 imb:596 pmb:1211 smb:6353 d:s ref:0 ;
in:1925 out:1926 type:b dur:2 cpbdur:2 q:39.42 aq:34.09 tex:81509 mv:18978 misc:4337 imb:768 pmb:1130 smb:6262 d:- ref:0 ;
in:1930 out:1927 type:P dur:2 cpbdur:2 q:38.65 aq:31.02 tex:185552 mv:29598 misc:4506 imb:4476 pmb:982 smb:2702 d:s ref:0 ;
in:1928 out:1928 type:B dur:2 cpbdur:2 q:39.15 aq:33.62 tex:102017 mv:26960 misc:5143 imb:985 pmb:1480 smb:5695 d:s ref:0 ;
in:1927 out:1929 type:b dur:2 cpbdur:2 q:39.26 aq:33.78 tex:76424 mv:19604 misc:4748 imb:715 pmb:1242 smb:6203 d:s ref:0 ;
in:1929 out:1930 type:b dur:2 cpbdur:2 q:39.26 aq:35.08 tex:80914 mv:19979 misc:4179 imb:974 pmb:1117 smb:6069 d:- ref:0 ;
in:1934 out:1931 type:P dur:2 cpbdur:2 q:38.41 aq:31.37 tex:187261 mv:29151 misc:4852 imb:4164 pmb:1030 smb:2966 d:s ref:0 ;
in:1932 out:1932 type:B dur:2 cpbdur:2 q:39.69 aq:33.71 tex:105034 mv:23087 misc:4623 imb:1005 pmb:1349 smb:5806 d:s ref:0 ;
in:1931 out:1933 type:b dur:2 cpbdur:2 q:39.69 aq:35.27 tex:76120 mv:20174 misc:4346 imb:1104 pmb:1123 smb:5933 d:s ref:0 ;
in:1933 out:1934 type:b dur:2 cpbdur:2 q:39.69 aq:35.65 tex:79803 mv:16898 misc:4059 imb:797 pmb:983 smb:6380 d:- ref:0 ;
in:1938 out:1935 type:P dur:2 cpbdur:2 q:38.47 aq:31.28 tex:204691 mv:29616 misc:4701 imb:3886 pmb:992 smb:3282 d:s ref:0 ;
in:1936 out:1936 type:B dur:2 cpbdur:2 q:38.73 aq:32.87 tex:126039 mv:27798 misc:4723 imb:1155 pmb:1657 smb:5348 d:s ref:0 ;
in:1935 out:1937 type:b dur:2 cpbdur:2 q:38.84 aq:34.66 tex:96790 mv:21744 misc:4450 imb:989 pmb:1266 smb:5905 d:s ref:0 ;
in:1937 out:1938 type:b dur:2 cpbdur:2 q:38.84 aq:34.56 tex:100491 mv:21749 misc:4696 imb:983 pmb:1313 smb:5864 d:- ref:0 ;
in:1942 out:1939 type:P dur:2 cpbdur:2 q:38.84 aq:32.13 tex:204060 mv:30229 misc:4303 imb:4402 pmb:913 smb:2845 d:s ref:0 ;
in:1940 out:1940 type:B dur:2 cpbdur:2 q:39.27 aq:33.83 tex:152508 mv:29031 misc:4749 imb:1592 pmb:1496 smb:5072 d:s ref:0 ;
in:1939 out:1941 type:b dur:2 cpbdur:2 q:39.27 aq:34.51 tex:99453 mv:22863 misc:4764 imb:868 pmb:1468 smb:5824 d:s ref:0 ;
in:1941 out:1942 type:b dur:2 cpbdur:2 q:39.27 aq:33.84 tex:106222 mv:21715 misc:4455 imb:791 pmb:1386 smb:5983 d:- ref:0 ;
in:1946 out:1943 type:P dur:2 cpbdur:2 q:39.06 aq:32.00 tex:185103 mv:30334 misc:3563 imb:4966 pmb:888 smb:2306 d:s ref:0 ;
in:1944 out:1944 type:B dur:2 cpbdur:2 q:39.52 aq:34.93 tex:138587 mv:28487 misc:4790 imb:1564 pmb:1469 smb:5127 d:s ref:0 ;
in:1943 out:1945 type:b dur:2 cpbdur:2 q:39.52 aq:35.82 tex:108408 mv:22012 misc:4676 imb:935 pmb:1368 smb:5857 d:s ref:0 ;
in:1945 out:1946 type:b dur:2 cpbdur:2 q:39.52 aq:35.18 tex:99862 mv:21609 misc:4689 imb:1023 pmb:1281 smb:5856 d:- ref:0 ;
in:1950 out:1947 type:P dur:2 cpbdur:2 q:38.85 aq:32.01 tex:194309 mv:29426 misc:3569 imb:4574 pmb:850 smb:2736 d:s ref:0 ;
in:1948 out:1948 type:B dur:2 cpbdur:2 q:39.47 aq:34.87 tex:130372 mv:27946 misc:4706 imb:1460 pmb:1448 smb:5252 d:s ref:0 ;
in:1947 out:1949 type:b dur:2 cpbdur:2 q:39.47 aq:35.58 tex:95463 mv:23577 misc:4800 imb:1043 pmb:1406 smb:5711 d:s ref:0 ;
in:1949 out:1950 type:b dur:2 cpbdur:2 q:39.47 aq:35.19 tex:87798 mv:21007 misc:4675 imb:1046 pmb:1242 smb:5872 d:- ref:0 ;
in:1954 out:1951 type:P dur:2 cpbdur:2 q:38.53 aq:30.86 tex:189816 mv:29236 misc:4300 imb:4405 pmb:889 smb:2866 d:s ref:0 ;
in:1952 out:1952 type:B dur:2 cpbdur:2 q:39.36 aq:33.38 tex:116041 mv:25874 misc:4461 imb:1414 pmb:1293 smb:5453 d:s ref:0 ;
in:1951 out:1953 type:b dur:2 cpbdur:2 q:39.36 aq:34.05 tex:94074 mv:20602 misc:4572 imb:991 pmb:1239 smb:5930 d:s ref:0 ;
in:1953 out:1954 type:b dur:2 cpbdur:2 q:39.36 aq:34.09 tex:80626 mv:19659 misc:4667 imb:979 pmb:1215 smb:5966 d:- ref:0 ;
in:1958 out:1955 type:P dur:2 cpbdur:2 q:38.30 aq:30.73 tex:184478 mv:28296 misc:4762 imb:4238 pmb:911 smb:3011 d:s ref:0 ;
in:1956 out:1956 type:B dur:2 cpbdur:2 q:38.98 aq:32.70 tex:126326 mv:25182 misc:4516 imb:1350 pmb:1310 smb:5500 d:s ref:0 ;
in:1955 out:1957 type:b dur:2 cpbdur:2 q:38.98 aq:33.90 tex:98617 mv:20113 misc:4678 imb:925 pmb:1250 smb:5985 d:s ref:0 ;
in:1957 out:1958 type:b dur:2 cpbdur:2 q:38.98 aq:33.48 tex:91162 mv:19078 misc:4120 imb:873 pmb:1140 smb:6147 d:- ref:0 ;
in:1962 out:1959 type:P dur:2 cpbdur:2 q:38.19 aq:30.46 tex:202619 mv:28634 misc:4955 imb:3791 pmb:948 smb:3421 d:s ref:0 ;
in:1960 out:1960 type:B dur:2 cpbdur:2 q:38.89 aq:33.29 tex:117942 mv:23418 misc:4296 imb:1058 pmb:1287 smb:5815 d:s ref:0 ;
in:1959 out:1961 type:b dur:2 cpbdur:2 q:38.89 aq:34.07 tex:104763 mv:19317 misc:4248 imb:861 pmb:1125 smb:6174 d:s ref:0 ;
in:1961 out:1962 type:b dur:2 cpbdur:2 q:38.89 aq:33.52 tex:91701 mv:18048 misc:3971 imb:841 pmb:1030 smb:6289 d:- ref:0 ;
in:1966 out:1963 type:P dur:2 cpbdur:2 q:38.38 aq:30.81 tex:194567 mv:24823 misc:4818 imb:3536 pmb:954 smb:3670 d:s ref:0 ;
in:1964 out:1964 type:B dur:2 cpbdur:2 q:38.51 aq:32.16 tex:124693 mv:23438 misc:4373 imb:1124 pmb:1227 smb:5809 d:s ref:0 ;
in:1963 out:1965 type:b dur:2 cpbdur:2 q:38.59 aq:32.77 tex:96444 mv:20451 misc:4433 imb:853 pmb:1197 smb:6110 d:s ref:0 ;
in:1965 out:1966 type:b dur:2 cpbdur:2 q:38.59 aq:33.66 tex:91120 mv:19595 misc:4237 imb:986 pmb:1145 smb:6029 d:- ref:0 ;
in:1970 out:1967 type:P dur:2 cpbdur:2 q:38.13 aq:30.22 tex:191526 mv:27833 misc:4777 imb:3968 pmb:1085 smb:3107 d:s ref:0 ;
in:1968 out:1968 type:B dur:2 cpbdur:2 q:38.74 aq:32.83 tex:120047 mv:22992 misc:4361 imb:1012 pmb:1266 smb:5882 d:s ref:0 ;
in:1967 out:1969 type:b dur:2 cpbdur:2 q:38.74 aq:34.18 tex:96350 mv:18428 misc:3918 imb:730 pmb:1143 smb:6287 d:s ref:0 ;
in:1969 out:1970 type:b dur:2 cpbdur:2 q:38.74 aq:33.77 tex:92678 mv:17626 misc:3816 imb:865 pmb:1065 smb:6230 d:- ref:0 ;
in:1974 out:1971 type:P dur:2 cpbdur:2 q:38.07 aq:29.80 tex:194058 mv:27078 misc:4376 imb:4087 pmb:1064 smb:3009 d:s ref:0 ;
in:1972 out:1972 type:B dur:2 cpbdur:2 q:38.68 aq:32.45 tex:127669 mv:22132 misc:3887 imb:984 pmb:1173 smb:6003 d:s ref:0 ;
in:1971 out:1973 type:b dur:2 cpbdur:2 q:38.68 aq:33.49 tex:92672 mv:19485 misc:4219 imb:745 pmb:1259 smb:6156 d:s ref:0 ;
in:1973 out:1974 type:b dur:2 cpbdur:2 q:38.68 aq:34.17 tex:93616 mv:17864 misc:3784 imb:823 pmb:1113 smb:6224 d:- ref:0 ;
in:1978 out:1975 type:P dur:2 cpbdur:2 q:38.32 aq:31.03 tex:212396 mv:24807 misc:4309 imb:3421 pmb:1041 smb:3698 d:s ref:0 ;
in:1976 out:1976 type:B dur:2 cpbdur:2 q:38.62 aq:32.49 tex:123592 mv:22322 misc:4286 imb:983 pmb:1319 smb:5858 d:s ref:0 ;
in:1975 out:1977 type:b dur:2 cpbdur:2 q:38.62 aq:33.92 tex:97119 mv:17283 misc:3982 imb:657 pmb:1224 smb:6279 d:s ref:0 ;
in:1977 out:1978 type:b dur:2 cpbdur:2 q:38.62 aq:33.47 tex:91006 mv:15873 misc:3457 imb:595 pmb:1092 smb:6473 d:- ref:0 ;
in:1982 out:1979 type:P dur:2 cpbdur:2 q:38.49 aq:31.10 tex:187127 mv:24621 misc:5196 imb:2851 pmb:1172 smb:4137 d:s ref:0 ;
in:1980 out:1980 type:B dur:2 cpbdur:2 q:38.56 aq:31.50 tex:122028 mv:21307 misc:4161 imb:907 pmb:1243 smb:6010 d:s ref:0 ;
in:1979 out:1981 type:b dur:2 cpbdur:2 q:38.56 aq:33.44 tex:95315 mv:17937 misc:4132 imb:701 pmb:1158 smb:6301 d:s ref:0 ;
in:1981 out:1982 type:b dur:2 cpbdur:2 q:38.56 aq:34.11 tex:94520 mv:18380 misc:3772 imb:960 pmb:1097 smb:6103 d:- ref:0 ;
in:1986 out:1983 type:P dur:2 cpbdur:2 q:38.63 aq:30.69 tex:184176 mv:25941 misc:4563 imb:3883 pmb:1093 smb:3184 d:s ref:0 ;
in:1984 out:1984 type:B dur:2 cpbdur:2 q:38.77 aq:32.50 tex:113646 mv:22201 misc:4313 imb:895 pmb:1330 smb:5935 d:s ref:0 ;
in:1983 out:1985 type:b dur:2 cpbdur:2 q:38.77 aq:34.01 tex:82870 mv:18100 misc:4030 imb:1005 pmb:1064 smb:6091 d:s ref:0 ;
in:1985 out:1986 type:b dur:2 cpbdur:2 q:38.77 aq:33.03 tex:77827 mv:15448 misc:3925 imb:580 pmb:1167 smb:6413 d:- ref:0 ;
in:1990 out:1987 type:P dur:2 cpbdur:2 q:38.72 aq:30.96 tex:170067 mv:23952 misc:4653 imb:3028 pmb:1081 smb:4051 d:s ref:0 ;
in:1988 out:1988 type:B dur:2 cpbdur:2 q:38.87 aq:32.37 tex:105228 mv:20517 misc:4103 imb:798 pmb:1251 smb:6111 d:s ref:0 ;
in:1987 out:1989 type:b dur:2 cpbdur:2 q:38.89 aq:34.51 tex:70750 mv:15532 misc:3894 imb:626 pmb:991 smb:6543 d:s ref:0 ;
in:1989 out:1990 type:b dur:2 cpbdur:2 q:38.89 aq:34.99 tex:75028 mv:13442 misc:3514 imb:491 pmb:942 smb:6727 d:- ref:0 ;
in:1994 out:1991 type:P dur:2 cpbdur:2 q:38.73 aq:30.83 tex:158654 mv:23882 misc:4608 imb:3204 pmb:1096 smb:3860 d:s ref:0 ;
in:1992 out:1992 type:B dur:2 cpbdur:2 q:38.93 aq:32.66 tex:90824 mv:19814 misc:4058 imb:689 pmb:1280 smb:6191 d:s ref:0 ;
in:1991 out:1993 type:b dur:2 cpbdur:2 q:38.96 aq:34.40 tex:72757 mv:15590 misc:3981 imb:803 pmb:878 smb:6479 d:s ref:0 ;
in:1993 out:1994 type:b dur:2 cpbdur:2 q:38.96 aq:34.84 tex:69956 mv:13116 misc:3472 imb:581 pmb:921 smb:6658 d:- ref:0 ;
in:1998 out:1995 type:P dur:2 cpbdur:2 q:38.01 aq:30.06 tex:172024 mv:26992 misc:4912 imb:3595 pmb:1167 smb:3398 d:s ref:0 ;
in:1996 out:1996 type:B dur:2 cpbdur:2 q:38.80 aq:33.39 tex:89451 mv:19161 misc:4092 imb:673 pmb:1225 smb:6262 d:s ref:0 ;
in:1995 out:1997 type:b dur:2 cpbdur:2 q:38.85 aq:33.73 tex:75254 mv:14095 misc:3779 imb:543 pmb:988 smb:6629 d:s ref:0 ;
in:1997 out:1998 type:b dur:2 cpbdur:2 q:38.85 aq:34.91 tex:68757 mv:14543 misc:3652 imb:765 pmb:870 smb:6525 d:- ref:0 ;
in:2002 out:1999 type:P dur:2 cpbdur:2 q:37.96 aq:29.04 tex:207551 mv:26258 misc:4591 imb:3082 pmb:1260 smb:3818 d:s ref:0 ;
in:2000 out:2000 type:B dur:2 cpbdur:2 q:38.34 aq:31.77 tex:92880 mv:19934 misc:4202 imb:734 pmb:1218 smb:6208 d:s ref:0 ;
in:1999 out:2001 type:b dur:2 cpbdur:2 q:38.48 aq:33.59 tex:64910 mv:14083 misc:4071 imb:516 pmb:1037 smb:6607 d:s ref:0 ;
in:2001 out:2002 type:b dur:2 cpbdur:2 q:38.48 aq:33.72 tex:61204 mv:13983 misc:3597 imb:603 pmb:950 smb:6607 d:- ref:0 ;
in:2006 out:2003 type:P dur:2 cpbdur:2 q:38.01 aq:30.10 tex:188303 mv:25449 misc:4736 imb:2771 pmb:1361 smb:4028 d:s ref:0 ;
in:2004 out:2004 type:B dur:2 cpbdur:2 q:38.21 aq:32.17 tex:106193 mv:20883 misc:4100 imb:796 pmb:1349 smb:6015 d:s ref:0 ;
in:2003 out:2005 type:b dur:2 cpbdur:2 q:38.29 aq:33.19 tex:69189 mv:14934 misc:3885 imb:537 pmb:1123 smb:6500 d:s ref:0 ;
in:2005 out:2006 type:b dur:2 cpbdur:2 q:38.29 aq:33.72 tex:68762 mv:13221 misc:3697 imb:390 pmb:1085 smb:6685 d:- ref:0 ;
in:2010 out:2007 type:P dur:2 cpbdur:2 q:38.03 aq:29.70 tex:178811 mv:24863 misc:4886 imb:2971 pmb:1283 smb:3906 d:s ref:0 ;
in:2008 out:2008 type:B dur:2 cpbdur:2 q:38.25 aq:32.13 tex:100880 mv:20012 misc:4084 imb:693 pmb:1327 smb:6140 d:s ref:0 ;
in:2007 out:2009 type:b dur:2 cpbdur:2 q:38.33 aq:33.67 tex:69967 mv:13812 misc:3661 imb:519 pmb:963 smb:6678 d:s ref:0 ;
in:2009 out:2010 type:b dur:2 cpbdur:2 q:38.33 aq:34.06 tex:75965 mv:13138 misc:3385 imb:568 pmb:880 smb:6712 d:- ref:0 ;
in:2014 out:2011 type:P dur:2 cpbdur:2 q:37.82 aq:28.97 tex:186524 mv:26151 misc:4941 imb:3029 pmb:1335 smb:3796 d:s ref:0 ;
in:2012 out:2012 type:B dur:2 cpbdur:2 q:38.81 aq:34.71 tex:107940 mv:17646 misc:3534 imb:641 pmb:1183 smb:6336 d:s ref:0 ;
in:2011 out:2013 type:b dur:2 cpbdur:2 q:38.81 aq:34.62 tex:78617 mv:12861 misc:3482 imb:557 pmb:887 smb:6716 d:s ref:0 ;
in:2013 out:2014 type:b dur:2 cpbdur:2 q:38.81 aq:35.43 tex:80581 mv:12036 misc:3159 imb:475 pmb:862 smb:6823 d:- ref:0 ;
in:2018 out:2015 type:P dur:2 cpbdur:2 q:37.71 aq:28.98 tex:200333 mv:23502 misc:4613 imb:2536 pmb:1325 smb:4299 d:s ref:0 ;
in:2016 out:2016 type:B dur:2 cpbdur:2 q:38.76 aq:33.86 tex:111256 mv:20044 misc:3324 imb:941 pmb:1189 smb:6030 d:s ref:0 ;
in:2015 out:2017 type:b dur:2 cpbdur:2 q:38.76 aq:33.42 tex:85494 mv:13436 misc:3502 imb:552 pmb:989 smb:6619 d:s ref:0 ;
in:2017 out:2018 type:b dur:2 cpbdur:2 q:38.76 aq:34.27 tex:87446 mv:13036 misc:3110 imb:609 pmb:881 smb:6670 d:- ref:0 ;
in:2022 out:2019 type:P dur:2 cpbdur:2 q:37.63 aq:28.87 tex:202793 mv:23170 misc:4693 imb:2735 pmb:1265 smb:4160 d:s ref:0 ;
in:2020 out:2020 type:B dur:2 cpbdur:2 q:38.49 aq:33.96 tex:111618 mv:19088 misc:3374 imb:847 pmb:1166 smb:6147 d:s ref:0 ;
in:2019 out:2021 type:b dur:2 cpbdur:2 q:38.49 aq:34.68 tex:96266 mv:13568 misc:3158 imb:626 pmb:897 smb:6637 d:s ref:0 ;
in:2021 out:2022 type:b dur:2 cpbdur:2 q:38.49 aq:33.56 tex:100307 mv:13216 misc:2997 imb:557 pmb:919 smb:6684 d:- ref:0 ;
in:2026 out:2023 type:P dur:2 cpbdur:2 q:37.77 aq:28.68 tex:209906 mv:23692 misc:4578 imb:2824 pmb:1334 smb:4002 d:s ref:0 ;
in:2024 out:2024 type:B dur:2 cpbdur:2 q:38.46 aq:33.76 tex:120244 mv:18458 misc:3226 imb:655 pmb:1259 smb:6246 d:s ref:0 ;
in:2023 out:2025 type:b dur:2 cpbdur:2 q:38.46 aq:32.99 tex:104762 mv:13915 misc:3075 imb:552 pmb:981 smb:6627 d:s ref:0 ;
in:2025 out:2026 type:b dur:2 cpbdur:2 q:38.46 aq:35.56 tex:97947 mv:14408 misc:3213 imb:697 pmb:946 smb:6517 d:- ref:0 ;
in:2030 out:2027 type:P dur:2 cpbdur:2 q:37.80 aq:29.10 tex:194781 mv:19694 misc:4365 imb:1787 pmb:1272 smb:5101 d:s ref:0 ;
in:2028 out:2028 type:B dur:2 cpbdur:2 q:38.04 aq:32.58 tex:111349 mv:16738 misc:3449 imb:633 pmb:1136 smb:6391 d:s ref:0 ;
in:2027 out:2029 type:b dur:2 cpbdur:2 q:38.14 aq:35.10 tex:84969 mv:12102 misc:2937 imb:458 pmb:905 smb:6797 d:s ref:0 ;
in:2029 out:2030 type:b dur:2 cpbdur:2 q:38.14 aq:35.81 tex:90523 mv:10913 misc:2836 imb:424 pmb:849 smb:6887 d:- ref:0 ;
in:2034 out:2031 type:P dur:2 cpbdur:2 q:37.60 aq:29.17 tex:207841 mv:19674 misc:4285 imb:1554 pmb:1354 smb:5252 d:s ref:0 ;
in:2032 out:2032 type:B dur:2 cpbdur:2 q:37.92 aq:32.68 tex:117416 mv:17965 misc:3419 imb:648 pmb:1217 smb:6295 d:t ref:0 ;
in:2031 out:2033 type:b dur:2 cpbdur:2 q:38.03 aq:34.20 tex:86701 mv:10401 misc:2666 imb:379 pmb:799 smb:6982 d:s ref:0 ;
in:2033 out:2034 type:b dur:2 cpbdur:2 q:38.03 aq:34.83 tex:101650 mv:11607 misc:2551 imb:409 pmb:876 smb:6875 d:- ref:0 ;
in:2038 out:2035 type:P dur:2 cpbdur:2 q:37.82 aq:29.21 tex:195751 mv:20675 misc:4486 imb:1794 pmb:1332 smb:5034 d:s ref:0 ;
in:2036 out:2036 type:B dur:2 cpbdur:2 q:37.97 aq:31.61 tex:127035 mv:17688 misc:3445 imb:667 pmb:1168 smb:6325 d:t ref:0 ;
in:2035 out:2037 type:b dur:2 cpbdur:2 q:38.08 aq:33.91 tex:100832 mv:14415 misc:2793 imb:812 pmb:862 smb:6486 d:s ref:0 ;
in:2037 out:2038 type:b dur:2 cpbdur:2 q:38.08 aq:34.97 tex:102280 mv:11038 misc:2602 imb:466 pmb:820 smb:6874 d:- ref:0 ;
in:2040 out:2039 type:P dur:2 cpbdur:2 q:37.41 aq:30.08 tex:190016 mv:16297 misc:3679 imb:1299 pmb:1233 smb:5628 d:s ref:0 ;
in:2039 out:2040 type:b dur:2 cpbdur:2 q:37.97 aq:35.05 tex:105644 mv:11281 misc:2563 imb:493 pmb:767 smb:6900 d:s ref:0 ;
in:2041 out:2041 type:P dur:2 cpbdur:2 q:37.25 aq:29.24 tex:198874 mv:15050 misc:3468 imb:1195 pmb:1298 smb:5667 d:s ref:0 ;
in:2042 out:2042 type:P dur:2 cpbdur:2 q:37.26 aq:29.12 tex:217816 mv:14933 misc:3691 imb:1193 pmb:1250 smb:5717 d:s ref:0 ;
in:2043 out:2043 type:P dur:2 cpbdur:2 q:37.40 aq:29.86 tex:189745 mv:14685 misc:3610 imb:1200 pmb:1279 smb:5681 d:s ref:0 ;
in:2044 out:2044 type:P dur:2 cpbdur:2 q:37.48 aq:29.86 tex:184581 mv:14403 misc:3656 imb:1246 pmb:1155 smb:5759 d:s ref:0 ;
in:2045 out:2045 type:P dur:2 cpbdur:2 q:37.55 aq:30.42 tex:177592 mv:13920 misc:3624 imb:1122 pmb:1176 smb:5862 d:s ref:0 ;
in:2046 out:2046 type:P dur:2 cpbdur:2 q:37.27 aq:30.05 tex:209118 mv:14467 misc:3159 imb:1124 pmb:1251 smb:5785 d:s ref:0 ;
in:2047 out:2047 type:P dur:2 cpbdur:2 q:37.39 aq:29.84 tex:194531 mv:14101 misc:3256 imb:1198 pmb:1171 smb:5791 d:s ref:0 ;
in:2048 out:2048 type:P dur:2 cpbdur:2 q:37.35 aq:30.13 tex:199667 mv:15798 misc:3735 imb:1322 pmb:1305 smb:5533 d:s ref:0 ;
in:2049 out:2049 type:P dur:2 cpbdur:2 q:37.30 aq:29.02 tex:208009 mv:14601 misc:3374 imb:1251 pmb:1217 smb:5692 d:s ref:0 ;
in:2050 out:2050 type:P dur:2 cpbdur:2 q:37.20 aq:29.46 tex:211395 mv:14151 misc:3246 imb:1160 pmb:1271 smb:5729 d:s ref:0 ;
in:2051 out:2051 type:P dur:2 cpbdur:2 q:37.48 aq:31.21 tex:199433 mv:14342 misc:3193 imb:1176 pmb:1246 smb:5738 d:s ref:0 ;
in:2052 out:2052 type:P dur:2 cpbdur:2 q:37.44 aq:29.70 tex:187828 mv:14285 misc:3447 imb:1261 pmb:1204 smb:5695 d:s ref:0 ;
in:2053 out:2053 type:P dur:2 cpbdur:2 q:37.31 aq:29.31 tex:204018 mv:15544 misc:3614 imb:1446 pmb:1233 smb:5481 d:s ref:0 ;
in:2054 out:2054 type:P dur:2 cpbdur:2 q:37.35 aq:29.46 tex:216961 mv:14262 misc:3377 imb:1195 pmb:1209 smb:5756 d:s ref:0 ;
in:2055 out:2055 type:P dur:2 cpbdur:2 q:37.48 aq:30.05 tex:194391 mv:14762 misc:3599 imb:1231 pmb:1215 smb:5714 d:s ref:0 ;
in:2056 out:2056 type:P dur:2 cpbdur:2 q:37.46 aq:30.66 tex:208540 mv:15604 misc:3432 imb:1411 pmb:1199 smb:5550 d:s ref:0 ;
in:2057 out:2057 type:P dur:2 cpbdur:2 q:37.45 aq:30.94 tex:208913 mv:13355 misc:2884 imb:1341 pmb:1053 smb:5766 d:s ref:0 ;
in:2058 out:2058 type:P dur:2 cpbdur:2 q:38.35 aq:31.41 tex:229426 mv:14381 misc:2985 imb:1170 pmb:1172 smb:5818 d:s ref:0 ;
in:2059 out:2059 type:P dur:2 cpbdur:2 q:38.37 aq:31.58 tex:218540 mv:14035 misc:3065 imb:1214 pmb:1182 smb:5764 d:s ref:0 ;
in:2060 out:2060 type:P dur:2 cpbdur:2 q:38.62 aq:32.00 tex:175690 mv:12806 misc:3240 imb:1220 pmb:1072 smb:5868 d:s ref:0 ;
in:2061 out:2061 type:P dur:2 cpbdur:2 q:38.40 aq:32.82 tex:192177 mv:13216 misc:2871 imb:1207 pmb:1113 smb:5840 d:s ref:0 ;
in:2062 out:2062 type:P dur:2 cpbdur:2 q:38.29 aq:31.02 tex:210211 mv:14322 misc:3227 imb:1324 pmb:1083 smb:5753 d:s ref:0 ;
in:2063 out:2063 type:P dur:2 cpbdur:2 q:38.28 aq:30.97 tex:216696 mv:14204 misc:3004 imb:1221 pmb:1118 smb:5821 d:s ref:0 ;
in:2064 out:2064 type:P dur:2 cpbdur:2 q:38.21 aq:32.40 tex:200376 mv:13448 misc:3104 imb:1232 pmb:1082 smb:5846 d:s ref:0 ;
in:2065 out:2065 type:P dur:2 cpbdur:2 q:38.69 aq:32.43 tex:224197 mv:14896 misc:3139 imb:1275 pmb:1133 smb:5752 d:s ref:0 ;
in:2066 out:2066 type:P dur:2 cpbdur:2 q:38.82 aq:31.72 tex:185271 mv:13628 misc:3077 imb:1249 pmb:1091 smb:5820 d:s ref:0 ;
in:2067 out:2067 type:P dur:2 cpbdur:2 q:38.77 aq:30.52 tex:201212 mv:14586 misc:3314 imb:1490 pmb:1111 smb:5559 d:s ref:0 ;
in:2068 out:2068 type:P dur:2 cpbdur:2 q:38.79 aq:32.54 tex:204993 mv:13634 misc:3069 imb:1326 pmb:1066 smb:5768 d:s ref:0 ;
in:2069 out:2069 type:P dur:2 cpbdur:2 q:38.86 aq:31.28 tex:179078 mv:13707 misc:3191 imb:1357 pmb:1053 smb:5750 d:s ref:0 ;
in:2070 out:2070 type:P dur:2 cpbdur:2 q:38.79 aq:32.45 tex:195728 mv:14537 misc:3007 imb:1340 pmb:1111 smb:5709 d:s ref:0 ;
in:2071 out:2071 type:P dur:2 cpbdur:2 q:38.80 aq:31.87 tex:189576 mv:14538 misc:3094 imb:1533 pmb:1041 smb:5586 d:s ref:0 ;
in:2072 out:2072 type:P dur:2 cpbdur:2 q:38.74 aq:31.96 tex:185129 mv:14246 misc:3297 imb:1307 pmb:1117 smb:5736 d:s ref:0 ;
in:2073 out:2073 type:P dur:2 cpbdur:2 q:38.56 aq:31.01 tex:208588 mv:14427 misc:3033 imb:1417 pmb:1068 smb:5675 d:s ref:0 ;
in:2074 out:2074 type:P dur:2 cpbdur:2 q:38.46 aq:31.52 tex:222232 mv:15597 misc:3451 imb:1480 pmb:1107 smb:5573 d:s ref:0 ;
in:2075 out:2075 type:P dur:2 cpbdur:2 q:38.86 aq:30.78 tex:224344 mv:15145 misc:3295 imb:1470 pmb:1122 smb:5568 d:s ref:0 ;
in:2076 out:2076 type:P dur:2 cpbdur:2 q:38.84 aq:33.57 tex:227881 mv:13984 misc:2791 imb:1315 pmb:1101 smb:5744 d:s ref:0 ;
in:2077 out:2077 type:P dur:2 cpbdur:2 q:38.88 aq:34.41 tex:225684 mv:13182 misc:2886 imb:1311 pmb:1027 smb:5822 d:s ref:0 ;
in:2078 out:2078 type:P dur:2 cpbdur:2 q:38.84 aq:31.91 tex:200625 mv:15302 misc:3489 imb:1507 pmb:1100 smb:5553 d:s ref:0 ;
in:2079 out:2079 type:P dur:2 cpbdur:2 q:38.75 aq:31.39 tex:213482 mv:15672 misc:3566 imb:1495 pmb:1155 smb:5510 d:s ref:0 ;
in:2080 out:2080 type:P dur:2 cpbdur:2 q:38.49 aq:31.67 tex:193819 mv:14300 misc:3297 imb:1475 pmb:1062 smb:5623 d:s ref:0 ;
in:2081 out:2081 type:P dur:2 cpbdur:2 q:38.35 aq:31.29 tex:206921 mv:16226 misc:3789 imb:1592 pmb:1154 smb:5414 d:s ref:0 ;
in:2082 out:2082 type:P dur:2 cpbdur:2 q:38.16 aq:32.45 tex:204738 mv:14628 misc:3106 imb:1522 pmb:1095 smb:5543 d:s ref:0 ;
in:2083 out:2083 type:P dur:2 cpbdur:2 q:38.03 aq:31.08 tex:209815 mv:14801 misc:3280 imb:1508 pmb:1106 smb:5546 d:s ref:0 ;
in:2084 out:2084 type:P dur:2 cpbdur:2 q:38.00 aq:30.95 tex:212519 mv:15565 misc:3588 imb:1510 pmb:1204 smb:5446 d:s ref:0 ;
in:2085 out:2085 type:P dur:2 cpbdur:2 q:37.99 aq:29.91 tex:212792 mv:16962 misc:3694 imb:1691 pmb:1220 smb:5249 d:s ref:0 ;
in:2086 out:2086 type:P dur:2 cpbdur:2 q:37.99 aq:31.14 tex:214053 mv:15046 misc:3541 imb:1451 pmb:1175 smb:5534 d:s ref:0 ;
in:2087 out:2087 type:P dur:2 cpbdur:2 q:39.10 aq:32.45 tex:221891 mv:14742 misc:3127 imb:1422 pmb:1097 smb:5641 d:s ref:0 ;
in:2088 out:2088 type:P dur:2 cpbdur:2 q:39.10 aq:33.79 tex:222511 mv:13542 misc:2739 imb:1376 pmb:1047 smb:5737 d:s ref:0 ;
in:2089 out:2089 type:P dur:2 cpbdur:2 q:39.07 aq:32.74 tex:226248 mv:14648 misc:2720 imb:1440 pmb:1066 smb:5654 d:s ref:0 ;
in:2090 out:2090 type:P dur:2 cpbdur:2 q:38.92 aq:32.76 tex:202949 mv:15020 misc:3223 imb:1597 pmb:1062 smb:5501 d:s ref:0 ;
in:2091 out:2091 type:P dur:2 cpbdur:2 q:38.60 aq:32.50 tex:209419 mv:14679 misc:3286 imb:1602 pmb:1091 smb:5467 d:s ref:0 ;
in:2092 out:2092 type:P dur:2 cpbdur:2 q:38.35 aq:32.41 tex:211219 mv:16840 misc:3685 imb:1729 pmb:1159 smb:5272 d:s ref:0 ;
in:2093 out:2093 type:P dur:2 cpbdur:2 q:38.23 aq:31.74 tex:226396 mv:16050 misc:3402 imb:1529 pmb:1204 smb:5427 d:s ref:0 ;
in:2094 out:2094 type:P dur:2 cpbdur:2 q:38.14 aq:31.28 tex:230733 mv:15283 misc:3360 imb:1571 pmb:1144 smb:5445 d:s ref:0 ;
in:2095 out:2095 type:P dur:2 cpbdur:2 q:38.56 aq:33.30 tex:230040 mv:14561 misc:3311 imb:1493 pmb:1103 smb:5564 d:s ref:0 ;
in:2096 out:2096 type:P dur:2 cpbdur:2 q:38.57 aq:32.04 tex:226179 mv:15274 misc:3387 imb:1477 pmb:1164 smb:5519 d:s ref:0 ;
in:2097 out:2097 type:P dur:2 cpbdur:2 q:39.22 aq:33.79 tex:239756 mv:15103 misc:3205 imb:1547 pmb:1091 smb:5522 d:s ref:0 ;
in:2098 out:2098 type:P dur:2 cpbdur:2 q:39.27 aq:33.50 tex:230624 mv:14310 misc:3138 imb:1481 pmb:1091 smb:5588 d:s ref:0 ;
in:2099 out:2099 type:P dur:2 cpbdur:2 q:39.35 aq:33.28 tex:207474 mv:14547 misc:3155 imb:1562 pmb:1036 smb:5562 d:s ref:0 ;
in:2100 out:2100 type:P dur:2 cpbdur:2 q:39.34 aq:32.91 tex:215466 mv:16008 misc:3334 imb:1589 pmb:1132 smb:5439 d:s ref:0 ;
in:2101 out:2101 type:P dur:2 cpbdur:2 q:39.37 aq:34.11 tex:201770 mv:15238 misc:3368 imb:1547 pmb:1078 smb:5535 d:s ref:0 ;
in:2102 out:2102 type:P dur:2 cpbdur:2 q:39.21 aq:32.34 tex:201909 mv:15319 misc:3396 imb:1581 pmb:1086 smb:5493 d:s ref:0 ;
in:2103 out:2103 type:P dur:2 cpbdur:2 q:39.01 aq:33.08 tex:204112 mv:14814 misc:3266 imb:1582 pmb:1075 smb:5503 d:s ref:0 ;
in:2104 out:2104 type:P dur:2 cpbdur:2 q:38.84 aq:32.51 tex:225712 mv:15979 misc:3621 imb:1715 pmb:1090 smb:5355 d:s ref:0 ;
in:2105 out:2105 type:P dur:2 cpbdur:2 q:38.77 aq:33.34 tex:229463 mv:14583 misc:3250 imb:1613 pmb:1048 smb:5499 d:s ref:0 ;
in:2106 out:2106 type:P dur:2 cpbdur:2 q:38.74 aq:31.70 tex:238178 mv:16647 misc:3343 imb:1854 pmb:1081 smb:5225 d:s ref:0 ;
in:2107 out:2107 type:P dur:2 cpbdur:2 q:39.39 aq:35.11 tex:244185 mv:14885 misc:2858 imb:1536 pmb:1033 smb:5591 d:s ref:0 ;
in:2108 out:2108 type:P dur:2 cpbdur:2 q:39.44 aq:35.02 tex:236124 mv:15411 misc:2857 imb:1607 pmb:1042 smb:5511 d:s ref:0 ;
in:2109 out:2109 type:P dur:2 cpbdur:2 q:39.45 aq:34.66 tex:238448 mv:15580 misc:3092 imb:1708 pmb:1102 smb:5350 d:s ref:0 ;
in:2110 out:2110 type:P dur:2 cpbdur:2 q:39.46 aq:33.50 tex:207727 mv:14984 misc:3113 imb:1717 pmb:1037 smb:5406 d:s ref:0 ;
in:2111 out:2111 type:P dur:2 cpbdur:2 q:39.33 aq:32.88 tex:217528 mv:15470 misc:3514 imb:1734 pmb:1039 smb:5387 d:s ref:0 ;
in:2112 out:2112 type:P dur:2 cpbdur:2 q:39.08 aq:32.70 tex:219793 mv:16437 misc:3730 imb:1883 pmb:1077 smb:5200 d:s ref:0 ;
in:2113 out:2113 type:P dur:2 cpbdur:2 q:38.84 aq:33.59 tex:223867 mv:15863 misc:3302 imb:1772 pmb:1059 smb:5329 d:s ref:0 ;
in:2114 out:2114 type:P dur:2 cpbdur:2 q:38.72 aq:32.79 tex:230569 mv:16640 misc:3799 imb:1800 pmb:1134 smb:5226 d:s ref:0 ;
in:2115 out:2115 type:P dur:2 cpbdur:2 q:38.55 aq:31.54 tex:228155 mv:17181 misc:4048 imb:1895 pmb:1134 smb:5131 d:s ref:0 ;
in:2116 out:2116 type:P dur:2 cpbdur:2 q:38.60 aq:31.71 tex:247754 mv:16845 misc:3689 imb:1870 pmb:1087 smb:5203 d:s ref:0 ;
in:2117 out:2117 type:P dur:2 cpbdur:2 q:39.65 aq:33.31 tex:248668 mv:15409 misc:3083 imb:1693 pmb:1050 smb:5417 d:s ref:0 ;
in:2118 out:2118 type:P dur:2 cpbdur:2 q:39.67 aq:35.75 tex:233044 mv:14839 misc:2869 imb:1610 pmb:1040 smb:5510 d:s ref:0 ;
in:2119 out:2119 type:P dur:2 cpbdur:2 q:39.67 aq:33.98 tex:242162 mv:15556 misc:3090 imb:1694 pmb:1065 smb:5401 d:s ref:0 ;
in:2120 out:2120 type:P dur:2 cpbdur:2 q:39.51 aq:34.58 tex:240114 mv:15352 misc:2982 imb:1722 pmb:1046 smb:5392 d:s ref:0 ;
in:2121 out:2121 type:P dur:2 cpbdur:2 q:39.43 aq:34.04 tex:217389 mv:15591 misc:3340 imb:1808 pmb:1051 smb:5301 d:s ref:0 ;
in:2122 out:2122 type:P dur:2 cpbdur:2 q:39.06 aq:32.58 tex:221316 mv:17148 misc:3808 imb:1905 pmb:1105 smb:5150 d:s ref:0 ;
in:2123 out:2123 type:I dur:2 cpbdur:2 q:33.25 aq:25.13 tex:835773 mv:72783 misc:740 imb:8160 pmb:0 smb:0 d:s ref:;
in:2127 out:2124 type:P dur:2 cpbdur:2 q:39.12 aq:34.30 tex:298508 mv:18855 misc:3037 imb:1802 pmb:1257 smb:5101 d:s ref:0 ;
in:2125 out:2125 type:B dur:2 cpbdur:2 q:39.98 aq:40.22 tex:145922 mv:18066 misc:3316 imb:814 pmb:1188 smb:6158 d:s ref:0 ;
in:2124 out:2126 type:b dur:2 cpbdur:2 q:39.98 aq:41.79 tex:120530 mv:13500 misc:2914 imb:708 pmb:834 smb:6618 d:s ref:0 ;
in:2126 out:2127 type:b dur:2 cpbdur:2 q:39.98 aq:41.21 tex:127843 mv:14151 misc:2822 imb:769 pmb:849 smb:6542 d:- ref:0 ;
in:2131 out:2128 type:P dur:2 cpbdur:2 q:39.55 aq:34.35 tex:261787 mv:20010 misc:3171 imb:2031 pmb:1217 smb:4912 d:s ref:0 ;
in:2129 out:2129 type:B dur:2 cpbdur:2 q:39.67 aq:38.74 tex:158653 mv:19799 misc:3148 imb:849 pmb:1331 smb:5980 d:s ref:0 ;
in:2128 out:2130 type:b dur:2 cpbdur:2 q:39.67 aq:41.11 tex:128826 mv:14552 misc:3078 imb:749 pmb:1012 smb:6399 d:s ref:0 ;
in:2130 out:2131 type:b dur:2 cpbdur:2 q:39.67 aq:37.65 tex:139789 mv:14812 misc:3103 imb:790 pmb:1008 smb:6362 d:- ref:0 ;
in:2135 out:2132 type:P dur:2 cpbdur:2 q:38.92 aq:32.44 tex:267585 mv:21548 misc:3723 imb:2370 pmb:1248 smb:4542 d:s ref:0 ;
in:2133 out:2133 type:B dur:2 cpbdur:2 q:39.70 aq:38.60 tex:168419 mv:19675 misc:3202 imb:915 pmb:1312 smb:5933 d:s ref:0 ;
in:2132 out:2134 type:b dur:2 cpbdur:2 q:39.70 aq:39.80 tex:131972 mv:14832 misc:3148 imb:779 pmb:1024 smb:6357 d:s ref:0 ;
in:2134 out:2135 type:b dur:2 cpbdur:2 q:39.70 aq:41.00 tex:138324 mv:15177 misc:3027 imb:799 pmb:1024 smb:6337 d:- ref:0 ;
in:2139 out:2136 type:P dur:2 cpbdur:2 q:39.01 aq:32.23 tex:289012 mv:20277 misc:3623 imb:2288 pmb:1187 smb:4685 d:s ref:0 ;
in:2137 out:2137 type:B dur:2 cpbdur:2 q:39.72 aq:37.77 tex:176924 mv:20445 misc:3215 imb:950 pmb:1325 smb:5885 d:t ref:0 ;
in:2136 out:2138 type:b dur:2 cpbdur:2 q:39.72 aq:39.70 tex:144289 mv:15121 misc:3134 imb:795 pmb:1026 smb:6339 d:s ref:0 ;
in:2138 out:2139 type:b dur:2 cpbdur:2 q:39.72 aq:39.96 tex:153844 mv:15458 misc:3026 imb:803 pmb:1005 smb:6352 d:- ref:0 ;
in:2143 out:2140 type:P dur:2 cpbdur:2 q:39.05 aq:32.72 tex:307867 mv:21711 misc:3814 imb:2438 pmb:1138 smb:4584 d:s ref:0 ;
in:2141 out:2141 type:B dur:2 cpbdur:2 q:39.75 aq:37.91 tex:183776 mv:20502 misc:3274 imb:975 pmb:1310 smb:5875 d:s ref:0 ;
in:2140 out:2142 type:b dur:2 cpbdur:2 q:40.08 aq:38.72 tex:136734 mv:14212 misc:3166 imb:794 pmb:892 smb:6474 d:s ref:0 ;
in:2142 out:2143 type:b dur:2 cpbdur:2 q:39.76 aq:40.08 tex:158283 mv:15784 misc:3189 imb:818 pmb:1120 smb:6222 d:- ref:0 ;
in:2147 out:2144 type:P dur:2 cpbdur:2 q:39.27 aq:32.82 tex:311239 mv:21566 misc:3667 imb:2341 pmb:1229 smb:4590 d:s ref:0 ;
in:2145 out:2145 type:B dur:2 cpbdur:2 q:39.79 aq:38.51 tex:196950 mv:20636 misc:3438 imb:1003 pmb:1331 smb:5826 d:s ref:0 ;
in:2144 out:2146 type:b dur:2 cpbdur:2 q:39.80 aq:38.99 tex:157635 mv:15943 misc:3254 imb:857 pmb:1048 smb:6255 d:s ref:0 ;
in:2146 out:2147 type:b dur:2 cpbdur:2 q:39.80 aq:39.43 tex:157737 mv:14945 misc:3214 imb:827 pmb:1028 smb:6305 d:- ref:0 ;
in:2151 out:2148 type:P dur:2 cpbdur:2 q:39.38 aq:32.61 tex:299910 mv:22275 misc:3663 imb:2390 pmb:1234 smb:4536 d:s ref:0 ;
in:2149 out:2149 type:B dur:2 cpbdur:2 q:39.84 aq:39.59 tex:192154 mv:20506 misc:3388 imb:989 pmb:1347 smb:5824 d:s ref:0 ;
in:2148 out:2150 type:b dur:2 cpbdur:2 q:39.84 aq:40.13 tex:157830 mv:15677 misc:3197 imb:864 pmb:1050 smb:6246 d:s ref:0 ;
in:2150 out:2151 type:b dur:2 cpbdur:2 q:39.84 aq:38.47 tex:154707 mv:15830 misc:3351 imb:820 pmb:1102 smb:6238 d:- ref:0 ;
in:2155 out:2152 type:P dur:2 cpbdur:2 q:39.42 aq:33.41 tex:310512 mv:21551 misc:3721 imb:2360 pmb:1154 smb:4646 d:s ref:0 ;
in:2153 out:2153 type:B dur:2 cpbdur:2 q:39.89 aq:38.84 tex:201208 mv:20764 misc:3452 imb:1028 pmb:1354 smb:5778 d:s ref:0 ;
in:2152 out:2154 type:b dur:2 cpbdur:2 q:39.89 aq:40.85 tex:158641 mv:16148 misc:3235 imb:825 pmb:1049 smb:6286 d:s ref:0 ;
in:2154 out:2155 type:b dur:2 cpbdur:2 q:39.89 aq:38.76 tex:161300 mv:15235 misc:3281 imb:862 pmb:1015 smb:6283 d:- ref:0 ;
in:2159 out:2156 type:P dur:2 cpbdur:2 q:39.47 aq:32.83 tex:322017 mv:22062 misc:3809 imb:2519 pmb:1120 smb:4521 d:s ref:0 ;
in:2157 out:2157 type:B dur:2 cpbdur:2 q:39.96 aq:38.94 tex:195421 mv:21251 misc:3648 imb:1060 pmb:1361 smb:5739 d:s ref:0 ;
in:2156 out:2158 type:b dur:2 cpbdur:2 q:39.96 aq:41.87 tex:160038 mv:15768 misc:3194 imb:835 pmb:1051 smb:6274 d:s ref:0 ;
in:2158 out:2159 type:b dur:2 cpbdur:2 q:39.97 aq:39.43 tex:161959 mv:15958 misc:3387 imb:844 pmb:1087 smb:6229 d:- ref:0 ;
in:2163 out:2160 type:P dur:2 cpbdur:2 q:39.18 aq:32.81 tex:326554 mv:22363 misc:4019 imb:2538 pmb:1168 smb:4454 d:s ref:0 ;
in:2161 out:2161 type:B dur:2 cpbdur:2 q:40.02 aq:37.69 tex:201767 mv:21679 misc:3506 imb:1013 pmb:1369 smb:5778 d:s ref:0 ;
in:2160 out:2162 type:b dur:2 cpbdur:2 q:40.03 aq:40.54 tex:160886 mv:16892 misc:3510 imb:906 pmb:1048 smb:6206 d:s ref:0 ;
in:2162 out:2163 type:b dur:2 cpbdur:2 q:40.02 aq:39.85 tex:165682 mv:16646 misc:3456 imb:880 pmb:1080 smb:6200 d:- ref:0 ;
in:2167 out:2164 type:P dur:2 cpbdur:2 q:39.06 aq:32.87 tex:322563 mv:24999 misc:4366 imb:3062 pmb:1279 smb:3819 d:s ref:0 ;
in:2165 out:2165 type:B dur:2 cpbdur:2 q:40.11 aq:38.20 tex:200554 mv:22862 misc:3688 imb:1123 pmb:1405 smb:5632 d:s ref:0 ;
in:2164 out:2166 type:b dur:2 cpbdur:2 q:40.11 aq:40.50 tex:160397 mv:17202 misc:3545 imb:910 pmb:1086 smb:6164 d:s ref:0 ;
in:2166 out:2167 type:b dur:2 cpbdur:2 q:40.11 aq:40.14 tex:158704 mv:16141 misc:3483 imb:877 pmb:1079 smb:6204 d:- ref:0 ;
in:2171 out:2168 type:P dur:2 cpbdur:2 q:38.94 aq:32.78 tex:326742 mv:23709 misc:4301 imb:2879 pmb:1185 smb:4096 d:s ref:0 ;
in:2169 out:2169 type:B dur:2 cpbdur:2 q:39.22 aq:37.39 tex:203501 mv:23069 misc:3902 imb:1119 pmb:1473 smb:5568 d:s ref:0 ;
in:2168 out:2170 type:b dur:2 cpbdur:2 q:39.42 aq:37.02 tex:153961 mv:16618 misc:3989 imb:866 pmb:1181 smb:6113 d:s ref:0 ;
in:2170 out:2171 type:b dur:2 cpbdur:2 q:39.37 aq:38.05 tex:171166 mv:16542 misc:3708 imb:827 pmb:1230 smb:6103 d:- ref:0 ;
in:2175 out:2172 type:P dur:2 cpbdur:2 q:38.72 aq:32.18 tex:350888 mv:23936 misc:4520 imb:2812 pmb:1202 smb:4146 d:s ref:0 ;
in:2173 out:2173 type:B dur:2 cpbdur:2 q:40.17 aq:39.18 tex:208596 mv:22573 misc:3559 imb:1118 pmb:1420 smb:5622 d:s ref:0 ;
in:2172 out:2174 type:b dur:2 cpbdur:2 q:40.17 aq:41.01 tex:170129 mv:16459 misc:3396 imb:839 pmb:1121 smb:6200 d:s ref:0 ;
in:2174 out:2175 type:b dur:2 cpbdur:2 q:40.17 aq:40.78 tex:174445 mv:16025 misc:3370 imb:805 pmb:1140 smb:6215 d:- ref:0 ;
in:2179 out:2176 type:P dur:2 cpbdur:2 q:38.82 aq:33.13 tex:341336 mv:23216 misc:4272 imb:2690 pmb:1283 smb:4187 d:s ref:0 ;
in:2177 out:2177 type:B dur:2 cpbdur:2 q:39.97 aq:38.67 tex:213952 mv:23388 misc:3644 imb:1151 pmb:1449 smb:5560 d:t ref:0 ;
in:2176 out:2178 type:b dur:2 cpbdur:2 q:39.97 aq:39.09 tex:164148 mv:16812 misc:3472 imb:854 pmb:1206 smb:6100 d:s ref:0 ;
in:2178 out:2179 type:b dur:2 cpbdur:2 q:39.97 aq:40.62 tex:170167 mv:16050 misc:3447 imb:841 pmb:1184 smb:6135 d:- ref:0 ;
in:2183 out:2180 type:P dur:2 cpbdur:2 q:38.83 aq:33.77 tex:354425 mv:23143 misc:3976 imb:2537 pmb:1272 smb:4351 d:s ref:0 ;
in:2181 out:2181 type:B dur:2 cpbdur:2 q:40.02 aq:39.26 tex:223211 mv:23735 misc:3638 imb:1080 pmb:1565 smb:5515 d:s ref:0 ;
in:2180 out:2182 type:b dur:2 cpbdur:2 q:40.02 aq:41.58 tex:176018 mv:17376 misc:3542 imb:819 pmb:1236 smb:6105 d:s ref:0 ;
in:2182 out:2183 type:b dur:2 cpbdur:2 q:40.02 aq:40.59 tex:178996 mv:17977 misc:3547 imb:844 pmb:1289 smb:6027 d:- ref:0 ;
in:2187 out:2184 type:P dur:2 cpbdur:2 q:38.92 aq:32.92 tex:350360 mv:24335 misc:4449 imb:2849 pmb:1281 smb:4030 d:s ref:0 ;
in:2185 out:2185 type:B dur:2 cpbdur:2 q:40.08 aq:39.82 tex:221639 mv:23021 misc:3644 imb:1113 pmb:1539 smb:5508 d:s ref:0 ;
in:2184 out:2186 type:b dur:2 cpbdur:2 q:40.07 aq:41.07 tex:171114 mv:15910 misc:3576 imb:874 pmb:1161 smb:6125 d:s ref:0 ;
in:2186 out:2187 type:b dur:2 cpbdur:2 q:40.08 aq:41.85 tex:178455 mv:15968 misc:3497 imb:850 pmb:1145 smb:6165 d:- ref:0 ;
in:2191 out:2188 type:P dur:2 cpbdur:2 q:38.98 aq:33.78 tex:352419 mv:23296 misc:4149 imb:2644 pmb:1250 smb:4266 d:s ref:0 ;
in:2189 out:2189 type:B dur:2 cpbdur:2 q:40.12 aq:39.75 tex:221279 mv:22666 misc:3575 imb:1101 pmb:1487 smb:5572 d:s ref:0 ;
in:2188 out:2190 type:b dur:2 cpbdur:2 q:40.15 aq:40.63 tex:168620 mv:16248 misc:3460 imb:826 pmb:1131 smb:6203 d:s ref:0 ;
in:2190 out:2191 type:b dur:2 cpbdur:2 q:40.12 aq:42.06 tex:172887 mv:15772 misc:3493 imb:815 pmb:1232 smb:6113 d:- ref:0 ;
in:2195 out:2192 type:P dur:2 cpbdur:2 q:39.54 aq:33.66 tex:359375 mv:23551 misc:4010 imb:2764 pmb:1217 smb:4179 d:s ref:0 ;
in:2193 out:2193 type:B dur:2 cpbdur:2 q:40.17 aq:40.18 tex:225074 mv:21780 misc:3498 imb:1098 pmb:1482 smb:5580 d:s ref:0 ;
in:2192 out:2194 type:b dur:2 cpbdur:2 q:40.74 aq:42.30 tex:132203 mv:14223 misc:3654 imb:827 pmb:874 smb:6459 d:s ref:0 ;
in:2194 out:2195 type:b dur:2 cpbdur:2 q:40.21 aq:42.13 tex:172938 mv:15957 misc:3609 imb:803 pmb:1223 smb:6134 d:- ref:0 ;
in:2199 out:2196 type:P dur:2 cpbdur:2 q:39.59 aq:34.44 tex:352433 mv:22872 misc:4119 imb:2682 pmb:1241 smb:4237 d:s ref:0 ;
in:2197 out:2197 type:B dur:2 cpbdur:2 q:40.02 aq:39.19 tex:219462 mv:23017 misc:3849 imb:1119 pmb:1585 smb:5456 d:s ref:0 ;
in:2196 out:2198 type:b dur:2 cpbdur:2 q:40.26 aq:40.56 tex:166132 mv:16496 misc:3508 imb:810 pmb:1185 smb:6165 d:s ref:0 ;
in:2198 out:2199 type:b dur:2 cpbdur:2 q:40.10 aq:42.08 tex:169511 mv:16119 misc:3594 imb:809 pmb:1243 smb:6108 d:- ref:0 ;
in:2203 out:2200 type:P dur:2 cpbdur:2 q:39.67 aq:34.41 tex:348493 mv:22693 misc:3814 imb:2735 pmb:1234 smb:4191 d:s ref:0 ;
in:2201 out:2201 type:B dur:2 cpbdur:2 q:39.88 aq:37.99 tex:222596 mv:23712 misc:4068 imb:1120 pmb:1660 smb:5380 d:s ref:0 ;
in:2200 out:2202 type:b dur:2 cpbdur:2 q:40.03 aq:41.25 tex:163188 mv:16993 misc:3739 imb:861 pmb:1261 smb:6038 d:s ref:0 ;
in:2202 out:2203 type:b dur:2 cpbdur:2 q:40.03 aq:41.44 tex:173919 mv:16715 misc:3582 imb:813 pmb:1333 smb:6014 d:- ref:0 ;
in:2207 out:2204 type:P dur:2 cpbdur:2 q:39.71 aq:33.96 tex:358482 mv:23761 misc:4413 imb:2953 pmb:1236 smb:3971 d:s ref:0 ;
in:2205 out:2205 type:B dur:2 cpbdur:2 q:40.39 aq:39.42 tex:226277 mv:22739 misc:3656 imb:1121 pmb:1525 smb:5514 d:s ref:0 ;
in:2204 out:2206 type:b dur:2 cpbdur:2 q:40.45 aq:41.58 tex:163296 mv:15950 misc:3538 imb:863 pmb:1117 smb:6180 d:s ref:0 ;
in:2206 out:2207 type:b dur:2 cpbdur:2 q:40.39 aq:41.71 tex:180309 mv:16264 misc:3443 imb:869 pmb:1201 smb:6090 d:- ref:0 ;
in:2211 out:2208 type:P dur:2 cpbdur:2 q:39.57 aq:34.16 tex:365923 mv:23391 misc:4086 imb:2778 pmb:1225 smb:4157 d:s ref:0 ;
in:2209 out:2209 type:B dur:2 cpbdur:2 q:40.44 aq:40.41 tex:218218 mv:22304 misc:3638 imb:1140 pmb:1461 smb:5559 d:s ref:0 ;
in:2208 out:2210 type:b dur:2 cpbdur:2 q:40.56 aq:43.13 tex:162049 mv:16589 misc:3490 imb:867 pmb:1171 smb:6122 d:s ref:0 ;
in:2210 out:2211 type:b dur:2 cpbdur:2 q:40.44 aq:41.08 tex:183167 mv:16611 misc:3566 imb:909 pmb:1236 smb:6015 d:- ref:0 ;
in:2215 out:2212 type:P dur:2 cpbdur:2 q:39.62 aq:33.82 tex:371667 mv:23861 misc:4192 imb:2816 pmb:1231 smb:4113 d:s ref:0 ;
in:2213 out:2213 type:B dur:2 cpbdur:2 q:40.19 aq:38.65 tex:234711 mv:22814 misc:3795 imb:1154 pmb:1561 smb:5445 d:s ref:0 ;
in:2212 out:2214 type:b dur:2 cpbdur:2 q:40.59 aq:42.56 tex:167720 mv:16863 misc:3593 imb:927 pmb:1162 smb:6071 d:s ref:0 ;
in:2214 out:2215 type:b dur:2 cpbdur:2 q:40.19 aq:41.81 tex:198129 mv:18067 misc:3532 imb:999 pmb:1219 smb:5942 d:- ref:0 ;
in:2219 out:2216 type:P dur:2 cpbdur:2 q:39.68 aq:34.24 tex:371884 mv:23595 misc:4265 imb:2729 pmb:1272 smb:4159 d:s ref:0 ;
in:2217 out:2217 type:B dur:2 cpbdur:2 q:40.25 aq:40.19 tex:234517 mv:22384 misc:3635 imb:1124 pmb:1575 smb:5461 d:s ref:0 ;
in:2216 out:2218 type:b dur:2 cpbdur:2 q:40.84 aq:42.14 tex:152399 mv:14683 misc:3630 imb:909 pmb:944 smb:6307 d:s ref:0 ;
in:2218 out:2219 type:b dur:2 cpbdur:2 q:40.25 aq:42.29 tex:197779 mv:16692 misc:3441 imb:987 pmb:1210 smb:5963 d:- ref:0 ;
in:2221 out:2220 type:P dur:2 cpbdur:2 q:39.52 aq:35.03 tex:333049 mv:20652 misc:4203 imb:2490 pmb:1288 smb:4382 d:s ref:0 ;
in:2220 out:2221 type:b dur:2 cpbdur:2 q:40.30 aq:42.16 tex:201824 mv:16972 misc:3540 imb:1036 pmb:1172 smb:5952 d:s ref:0 ;
in:2222 out:2222 type:P dur:2 cpbdur:2 q:39.40 aq:34.41 tex:325376 mv:18145 misc:4111 imb:2220 pmb:1287 smb:4653 d:s ref:0 ;
in:2223 out:2223 type:P dur:2 cpbdur:2 q:39.37 aq:35.00 tex:339154 mv:18542 misc:3696 imb:2262 pmb:1264 smb:4634 d:s ref:0 ;
in:2224 out:2224 type:P dur:2 cpbdur:2 q:39.54 aq:35.27 tex:324455 mv:17693 misc:3988 imb:2284 pmb:1197 smb:4679 d:s ref:0 ;
in:2225 out:2225 type:P dur:2 cpbdur:2 q:39.50 aq:35.24 tex:313148 mv:17993 misc:4099 imb:2359 pmb:1162 smb:4639 d:s ref:0 ;
in:2226 out:2226 type:P dur:2 cpbdur:2 q:39.35 aq:35.19 tex:341381 mv:17636 misc:3767 imb:2234 pmb:1226 smb:4700 d:s ref:0 ;
in:2227 out:2227 type:P dur:2 cpbdur:2 q:39.44 aq:35.07 tex:325853 mv:18162 misc:3961 imb:2304 pmb:1231 smb:4625 d:s ref:0 ;
in:2228 out:2228 type:P dur:2 cpbdur:2 q:39.81 aq:35.34 tex:316138 mv:18649 misc:4085 imb:2330 pmb:1221 smb:4609 d:s ref:0 ;
in:2229 out:2229 type:P dur:2 cpbdur:2 q:39.92 aq:36.38 tex:312063 mv:17359 misc:4018 imb:2283 pmb:1139 smb:4738 d:s ref:0 ;
in:2230 out:2230 type:P dur:2 cpbdur:2 q:39.96 aq:35.08 tex:299035 mv:17282 misc:4227 imb:2392 pmb:1096 smb:4672 d:s ref:0 ;
in:2231 out:2231 type:P dur:2 cpbdur:2 q:39.95 aq:36.41 tex:299633 mv:16881 misc:3958 imb:2279 pmb:1104 smb:4777 d:s ref:0 ;
in:2232 out:2232 type:P dur:2 cpbdur:2 q:40.31 aq:37.61 tex:294610 mv:16096 misc:3678 imb:2286 pmb:1009 smb:4865 d:s ref:0 ;
in:2233 out:2233 type:P dur:2 cpbdur:2 q:40.14 aq:36.55 tex:300875 mv:17715 misc:4114 imb:2477 pmb:1103 smb:4580 d:s ref:0 ;
in:2234 out:2234 type:P dur:2 cpbdur:2 q:40.09 aq:36.80 tex:310585 mv:16900 misc:3955 imb:2332 pmb:1073 smb:4755 d:s ref:0 ;
in:2235 out:2235 type:P dur:2 cpbdur:2 q:40.17 aq:37.22 tex:289557 mv:16740 misc:3743 imb:2308 pmb:1082 smb:4770 d:s ref:0 ;
in:2236 out:2236 type:P dur:2 cpbdur:2 q:40.39 aq:38.44 tex:278780 mv:16478 misc:3870 imb:2394 pmb:1034 smb:4732 d:s ref:0 ;
in:2237 out:2237 type:P dur:2 cpbdur:2 q:40.44 aq:36.83 tex:281095 mv:17654 misc:3939 imb:2389 pmb:1092 smb:4679 d:s ref:0 ;
in:2238 out:2238 type:P dur:2 cpbdur:2 q:40.44 aq:38.48 tex:288601 mv:16285 misc:3714 imb:2263 pmb:1072 smb:4825 d:s ref:0 ;
in:2239 out:2239 type:P dur:2 cpbdur:2 q:40.40 aq:38.27 tex:304437 mv:16336 misc:3547 imb:2300 pmb:1080 smb:4780 d:s ref:0 ;
in:2240 out:2240 type:P dur:2 cpbdur:2 q:40.51 aq:37.52 tex:274370 mv:16789 misc:3889 imb:2344 pmb:1034 smb:4782 d:s ref:0 ;
in:2241 out:2241 type:P dur:2 cpbdur:2 q:40.54 aq:37.93 tex:279840 mv:16731 misc:3757 imb:2319 pmb:1063 smb:4778 d:s ref:0 ;
in:2242 out:2242 type:P dur:2 cpbdur:2 q:40.53 aq:38.00 tex:284602 mv:16386 misc:3820 imb:2281 pmb:1041 smb:4838 d:s ref:0 ;
in:2243 out:2243 type:P dur:2 cpbdur:2 q:40.67 aq:38.12 tex:277245 mv:17096 misc:3803 imb:2407 pmb:1031 smb:4722 d:s ref:0 ;
in:2244 out:2244 type:P dur:2 cpbdur:2 q:40.54 aq:37.29 tex:298548 mv:16251 misc:3705 imb:2399 pmb:1034 smb:4727 d:s ref:0 ;
in:2245 out:2245 type:P dur:2 cpbdur:2 q:40.79 aq:38.49 tex:274165 mv:16421 misc:3638 imb:2397 pmb:951 smb:4812 d:s ref:0 ;
in:2246 out:2246 type:P dur:2 cpbdur:2 q:40.74 aq:38.50 tex:272077 mv:16914 misc:3857 imb:2402 pmb:1001 smb:4757 d:s ref:0 ;
in:2247 out:2247 type:P dur:2 cpbdur:2 q:40.73 aq:37.68 tex:263276 mv:17411 misc:4265 imb:2541 pmb:1027 smb:4592 d:s ref:0 ;
in:2248 out:2248 type:P dur:2 cpbdur:2 q:40.78 aq:38.70 tex:256948 mv:16415 misc:3813 imb:2354 pmb:955 smb:4851 d:s ref:0 ;
in:2249 out:2249 type:P dur:2 cpbdur:2 q:40.73 aq:37.66 tex:258108 mv:16310 misc:4230 imb:2428 pmb:936 smb:4796 d:s ref:0 ;
in:2250 out:2250 type:P dur:2 cpbdur:2 q:40.86 aq:37.97 tex:234852 mv:15832 misc:4292 imb:2308 pmb:883 smb:4969 d:s ref:0 ;
in:2251 out:2251 type:P dur:2 cpbdur:2 q:41.40 aq:39.51 tex:284297 mv:18621 misc:3682 imb:2573 pmb:942 smb:4645 d:s ref:0 ;
in:2252 out:2252 type:P dur:2 cpbdur:2 q:41.39 aq:38.72 tex:282126 mv:19333 misc:3925 imb:2661 pmb:935 smb:4564 d:s ref:0 ;
in:2253 out:2253 type:P dur:2 cpbdur:2 q:41.55 aq:39.26 tex:270144 mv:18774 misc:4162 imb:2586 pmb:929 smb:4645 d:s ref:0 ;
in:2254 out:2254 type:P dur:2 cpbdur:2 q:41.64 aq:38.58 tex:264176 mv:19172 misc:4076 imb:2726 pmb:870 smb:4564 d:s ref:0 ;
in:2255 out:2255 type:P dur:2 cpbdur:2 q:41.75 aq:39.09 tex:233878 mv:18472 misc:4338 imb:2783 pmb:735 smb:4642 d:s ref:0 ;
in:2256 out:2256 type:P dur:2 cpbdur:2 q:41.68 aq:38.22 tex:211214 mv:18582 misc:4636 imb:2747 pmb:784 smb:4629 d:s ref:0 ;
in:2257 out:2257 type:P dur:2 cpbdur:2 q:41.37 aq:37.61 tex:226559 mv:19857 misc:4760 imb:2999 pmb:805 smb:4356 d:s ref:0 ;
in:2258 out:2258 type:P dur:2 cpbdur:2 q:41.02 aq:37.40 tex:254472 mv:20659 misc:4677 imb:2985 pmb:883 smb:4292 d:s ref:0 ;
in:2259 out:2259 type:P dur:2 cpbdur:2 q:41.05 aq:37.83 tex:255737 mv:19099 misc:4268 imb:2852 pmb:792 smb:4516 d:s ref:0 ;
in:2260 out:2260 type:P dur:2 cpbdur:2 q:41.05 aq:37.66 tex:265866 mv:20077 misc:4425 imb:2827 pmb:888 smb:4445 d:s ref:0 ;
in:2261 out:2261 type:P dur:2 cpbdur:2 q:41.34 aq:37.88 tex:238013 mv:18822 misc:4509 imb:2863 pmb:736 smb:4561 d:s ref:0 ;
in:2262 out:2262 type:P dur:2 cpbdur:2 q:41.22 aq:37.01 tex:256672 mv:18972 misc:4356 imb:2942 pmb:768 smb:4450 d:s ref:0 ;
in:2263 out:2263 type:P dur:2 cpbdur:2 q:41.26 aq:38.25 tex:260166 mv:18911 misc:3995 imb:2952 pmb:744 smb:4464 d:s ref:0 ;
in:2264 out:2264 type:P dur:2 cpbdur:2 q:41.27 aq:38.72 tex:261568 mv:18615 misc:4137 imb:2923 pmb:737 smb:4500 d:s ref:0 ;
in:2265 out:2265 type:P dur:2 cpbdur:2 q:41.35 aq:37.65 tex:242607 mv:19133 misc:4524 imb:2967 pmb:768 smb:4425 d:s ref:0 ;
in:2266 out:2266 type:P dur:2 cpbdur:2 q:41.43 aq:38.59 tex:229020 mv:19509 misc:4495 imb:3022 pmb:781 smb:4357 d:s ref:0 ;
in:2267 out:2267 type:P dur:2 cpbdur:2 q:41.11 aq:37.92 tex:284028 mv:20239 misc:4109 imb:3275 pmb:755 smb:4130 d:s ref:0 ;
in:2268 out:2268 type:P dur:2 cpbdur:2 q:41.22 aq:38.15 tex:279134 mv:20879 misc:4411 imb:3219 pmb:804 smb:4137 d:s ref:0 ;
in:2269 out:2269 type:P dur:2 cpbdur:2 q:41.20 aq:38.82 tex:274839 mv:21115 misc:4310 imb:3225 pmb:837 smb:4098 d:s ref:0 ;
in:2270 out:2270 type:P dur:2 cpbdur:2 q:41.26 aq:38.57 tex:275385 mv:21374 misc:4473 imb:3289 pmb:819 smb:4052 d:s ref:0 ;
in:2271 out:2271 type:P dur:2 cpbdur:2 q:41.33 aq:38.86 tex:251295 mv:20893 misc:4532 imb:3203 pmb:850 smb:4107 d:s ref:0 ;
in:2272 out:2272 type:P dur:2 cpbdur:2 q:41.45 aq:38.78 tex:244783 mv:21285 misc:4820 imb:3277 pmb:815 smb:4068 d:s ref:0 ;
in:2273 out:2273 type:P dur:2 cpbdur:2 q:41.26 aq:39.14 tex:272083 mv:20659 misc:4378 imb:3311 pmb:766 smb:4083 d:s ref:0 ;
in:2274 out:2274 type:P dur:2 cpbdur:2 q:41.29 aq:38.65 tex:277498 mv:21572 misc:4850 imb:3304 pmb:810 smb:4046 d:s ref:0 ;
in:2275 out:2275 type:P dur:2 cpbdur:2 q:41.40 aq:38.70 tex:262625 mv:21567 misc:4792 imb:3412 pmb:823 smb:3925 d:s ref:0 ;
in:2276 out:2276 type:P dur:2 cpbdur:2 q:41.47 aq:38.86 tex:273049 mv:22426 misc:4413 imb:3566 pmb:822 smb:3772 d:s ref:0 ;
in:2277 out:2277 type:P dur:2 cpbdur:2 q:41.46 aq:39.02 tex:272638 mv:22175 misc:4571 imb:3511 pmb:814 smb:3835 d:s ref:0 ;
in:2278 out:2278 type:P dur:2 cpbdur:2 q:41.48 aq:39.06 tex:272189 mv:21916 misc:4439 imb:3667 pmb:787 smb:3706 d:s ref:0 ;
in:2279 out:2279 type:P dur:2 cpbdur:2 q:41.47 aq:39.14 tex:272471 mv:21477 misc:4540 imb:3598 pmb:750 smb:3812 d:s ref:0 ;
in:2280 out:2280 type:P dur:2 cpbdur:2 q:41.46 aq:39.04 tex:269270 mv:21143 misc:4459 imb:3502 pmb:748 smb:3910 d:s ref:0 ;
in:2281 out:2281 type:P dur:2 cpbdur:2 q:41.50 aq:39.16 tex:251859 mv:21342 misc:4639 imb:3547 pmb:756 smb:3857 d:s ref:0 ;
in:2282 out:2282 type:P dur:2 cpbdur:2 q:41.28 aq:38.96 tex:281473 mv:21455 misc:4848 imb:3576 pmb:835 smb:3749 d:s ref:0 ;
in:2283 out:2283 type:P dur:2 cpbdur:2 q:41.29 aq:39.05 tex:273756 mv:22077 misc:4727 imb:3529 pmb:858 smb:3773 d:s ref:0 ;
in:2284 out:2284 type:P dur:2 cpbdur:2 q:41.26 aq:38.36 tex:285080 mv:23088 misc:4784 imb:3724 pmb:817 smb:3619 d:s ref:0 ;
in:2285 out:2285 type:P dur:2 cpbdur:2 q:41.25 aq:38.73 tex:289287 mv:21977 misc:4744 imb:3666 pmb:808 smb:3686 d:s ref:0 ;
in:2286 out:2286 type:P dur:2 cpbdur:2 q:41.33 aq:39.56 tex:277676 mv:21442 misc:4594 imb:3602 pmb:799 smb:3759 d:s ref:0 ;
in:2287 out:2287 type:P dur:2 cpbdur:2 q:41.47 aq:38.73 tex:282991 mv:21875 misc:4702 imb:3720 pmb:796 smb:3644 d:s ref:0 ;
in:2288 out:2288 type:P dur:2 cpbdur:2 q:41.49 aq:39.23 tex:274907 mv:21427 misc:4418 imb:3729 pmb:762 smb:3669 d:s ref:0 ;
in:2289 out:2289 type:P dur:2 cpbdur:2 q:41.52 aq:39.15 tex:303028 mv:21712 misc:4148 imb:3851 pmb:721 smb:3588 d:s ref:0 ;
in:2290 out:2290 type:P dur:2 cpbdur:2 q:41.51 aq:39.28 tex:297040 mv:21810 misc:4254 imb:3713 pmb:754 smb:3693 d:s ref:0 ;
in:2291 out:2291 type:P dur:2 cpbdur:2 q:41.49 aq:39.76 tex:300132 mv:21556 misc:4416 imb:3711 pmb:773 smb:3676 d:s ref:0 ;
in:2292 out:2292 type:P dur:2 cpbdur:2 q:41.74 aq:39.28 tex:267500 mv:21958 misc:4518 imb:3767 pmb:702 smb:3691 d:s ref:0 ;
in:2293 out:2293 type:P dur:2 cpbdur:2 q:41.61 aq:39.18 tex:269644 mv:21034 misc:4538 imb:3647 pmb:702 smb:3811 d:s ref:0 ;
in:2294 out:2294 type:P dur:2 cpbdur:2 q:41.47 aq:38.80 tex:274959 mv:22968 misc:4785 imb:4006 pmb:798 smb:3356 d:s ref:0 ;
in:2295 out:2295 type:P dur:2 cpbdur:2 q:41.34 aq:38.76 tex:276315 mv:22837 misc:4544 imb:3725 pmb:821 smb:3614 d:s ref:0 ;
in:2296 out:2296 type:P dur:2 cpbdur:2 q:41.39 aq:39.28 tex:253516 mv:21504 misc:4748 imb:3543 pmb:743 smb:3874 d:s ref:0 ;
in:2297 out:2297 type:P dur:2 cpbdur:2 q:41.15 aq:38.79 tex:286522 mv:22372 misc:4658 imb:3706 pmb:795 smb:3659 d:s ref:0 ;
in:2298 out:2298 type:P dur:2 cpbdur:2 q:41.19 aq:38.14 tex:282359 mv:22830 misc:4819 imb:3910 pmb:805 smb:3445 d:s ref:0 ;
in:2299 out:2299 type:P dur:2 cpbdur:2 q:41.42 aq:38.94 tex:293981 mv:20908 misc:4159 imb:3672 pmb:707 smb:3781 d:s ref:0 ;
in:2300 out:2300 type:P dur:2 cpbdur:2 q:41.48 aq:38.40 tex:291152 mv:22282 misc:4670 imb:3807 pmb:761 smb:3592 d:s ref:0 ;
in:2301 out:2301 type:P dur:2 cpbdur:2 q:41.46 aq:38.42 tex:287324 mv:21792 misc:4396 imb:3795 pmb:721 smb:3644 d:s ref:0 ;
in:2302 out:2302 type:P dur:2 cpbdur:2 q:41.46 aq:38.08 tex:294350 mv:21659 misc:4359 imb:3770 pmb:754 smb:3636 d:s ref:0 ;
in:2303 out:2303 type:P dur:2 cpbdur:2 q:41.46 aq:39.14 tex:290352 mv:21493 misc:4331 imb:3752 pmb:719 smb:3689 d:s ref:0 ;
in:2304 out:2304 type:P dur:2 cpbdur:2 q:41.53 aq:38.69 tex:280636 mv:21788 misc:4368 imb:3868 pmb:731 smb:3561 d:s ref:0 ;
in:2305 out:2305 type:P dur:2 cpbdur:2 q:41.56 aq:38.54 tex:262659 mv:20279 misc:4542 imb:3662 pmb:694 smb:3804 d:s ref:0 ;
in:2306 out:2306 type:P dur:2 cpbdur:2 q:41.44 aq:39.22 tex:261483 mv:20913 misc:4396 imb:3798 pmb:666 smb:3696 d:s ref:0 ;
in:2307 out:2307 type:P dur:2 cpbdur:2 q:41.30 aq:38.07 tex:272917 mv:20921 misc:4426 imb:3768 pmb:683 smb:3709 d:s ref:0 ;
in:2308 out:2308 type:P dur:2 cpbdur:2 q:41.43 aq:38.99 tex:257508 mv:20225 misc:4475 imb:3657 pmb:653 smb:3850 d:s ref:0 ;
in:2309 out:2309 type:P dur:2 cpbdur:2 q:41.35 aq:39.22 tex:276140 mv:20322 misc:4426 imb:3615 pmb:704 smb:3841 d:s ref:0 ;
in:2310 out:2310 type:P dur:2 cpbdur:2 q:41.35 aq:38.99 tex:269222 mv:20447 misc:4043 imb:3721 pmb:659 smb:3780 d:s ref:0 ;
in:2311 out:2311 type:P dur:2 cpbdur:2 q:41.47 aq:38.50 tex:263114 mv:20665 misc:4605 imb:3698 pmb:684 smb:3778 d:s ref:0 ;
in:2312 out:2312 type:P dur:2 cpbdur:2 q:41.47 aq:38.76 tex:267716 mv:20330 misc:4362 imb:3668 pmb:681 smb:3811 d:s ref:0 ;
in:2313 out:2313 type:P dur:2 cpbdur:2 q:41.52 aq:39.17 tex:257673 mv:20232 misc:4391 imb:3855 pmb:631 smb:3674 d:s ref:0 ;
in:2314 out:2314 type:P dur:2 cpbdur:2 q:41.40 aq:38.62 tex:268842 mv:19604 misc:4498 imb:3721 pmb:595 smb:3844 d:s ref:0 ;
in:2315 out:2315 type:P dur:2 cpbdur:2 q:41.41 aq:38.54 tex:247921 mv:19273 misc:4502 imb:3652 pmb:562 smb:3946 d:s ref:0 ;
in:2316 out:2316 type:P dur:2 cpbdur:2 q:41.15 aq:38.35 tex:282382 mv:20285 misc:4253 imb:3647 pmb:697 smb:3816 d:s ref:0 ;
in:2317 out:2317 type:P dur:2 cpbdur:2 q:41.26 aq:38.05 tex:275507 mv:20543 misc:4198 imb:3752 pmb:668 smb:3740 d:s ref:0 ;
in:2318 out:2318 type:P dur:2 cpbdur:2 q:41.32 aq:37.97 tex:270572 mv:20479 misc:4349 imb:3611 pmb:748 smb:3801 d:s ref:0 ;
in:2319 out:2319 type:P dur:2 cpbdur:2 q:41.27 aq:38.54 tex:269138 mv:19902 misc:4520 imb:3683 pmb:690 smb:3787 d:s ref:0 ;
in:2320 out:2320 type:P dur:2 cpbdur:2 q:41.41 aq:38.30 tex:251713 mv:19486 misc:4833 imb:3592 pmb:629 smb:3939 d:s ref:0 ;
in:2321 out:2321 type:P dur:2 cpbdur:2 q:41.36 aq:38.20 tex:247395 mv:19132 misc:4681 imb:3493 pmb:617 smb:4050 d:s ref:0 ;
in:2322 out:2322 type:P dur:2 cpbdur:2 q:41.33 aq:38.20 tex:253241 mv:19760 misc:4647 imb:3697 pmb:588 smb:3875 d:s ref:0 ;
in:2323 out:2323 type:P dur:2 cpbdur:2 q:41.42 aq:37.99 tex:245396 mv:18218 misc:4682 imb:3536 pmb:553 smb:4071 d:s ref:0 ;
in:2324 out:2324 type:P dur:2 cpbdur:2 q:41.41 aq:38.28 tex:244428 mv:18683 misc:4633 imb:3547 pmb:589 smb:4024 d:s ref:0 ;
in:2325 out:2325 type:P dur:2 cpbdur:2 q:41.38 aq:38.41 tex:234262 mv:17986 misc:4696 imb:3461 pmb:553 smb:4146 d:s ref:0 ;
in:2326 out:2326 type:P dur:2 cpbdur:2 q:41.32 aq:38.55 tex:240144 mv:17946 misc:4486 imb:3434 pmb:616 smb:4110 d:s ref:0 ;
in:2327 out:2327 type:P dur:2 cpbdur:2 q:41.28 aq:37.53 tex:241875 mv:18611 misc:4578 imb:3626 pmb:542 smb:3992 d:s ref:0 ;
in:2328 out:2328 type:P dur:2 cpbdur:2 q:41.42 aq:38.02 tex:251990 mv:18621 misc:4581 imb:3605 pmb:620 smb:3935 d:s ref:0 ;
in:2329 out:2329 type:P dur:2 cpbdur:2 q:41.42 aq:38.51 tex:248008 mv:18307 misc:4341 imb:3540 pmb:635 smb:3985 d:s ref:0 ;
in:2330 out:2330 type:P dur:2 cpbdur:2 q:41.40 aq:38.02 tex:253574 mv:18008 misc:4474 imb:3514 pmb:610 smb:4036 d:s ref:0 ;
in:2331 out:2331 type:P dur:2 cpbdur:2 q:41.41 aq:38.24 tex:259851 mv:18677 misc:4136 imb:3508 pmb:641 smb:4011 d:s ref:0 ;
in:2332 out:2332 type:P dur:2 cpbdur:2 q:41.45 aq:38.73 tex:253472 mv:17925 misc:4339 imb:3590 pmb:569 smb:4001 d:s ref:0 ;
in:2333 out:2333 type:P dur:2 cpbdur:2 q:41.45 aq:37.94 tex:253953 mv:18369 misc:4470 imb:3708 pmb:574 smb:3878 d:s ref:0 ;
in:2334 out:2334 type:P dur:2 cpbdur:2 q:41.44 aq:37.99 tex:254618 mv:18740 misc:4362 imb:3814 pmb:601 smb:3745 d:s ref:0 ;
in:2335 out:2335 type:P dur:2 cpbdur:2 q:41.44 aq:37.80 tex:256082 mv:17894 misc:4568 imb:3543 pmb:593 smb:4024 d:s ref:0 ;
in:2336 out:2336 type:P dur:2 cpbdur:2 q:41.42 aq:37.85 tex:256893 mv:18254 misc:4373 imb:3705 pmb:625 smb:3830 d:s ref:0 ;
in:2337 out:2337 type:P dur:2 cpbdur:2 q:41.49 aq:38.94 tex:241040 mv:17945 misc:4607 imb:3485 pmb:588 smb:4087 d:s ref:0 ;
in:2338 out:2338 type:P dur:2 cpbdur:2 q:41.49 aq:38.64 tex:232581 mv:17564 misc:4471 imb:3487 pmb:543 smb:4130 d:s ref:0 ;
in:2339 out:2339 type:P dur:2 cpbdur:2 q:41.49 aq:38.02 tex:246965 mv:18217 misc:4722 imb:3650 pmb:526 smb:3984 d:s ref:0 ;
in:2340 out:2340 type:P dur:2 cpbdur:2 q:41.48 aq:38.15 tex:251997 mv:17509 misc:4542 imb:3648 pmb:513 smb:3999 d:s ref:0 ;
in:2341 out:2341 type:P dur:2 cpbdur:2 q:41.49 aq:38.13 tex:245691 mv:17992 misc:4685 imb:3580 pmb:553 smb:4027 d:s ref:0 ;
in:2342 out:2342 type:P dur:2 cpbdur:2 q:41.49 aq:37.77 tex:253126 mv:17807 misc:4731 imb:3658 pmb:531 smb:3971 d:s ref:0 ;
in:2343 out:2343 type:P dur:2 cpbdur:2 q:41.49 aq:38.13 tex:249232 mv:18229 misc:4467 imb:3497 pmb:569 smb:4094 d:s ref:0 ;
in:2344 out:2344 type:P dur:2 cpbdur:2 q:41.54 aq:38.02 tex:241781 mv:17371 misc:4160 imb:3521 pmb:500 smb:4139 d:s ref:0 ;
in:2345 out:2345 type:P dur:2 cpbdur:2 q:41.56 aq:37.95 tex:238898 mv:18009 misc:4677 imb:3686 pmb:534 smb:3940 d:s ref:0 ;
in:2346 out:2346 type:P dur:2 cpbdur:2 q:41.56 aq:37.81 tex:240245 mv:17735 misc:4484 imb:3652 pmb:504 smb:4004 d:s ref:0 ;
in:2347 out:2347 type:P dur:2 cpbdur:2 q:41.53 aq:38.07 tex:241460 mv:17584 misc:4452 imb:3579 pmb:510 smb:4071 d:s ref:0 ;
in:2348 out:2348 type:P dur:2 cpbdur:2 q:41.50 aq:38.01 tex:239801 mv:18239 misc:4352 imb:3528 pmb:585 smb:4047 d:s ref:0 ;
in:2349 out:2349 type:P dur:2 cpbdur:2 q:41.49 aq:38.63 tex:239732 mv:17327 misc:4469 imb:3554 pmb:483 smb:4123 d:s ref:0 ;
in:2350 out:2350 type:P dur:2 cpbdur:2 q:41.51 aq:38.05 tex:242538 mv:17589 misc:4001 imb:3567 pmb:508 smb:4085 d:s ref:0 ;
in:2351 out:2351 type:P dur:2 cpbdur:2 q:41.48 aq:37.50 tex:240991 mv:18040 misc:4641 imb:3655 pmb:532 smb:3973 d:s ref:0 ;
in:2352 out:2352 type:P dur:2 cpbdur:2 q:41.48 aq:37.36 tex:237726 mv:18003 misc:4543 imb:3609 pmb:550 smb:4001 d:s ref:0 ;
in:2353 out:2353 type:P dur:2 cpbdur:2 q:41.59 aq:37.65 tex:236953 mv:17781 misc:4594 imb:3541 pmb:540 smb:4079 d:s ref:0 ;
in:2354 out:2354 type:P dur:2 cpbdur:2 q:41.32 aq:37.86 tex:264959 mv:17985 misc:4096 imb:3623 pmb:572 smb:3965 d:s ref:0 ;
in:2355 out:2355 type:P dur:2 cpbdur:2 q:41.32 aq:37.97 tex:274621 mv:18079 misc:4028 imb:3719 pmb:550 smb:3891 d:s ref:0 ;
in:2356 out:2356 type:P dur:2 cpbdur:2 q:41.33 aq:37.37 tex:267897 mv:18913 misc:3990 imb:3705 pmb:588 smb:3867 d:s ref:0 ;
in:2357 out:2357 type:P dur:2 cpbdur:2 q:41.35 aq:37.42 tex:258594 mv:18366 misc:3888 imb:3703 pmb:553 smb:3904 d:s ref:0 ;
in:2358 out:2358 type:P dur:2 cpbdur:2 q:41.33 aq:37.49 tex:262967 mv:18170 misc:4039 imb:3664 pmb:565 smb:3931 d:s ref:0 ;
in:2359 out:2359 type:P dur:2 cpbdur:2 q:41.35 aq:37.26 tex:259683 mv:18732 misc:3993 imb:3825 pmb:520 smb:3815 d:s ref:0 ;
in:2360 out:2360 type:P dur:2 cpbdur:2 q:41.36 aq:37.82 tex:262564 mv:18306 misc:3866 imb:3625 pmb:579 smb:3956 d:s ref:0 ;
in:2361 out:2361 type:P dur:2 cpbdur:2 q:41.37 aq:37.76 tex:256778 mv:18110 misc:4040 imb:3637 pmb:574 smb:3949 d:s ref:0 ;
in:2362 out:2362 type:P dur:2 cpbdur:2 q:41.35 aq:37.59 tex:259155 mv:18510 misc:3991 imb:3596 pmb:593 smb:3971 d:s ref:0 ;
in:2363 out:2363 type:P dur:2 cpbdur:2 q:41.35 aq:37.56 tex:264055 mv:18278 misc:4059 imb:3629 pmb:560 smb:3971 d:s ref:0 ;
in:2364 out:2364 type:P dur:2 cpbdur:2 q:41.35 aq:37.14 tex:264688 mv:18911 misc:4377 imb:3625 pmb:610 smb:3925 d:s ref:0 ;
in:2365 out:2365 type:P dur:2 cpbdur:2 q:41.40 aq:37.87 tex:253614 mv:17899 misc:3823 imb:3534 pmb:566 smb:4060 d:s ref:0 ;
in:2366 out:2366 type:P dur:2 cpbdur:2 q:41.39 aq:37.26 tex:250225 mv:18437 misc:4194 imb:3741 pmb:532 smb:3887 d:s ref:0 ;
in:2367 out:2367 type:P dur:2 cpbdur:2 q:41.38 aq:37.87 tex:267914 mv:17893 misc:3737 imb:3666 pmb:538 smb:3956 d:s ref:0 ;
in:2368 out:2368 type:P dur:2 cpbdur:2 q:41.43 aq:37.35 tex:247709 mv:17827 misc:3848 imb:3593 pmb:568 smb:3999 d:s ref:0 ;
in:2369 out:2369 type:P dur:2 cpbdur:2 q:41.40 aq:37.58 tex:255345 mv:17989 misc:3834 imb:3654 pmb:518 smb:3988 d:s ref:0 ;
in:2370 out:2370 type:P dur:2 cpbdur:2 q:41.44 aq:37.42 tex:243490 mv:17926 misc:4000 imb:3523 pmb:528 smb:4109 d:s ref:0 ;
in:2371 out:2371 type:P dur:2 cpbdur:2 q:41.44 aq:37.60 tex:241393 mv:18221 misc:4226 imb:3543 pmb:573 smb:4044 d:s ref:0 ;
in:2372 out:2372 type:I dur:2 cpbdur:2 q:37.05 aq:31.67 tex:751601 mv:32085 misc:634 imb:8160 pmb:0 smb:0 d:s ref:;
in:2376 out:2373 type:P dur:2 cpbdur:2 q:40.30 aq:35.93 tex:415384 mv:20093 misc:2275 imb:4342 pmb:450 smb:3368 d:s ref:0 ;
in:2374 out:2374 type:B dur:2 cpbdur:2 q:40.30 aq:40.53 tex:379449 mv:32613 misc:3474 imb:2825 pmb:1412 smb:3923 d:s ref:0 ;
in:2373 out:2375 type:b dur:2 cpbdur:2 q:40.30 aq:40.12 tex:326860 mv:32597 misc:3751 imb:2454 pmb:1381 smb:4325 d:s ref:0 ;
in:2375 out:2376 type:b dur:2 cpbdur:2 q:40.30 aq:39.35 tex:317213 mv:31111 misc:3884 imb:2387 pmb:1353 smb:4420 d:- ref:0 ;
in:2380 out:2377 type:P dur:2 cpbdur:2 q:40.37 aq:36.77 tex:402423 mv:19933 misc:2340 imb:4135 pmb:498 smb:3527 d:s ref:0 ;
in:2378 out:2378 type:B dur:2 cpbdur:2 q:40.37 aq:38.93 tex:359800 mv:32268 misc:3388 imb:2718 pmb:1456 smb:3986 d:s ref:0 ;
in:2377 out:2379 type:b dur:2 cpbdur:2 q:40.37 aq:40.31 tex:313719 mv:30580 misc:3813 imb:2391 pmb:1360 smb:4409 d:s ref:0 ;
in:2379 out:2380 type:b dur:2 cpbdur:2 q:40.37 aq:41.93 tex:306089 mv:31278 misc:3737 imb:2339 pmb:1360 smb:4461 d:- ref:0 ;
in:2384 out:2381 type:P dur:2 cpbdur:2 q:40.45 aq:36.21 tex:387781 mv:19764 misc:2471 imb:4136 pmb:504 smb:3520 d:s ref:0 ;
in:2382 out:2382 type:B dur:2 cpbdur:2 q:40.45 aq:39.59 tex:347231 mv:31491 misc:3342 imb:2650 pmb:1438 smb:4072 d:s ref:0 ;
in:2381 out:2383 type:b dur:2 cpbdur:2 q:40.45 aq:39.71 tex:306762 mv:30900 misc:3578 imb:2379 pmb:1361 smb:4420 d:s ref:0 ;
in:2383 out:2384 type:b dur:2 cpbdur:2 q:40.45 aq:39.63 tex:296755 mv:30852 misc:3849 imb:2363 pmb:1302 smb:4495 d:- ref:0 ;
in:2388 out:2385 type:P dur:2 cpbdur:2 q:40.52 aq:35.26 tex:371751 mv:19298 misc:2423 imb:4026 pmb:506 smb:3628 d:s ref:0 ;
in:2386 out:2386 type:B dur:2 cpbdur:2 q:40.51 aq:39.71 tex:336090 mv:31275 misc:3459 imb:2618 pmb:1394 smb:4148 d:s ref:0 ;
in:2385 out:2387 type:b dur:2 cpbdur:2 q:40.51 aq:38.85 tex:294582 mv:29396 misc:3806 imb:2359 pmb:1259 smb:4542 d:s ref:0 ;
in:2387 out:2388 type:b dur:2 cpbdur:2 q:40.52 aq:40.64 tex:291561 mv:29871 misc:3784 imb:2282 pmb:1332 smb:4546 d:- ref:0 ;
in:2392 out:2389 type:P dur:2 cpbdur:2 q:40.97 aq:35.87 tex:333025 mv:18969 misc:2598 imb:4084 pmb:450 smb:3626 d:s ref:0 ;
in:2390 out:2390 type:B dur:2 cpbdur:2 q:40.97 aq:39.95 tex:294217 mv:28829 misc:3594 imb:2545 pmb:1308 smb:4307 d:s ref:0 ;
in:2389 out:2391 type:b dur:2 cpbdur:2 q:40.97 aq:42.39 tex:259262 mv:28072 misc:3906 imb:2279 pmb:1202 smb:4679 d:s ref:0 ;
in:2391 out:2392 type:b dur:2 cpbdur:2 q:40.97 aq:40.73 tex:255585 mv:26675 misc:4028 imb:2254 pmb:1147 smb:4759 d:- ref:0 ;
in:2394 out:2393 type:P dur:2 cpbdur:2 q:41.75 aq:38.72 tex:261887 mv:16228 misc:2829 imb:3650 pmb:380 smb:4130 d:s ref:0 ;
in:2393 out:2394 type:b dur:2 cpbdur:2 q:41.74 aq:42.00 tex:187955 mv:24223 misc:4406 imb:1887 pmb:1186 smb:5087 d:s ref:0 ;
in:2395 out:2395 type:P dur:2 cpbdur:2 q:41.88 aq:37.87 tex:223964 mv:15620 misc:3304 imb:3308 pmb:438 smb:4414 d:s ref:0 ;
in:2396 out:2396 type:P dur:2 cpbdur:2 q:41.91 aq:36.71 tex:222490 mv:15848 misc:3486 imb:3338 pmb:467 smb:4355 d:s ref:0 ;
in:2397 out:2397 type:P dur:2 cpbdur:2 q:42.10 aq:38.22 tex:205855 mv:15222 misc:3515 imb:3259 pmb:423 smb:4478 d:s ref:0 ;
in:2398 out:2398 type:P dur:2 cpbdur:2 q:41.77 aq:39.09 tex:238050 mv:15940 misc:3258 imb:3267 pmb:512 smb:4381 d:s ref:0 ;
in:2399 out:2399 type:P dur:2 cpbdur:2 q:41.97 aq:38.43 tex:220352 mv:14985 misc:3247 imb:3293 pmb:396 smb:4471 d:s ref:0 ;
in:2400 out:2400 type:P dur:2 cpbdur:2 q:41.99 aq:37.73 tex:212854 mv:14726 misc:3604 imb:3205 pmb:410 smb:4545 d:s ref:0 ;
in:2401 out:2401 type:P dur:2 cpbdur:2 q:42.09 aq:37.57 tex:199823 mv:14422 misc:3795 imb:3179 pmb:378 smb:4603 d:s ref:0 ;
in:2402 out:2402 type:P dur:2 cpbdur:2 q:42.18 aq:38.12 tex:189069 mv:14078 misc:3797 imb:3092 pmb:369 smb:4699 d:s ref:0 ;
in:2403 out:2403 type:P dur:2 cpbdur:2 q:41.96 aq:37.98 tex:213078 mv:15026 misc:3432 imb:3150 pmb:451 smb:4559 d:s ref:0 ;
in:2404 out:2404 type:P dur:2 cpbdur:2 q:42.13 aq:37.81 tex:192187 mv:15027 misc:3674 imb:3202 pmb:412 smb:4546 d:s ref:0 ;
in:2405 out:2405 type:P dur:2 cpbdur:2 q:41.82 aq:38.84 tex:213082 mv:14698 misc:3628 imb:3112 pmb:435 smb:4613 d:s ref:0 ;
in:2406 out:2406 type:P dur:2 cpbdur:2 q:41.67 aq:37.16 tex:233453 mv:15616 misc:3275 imb:3302 pmb:461 smb:4397 d:s ref:0 ;
in:2407 out:2407 type:P dur:2 cpbdur:2 q:41.77 aq:37.66 tex:208988 mv:15228 misc:3536 imb:3251 pmb:411 smb:4498 d:s ref:0 ;
in:2408 out:2408 type:P dur:2 cpbdur:2 q:41.81 aq:38.30 tex:190249 mv:14387 misc:3684 imb:3097 pmb:368 smb:4695 d:s ref:0 ;
in:2409 out:2409 type:P dur:2 cpbdur:2 q:41.54 aq:36.98 tex:224701 mv:15100 misc:3511 imb:3223 pmb:429 smb:4508 d:s ref:0 ;
in:2410 out:2410 type:P dur:2 cpbdur:2 q:41.56 aq:36.87 tex:224032 mv:14579 misc:3477 imb:3185 pmb:412 smb:4563 d:s ref:0 ;
in:2411 out:2411 type:P dur:2 cpbdur:2 q:41.58 aq:37.45 tex:223996 mv:14971 misc:3281 imb:3184 pmb:416 smb:4560 d:s ref:0 ;
in:2412 out:2412 type:P dur:2 cpbdur:2 q:41.57 aq:36.96 tex:222278 mv:15091 misc:3167 imb:3260 pmb:387 smb:4513 d:s ref:0 ;
in:2413 out:2413 type:P dur:2 cpbdur:2 q:41.56 aq:37.69 tex:226308 mv:14757 misc:3327 imb:3186 pmb:411 smb:4563 d:s ref:0 ;
in:2414 out:2414 type:P dur:2 cpbdur:2 q:41.58 aq:38.02 tex:219897 mv:14449 misc:3246 imb:3213 pmb:361 smb:4586 d:s ref:0 ;
in:2415 out:2415 type:P dur:2 cpbdur:2 q:41.59 aq:36.44 tex:214868 mv:15245 misc:3423 imb:3250 pmb:402 smb:4508 d:s ref:0 ;
in:2416 out:2416 type:P dur:2 cpbdur:2 q:41.59 aq:37.29 tex:214211 mv:14730 misc:3163 imb:3156 pmb:400 smb:4604 d:s ref:0 ;
in:2417 out:2417 type:P dur:2 cpbdur:2 q:41.83 aq:36.80 tex:184777 mv:13941 misc:3370 imb:3042 pmb:334 smb:4784 d:s ref:0 ;
in:2418 out:2418 type:P dur:2 cpbdur:2 q:41.56 aq:36.15 tex:215508 mv:14771 misc:3625 imb:3069 pmb:444 smb:4647 d:s ref:0 ;
in:2419 out:2419 type:P dur:2 cpbdur:2 q:41.56 aq:37.26 tex:214958 mv:14252 misc:3238 imb:3128 pmb:382 smb:4650 d:s ref:0 ;
in:2420 out:2420 type:P dur:2 cpbdur:2 q:41.55 aq:38.12 tex:220289 mv:14515 misc:3172 imb:3159 pmb:375 smb:4626 d:s ref:0 ;
in:2421 out:2421 type:P dur:2 cpbdur:2 q:41.54 aq:37.25 tex:220900 mv:14487 misc:3365 imb:3225 pmb:358 smb:4577 d:s ref:0 ;
in:2422 out:2422 type:P dur:2 cpbdur:2 q:41.54 aq:36.84 tex:220356 mv:14317 misc:3215 imb:3145 pmb:389 smb:4626 d:s ref:0 ;
in:2423 out:2423 type:P dur:2 cpbdur:2 q:41.30 aq:37.69 tex:245164 mv:14659 misc:3113 imb:3101 pmb:450 smb:4609 d:s ref:0 ;
in:2424 out:2424 type:P dur:2 cpbdur:2 q:41.30 aq:36.71 tex:256097 mv:14529 misc:2710 imb:3205 pmb:381 smb:4574 d:s ref:0 ;
in:2425 out:2425 type:P dur:2 cpbdur:2 q:41.31 aq:36.73 tex:248408 mv:15101 misc:2931 imb:3271 pmb:402 smb:4487 d:s ref:0 ;
in:2426 out:2426 type:P dur:2 cpbdur:2 q:41.31 aq:36.97 tex:244133 mv:15353 misc:2858 imb:3142 pmb:458 smb:4560 d:s ref:0 ;
in:2427 out:2427 type:P dur:2 cpbdur:2 q:41.32 aq:37.83 tex:251591 mv:14443 misc:2734 imb:3197 pmb:393 smb:4570 d:s ref:0 ;
in:2428 out:2428 type:P dur:2 cpbdur:2 q:41.33 aq:37.64 tex:243692 mv:14605 misc:2815 imb:3161 pmb:406 smb:4593 d:s ref:0 ;
in:2429 out:2429 type:P dur:2 cpbdur:2 q:41.34 aq:37.60 tex:245650 mv:15040 misc:2742 imb:3155 pmb:414 smb:4591 d:s ref:0 ;
in:2430 out:2430 type:P dur:2 cpbdur:2 q:41.34 aq:36.15 tex:244205 mv:15231 misc:2860 imb:3212 pmb:419 smb:4529 d:s ref:0 ;
in:2431 out:2431 type:P dur:2 cpbdur:2 q:41.35 aq:37.35 tex:242164 mv:14484 misc:2728 imb:3148 pmb:422 smb:4590 d:s ref:0 ;
in:2432 out:2432 type:P dur:2 cpbdur:2 q:41.34 aq:37.35 tex:240992 mv:14418 misc:2726 imb:3129 pmb:405 smb:4626 d:s ref:0 ;
in:2433 out:2433 type:P dur:2 cpbdur:2 q:41.33 aq:36.01 tex:240160 mv:14250 misc:2646 imb:3193 pmb:377 smb:4590 d:s ref:0 ;
in:2434 out:2434 type:P dur:2 cpbdur:2 q:41.33 aq:37.73 tex:246008 mv:14462 misc:2634 imb:3190 pmb:389 smb:4581 d:s ref:0 ;
in:2435 out:2435 type:P dur:2 cpbdur:2 q:41.35 aq:37.07 tex:241651 mv:14391 misc:2558 imb:3162 pmb:388 smb:4610 d:s ref:0 ;
in:2436 out:2436 type:P dur:2 cpbdur:2 q:41.36 aq:38.39 tex:238356 mv:13911 misc:2741 imb:3112 pmb:406 smb:4642 d:s ref:0 ;
in:2437 out:2437 type:P dur:2 cpbdur:2 q:41.37 aq:37.10 tex:236171 mv:14438 misc:2695 imb:3178 pmb:387 smb:4595 d:s ref:0 ;
in:2438 out:2438 type:P dur:2 cpbdur:2 q:41.35 aq:37.20 tex:242587 mv:14185 misc:2820 imb:3118 pmb:397 smb:4645 d:s ref:0 ;
in:2439 out:2439 type:P dur:2 cpbdur:2 q:41.38 aq:39.45 tex:238619 mv:13930 misc:2643 imb:3108 pmb:407 smb:4645 d:s ref:0 ;
in:2440 out:2440 type:P dur:2 cpbdur:2 q:41.39 aq:35.84 tex:240882 mv:13760 misc:2782 imb:3159 pmb:367 smb:4634 d:s ref:0 ;
in:2441 out:2441 type:P dur:2 cpbdur:2 q:41.41 aq:35.99 tex:237577 mv:14115 misc:2900 imb:3114 pmb:384 smb:4662 d:s ref:0 ;
in:2442 out:2442 type:P dur:2 cpbdur:2 q:41.41 aq:36.85 tex:234333 mv:14099 misc:2848 imb:3110 pmb:392 smb:4658 d:s ref:0 ;
in:2443 out:2443 type:P dur:2 cpbdur:2 q:41.42 aq:37.51 tex:241127 mv:14435 misc:2782 imb:3151 pmb:409 smb:4600 d:s ref:0 ;
in:2444 out:2444 type:P dur:2 cpbdur:2 q:41.43 aq:37.51 tex:234850 mv:14061 misc:2777 imb:3119 pmb:383 smb:4658 d:s ref:0 ;
in:2445 out:2445 type:P dur:2 cpbdur:2 q:41.45 aq:39.50 tex:240949 mv:13849 misc:2666 imb:3125 pmb:366 smb:4669 d:s ref:0 ;
in:2446 out:2446 type:P dur:2 cpbdur:2 q:41.45 aq:38.94 tex:232614 mv:14066 misc:2600 imb:3132 pmb:389 smb:4639 d:s ref:0 ;
in:2447 out:2447 type:P dur:2 cpbdur:2 q:41.46 aq:37.15 tex:240294 mv:13985 misc:2633 imb:3195 pmb:360 smb:4605 d:s ref:0 ;
in:2448 out:2448 type:P dur:2 cpbdur:2 q:41.46 aq:37.29 tex:234754 mv:13719 misc:2575 imb:3155 pmb:336 smb:4669 d:s ref:0 ;
in:2449 out:2449 type:P dur:2 cpbdur:2 q:41.23 aq:38.34 tex:263495 mv:15336 misc:2553 imb:3267 pmb:444 smb:4449 d:s ref:0 ;
in:2450 out:2450 type:P dur:2 cpbdur:2 q:41.24 aq:37.23 tex:266249 mv:15006 misc:2545 imb:3220 pmb:413 smb:4527 d:s ref:0 ;
in:2451 out:2451 type:P dur:2 cpbdur:2 q:41.25 aq:37.42 tex:271077 mv:14688 misc:2467 imb:3257 pmb:387 smb:4516 d:s ref:0 ;
in:2452 out:2452 type:P dur:2 cpbdur:2 q:41.26 aq:36.62 tex:265489 mv:14860 misc:2523 imb:3258 pmb:388 smb:4514 d:s ref:0 ;
in:2453 out:2453 type:P dur:2 cpbdur:2 q:41.27 aq:37.35 tex:266121 mv:14546 misc:2397 imb:3194 pmb:395 smb:4571 d:s ref:0 ;
in:2454 out:2454 type:P dur:2 cpbdur:2 q:41.28 aq:36.57 tex:264967 mv:14502 misc:2515 imb:3234 pmb:384 smb:4542 d:s ref:0 ;
in:2455 out:2455 type:P dur:2 cpbdur:2 q:41.29 aq:36.54 tex:266887 mv:15012 misc:2389 imb:3285 pmb:375 smb:4500 d:s ref:0 ;
in:2456 out:2456 type:P dur:2 cpbdur:2 q:41.30 aq:38.66 tex:269549 mv:14780 misc:2343 imb:3247 pmb:430 smb:4483 d:s ref:0 ;
in:2457 out:2457 type:P dur:2 cpbdur:2 q:41.31 aq:38.69 tex:266648 mv:14462 misc:2298 imb:3229 pmb:392 smb:4539 d:s ref:0 ;
in:2458 out:2458 type:P dur:2 cpbdur:2 q:41.32 aq:37.80 tex:267884 mv:15275 misc:2425 imb:3324 pmb:448 smb:4388 d:s ref:0 ;
in:2459 out:2459 type:P dur:2 cpbdur:2 q:41.33 aq:38.11 tex:268747 mv:14473 misc:2252 imb:3305 pmb:402 smb:4453 d:s ref:0 ;
in:2460 out:2460 type:P dur:2 cpbdur:2 q:41.34 aq:39.24 tex:269861 mv:14040 misc:2227 imb:3260 pmb:362 smb:4538 d:s ref:0 ;
in:2461 out:2461 type:P dur:2 cpbdur:2 q:41.35 aq:35.94 tex:269340 mv:15113 misc:2331 imb:3313 pmb:410 smb:4437 d:s ref:0 ;
in:2462 out:2462 type:P dur:2 cpbdur:2 q:41.36 aq:36.15 tex:265886 mv:15403 misc:2551 imb:3323 pmb:401 smb:4436 d:s ref:0 ;
in:2463 out:2463 type:P dur:2 cpbdur:2 q:41.36 aq:39.97 tex:267007 mv:15139 misc:2246 imb:3355 pmb:361 smb:4444 d:s ref:0 ;
in:2464 out:2464 type:P dur:2 cpbdur:2 q:41.38 aq:38.04 tex:263949 mv:14860 misc:2143 imb:3324 pmb:374 smb:4462 d:s ref:0 ;
in:2465 out:2465 type:P dur:2 cpbdur:2 q:41.39 aq:39.02 tex:266395 mv:14699 misc:2466 imb:3262 pmb:391 smb:4507 d:s ref:0 ;
in:2466 out:2466 type:P dur:2 cpbdur:2 q:41.40 aq:39.78 tex:260064 mv:14893 misc:2123 imb:3275 pmb:387 smb:4498 d:s ref:0 ;
in:2467 out:2467 type:P dur:2 cpbdur:2 q:41.41 aq:38.50 tex:262282 mv:14632 misc:2342 imb:3212 pmb:403 smb:4545 d:s ref:0 ;
in:2468 out:2468 type:P dur:2 cpbdur:2 q:41.42 aq:37.83 tex:260070 mv:14736 misc:2346 imb:3231 pmb:398 smb:4531 d:s ref:0 ;
in:2469 out:2469 type:P dur:2 cpbdur:2 q:41.44 aq:38.93 tex:255868 mv:14571 misc:2313 imb:3224 pmb:361 smb:4575 d:s ref:0 ;
in:2470 out:2470 type:P dur:2 cpbdur:2 q:41.45 aq:38.72 tex:258347 mv:14673 misc:2236 imb:3234 pmb:393 smb:4533 d:s ref:0 ;
in:2471 out:2471 type:P dur:2 cpbdur:2 q:41.46 aq:38.11 tex:256947 mv:14349 misc:2352 imb:3219 pmb:391 smb:4550 d:s ref:0 ;
in:2472 out:2472 type:P dur:2 cpbdur:2 q:41.47 aq:39.49 tex:259571 mv:14793 misc:2244 imb:3198 pmb:406 smb:4556 d:s ref:0 ;
in:2473 out:2473 type:P dur:2 cpbdur:2 q:41.48 aq:40.39 tex:253956 mv:14327 misc:2141 imb:3193 pmb:370 smb:4597 d:s ref:0 ;
in:2474 out:2474 type:P dur:2 cpbdur:2 q:41.50 aq:39.37 tex:250302 mv:14490 misc:2176 imb:3248 pmb:353 smb:4559 d:s ref:0 ;
in:2475 out:2475 type:P dur:2 cpbdur:2 q:41.51 aq:36.69 tex:252721 mv:14518 misc:2113 imb:3271 pmb:380 smb:4509 d:s ref:0 ;
in:2476 out:2476 type:P dur:2 cpbdur:2 q:41.52 aq:39.04 tex:250763 mv:14887 misc:2078 imb:3257 pmb:395 smb:4508 d:s ref:0 ;
in:2477 out:2477 type:P dur:2 cpbdur:2 q:41.53 aq:38.53 tex:247944 mv:14681 misc:2431 imb:3174 pmb:398 smb:4588 d:s ref:0 ;
in:2478 out:2478 type:P dur:2 cpbdur:2 q:41.54 aq:39.32 tex:247310 mv:14848 misc:2426 imb:3184 pmb:406 smb:4570 d:s ref:0 ;
in:2479 out:2479 type:P dur:2 cpbdur:2 q:41.56 aq:37.73 tex:249022 mv:14659 misc:2391 imb:3201 pmb:387 smb:4572 d:s ref:0 ;
in:2480 out:2480 type:P dur:2 cpbdur:2 q:41.57 aq:36.08 tex:249698 mv:14776 misc:2510 imb:3243 pmb:380 smb:4537 d:s ref:0 ;
in:2481 out:2481 type:P dur:2 cpbdur:2 q:41.58 aq:38.74 tex:250340 mv:14666 misc:2346 imb:3227 pmb:397 smb:4536 d:s ref:0 ;
in:2482 out:2482 type:P dur:2 cpbdur:2 q:41.59 aq:39.07 tex:245742 mv:14624 misc:2506 imb:3191 pmb:396 smb:4573 d:s ref:0 ;
in:2483 out:2483 type:P dur:2 cpbdur:2 q:41.60 aq:39.39 tex:250140 mv:14484 misc:2384 imb:3200 pmb:400 smb:4560 d:s ref:0 ;
in:2484 out:2484 type:P dur:2 cpbdur:2 q:41.61 aq:38.82 tex:248877 mv:14448 misc:2507 imb:3218 pmb:379 smb:4563 d:s ref:0 ;
in:2485 out:2485 type:P dur:2 cpbdur:2 q:41.62 aq:37.56 tex:246584 mv:14788 misc:2348 imb:3200 pmb:429 smb:4531 d:s ref:0 ;
in:2486 out:2486 type:P dur:2 cpbdur:2 q:41.63 aq:38.96 tex:249834 mv:15085 misc:2241 imb:3271 pmb:416 smb:4473 d:s ref:0 ;
in:2487 out:2487 type:P dur:2 cpbdur:2 q:41.64 aq:39.64 tex:245267 mv:15291 misc:2370 imb:3272 pmb:438 smb:4450 d:s ref:0 ;
in:2488 out:2488 type:P dur:2 cpbdur:2 q:41.65 aq:38.76 tex:247250 mv:14639 misc:2527 imb:3204 pmb:397 smb:4559 d:s ref:0 ;
in:2489 out:2489 type:P dur:2 cpbdur:2 q:41.66 aq:40.99 tex:248058 mv:14780 misc:2234 imb:3271 pmb:408 smb:4481 d:s ref:0 ;
in:2490 out:2490 type:P dur:2 cpbdur:2 q:41.67 aq:39.71 tex:250248 mv:15395 misc:2309 imb:3280 pmb:428 smb:4452 d:s ref:0 ;
in:2491 out:2491 type:P dur:2 cpbdur:2 q:41.68 aq:39.58 tex:246228 mv:14994 misc:2410 imb:3312 pmb:385 smb:4463 d:s ref:0 ;
in:2492 out:2492 type:P dur:2 cpbdur:2 q:41.69 aq:40.28 tex:250824 mv:14963 misc:2245 imb:3346 pmb:380 smb:4434 d:s ref:0 ;
in:2493 out:2493 type:P dur:2 cpbdur:2 q:41.70 aq:38.95 tex:253751 mv:14879 misc:2370 imb:3291 pmb:422 smb:4447 d:s ref:0 ;
in:2494 out:2494 type:P dur:2 cpbdur:2 q:41.70 aq:39.56 tex:249769 mv:15540 misc:2267 imb:3318 pmb:415 smb:4427 d:s ref:0 ;
in:2495 out:2495 type:P dur:2 cpbdur:2 q:41.71 aq:39.40 tex:249386 mv:15315 misc:2315 imb:3290 pmb:430 smb:4440 d:s ref:0 ;
in:2496 out:2496 type:P dur:2 cpbdur:2 q:41.72 aq:38.07 tex:250467 mv:15362 misc:2539 imb:3297 pmb:422 smb:4441 d:s ref:0 ;
in:2497 out:2497 type:P dur:2 cpbdur:2 q:41.73 aq:39.99 tex:250041 mv:15609 misc:2390 imb:3298 pmb:424 smb:4438 d:s ref:0 ;
in:2498 out:2498 type:P dur:2 cpbdur:2 q:41.74 aq:40.09 tex:253950 mv:15588 misc:2406 imb:3276 pmb:446 smb:4438 d:s ref:0 ;
in:2499 out:2499 type:P dur:2 cpbdur:2 q:41.75 aq:40.52 tex:250359 mv:15820 misc:2421 imb:3303 pmb:445 smb:4412 d:s ref:0 ;
in:2500 out:2500 type:P dur:2 cpbdur:2 q:41.76 aq:40.49 tex:243242 mv:15481 misc:2533 imb:3283 pmb:440 smb:4437 d:s ref:0 ;
in:2501 out:2501 type:P dur:2 cpbdur:2 q:41.77 aq:39.72 tex:247268 mv:15773 misc:2431 imb:3305 pmb:437 smb:4418 d:s ref:0 ;
in:2502 out:2502 type:P dur:2 cpbdur:2 q:41.78 aq:40.44 tex:246083 mv:15571 misc:2562 imb:3264 pmb:437 smb:4459 d:s ref:0 ;
in:2503 out:2503 type:P dur:2 cpbdur:2 q:41.79 aq:40.46 tex:250692 mv:15576 misc:2540 imb:3310 pmb:432 smb:4418 d:s ref:0 ;
in:2504 out:2504 type:P dur:2 cpbdur:2 q:41.80 aq:39.68 tex:249858 mv:16152 misc:2518 imb:3295 pmb:472 smb:4393 d:s ref:0 ;
in:2505 out:2505 type:P dur:2 cpbdur:2 q:41.80 aq:39.08 tex:249283 mv:15812 misc:2497 imb:3345 pmb:445 smb:4370 d:s ref:0 ;
in:2506 out:2506 type:P dur:2 cpbdur:2 q:41.81 aq:40.38 tex:251184 mv:15936 misc:2432 imb:3340 pmb:458 smb:4362 d:s ref:0 ;
in:2507 out:2507 type:P dur:2 cpbdur:2 q:41.82 aq:39.92 tex:250002 mv:15742 misc:2464 imb:3374 pmb:403 smb:4383 d:s ref:0 ;
in:2508 out:2508 type:P dur:2 cpbdur:2 q:41.83 aq:39.65 tex:241329 mv:15455 misc:2696 imb:3253 pmb:421 smb:4486 d:s ref:0 ;
in:2509 out:2509 type:P dur:2 cpbdur:2 q:41.84 aq:36.64 tex:243079 mv:15387 misc:2758 imb:3280 pmb:428 smb:4452 d:s ref:0 ;
in:2510 out:2510 type:P dur:2 cpbdur:2 q:41.85 aq:39.43 tex:241492 mv:15453 misc:2599 imb:3284 pmb:437 smb:4439 d:s ref:0 ;
in:2511 out:2511 type:P dur:2 cpbdur:2 q:41.86 aq:40.46 tex:244257 mv:15485 misc:2586 imb:3277 pmb:434 smb:4449 d:s ref:0 ;
in:2512 out:2512 type:P dur:2 cpbdur:2 q:41.87 aq:39.47 tex:239585 mv:15220 misc:2459 imb:3288 pmb:420 smb:4452 d:s ref:0 ;
in:2513 out:2513 type:P dur:2 cpbdur:2 q:41.88 aq:39.48 tex:243748 mv:15696 misc:2500 imb:3317 pmb:447 smb:4396 d:s ref:0 ;
in:2514 out:2514 type:P dur:2 cpbdur:2 q:41.89 aq:39.78 tex:236712 mv:15386 misc:2542 imb:3274 pmb:417 smb:4469 d:s ref:0 ;
in:2515 out:2515 type:P dur:2 cpbdur:2 q:41.90 aq:39.72 tex:240111 mv:15751 misc:2482 imb:3320 pmb:433 smb:4407 d:s ref:0 ;
in:2516 out:2516 type:P dur:2 cpbdur:2 q:41.91 aq:39.18 tex:241697 mv:15279 misc:2752 imb:3284 pmb:417 smb:4459 d:s ref:0 ;
in:2517 out:2517 type:P dur:2 cpbdur:2 q:41.92 aq:40.33 tex:243542 mv:15775 misc:2419 imb:3339 pmb:405 smb:4416 d:s ref:0 ;
in:2518 out:2518 type:P dur:2 cpbdur:2 q:41.93 aq:36.92 tex:244068 mv:15913 misc:2539 imb:3361 pmb:456 smb:4343 d:s ref:0 ;
in:2519 out:2519 type:P dur:2 cpbdur:2 q:41.94 aq:40.37 tex:241975 mv:14960 misc:2633 imb:3366 pmb:400 smb:4394 d:s ref:0 ;
in:2520 out:2520 type:P dur:2 cpbdur:2 q:41.95 aq:37.54 tex:238078 mv:15955 misc:2655 imb:3304 pmb:448 smb:4408 d:s ref:0 ;
in:2521 out:2521 type:P dur:2 cpbdur:2 q:41.96 aq:39.18 tex:238832 mv:15907 misc:2717 imb:3351 pmb:439 smb:4370 d:s ref:0 ;
in:2522 out:2522 type:P dur:2 cpbdur:2 q:41.97 aq:39.87 tex:241024 mv:14990 misc:2746 imb:3305 pmb:393 smb:4462 d:s ref:0 ;
in:2523 out:2523 type:P dur:2 cpbdur:2 q:41.98 aq:40.06 tex:238379 mv:16073 misc:2532 imb:3377 pmb:438 smb:4345 d:s ref:0 ;
in:2524 out:2524 type:P dur:2 cpbdur:2 q:41.98 aq:39.36 tex:241054 mv:16260 misc:2814 imb:3331 pmb:466 smb:4363 d:s ref:0 ;
in:2525 out:2525 type:P dur:2 cpbdur:2 q:41.99 aq:40.74 tex:235043 mv:15563 misc:2778 imb:3369 pmb:422 smb:4369 d:s ref:0 ;
in:2526 out:2526 type:P dur:2 cpbdur:2 q:42.00 aq:40.19 tex:235495 mv:15823 misc:2746 imb:3317 pmb:436 smb:4407 d:s ref:0 ;
in:2527 out:2527 type:P dur:2 cpbdur:2 q:42.01 aq:38.28 tex:242468 mv:15437 misc:2991 imb:3319 pmb:419 smb:4422 d:s ref:0 ;
in:2528 out:2528 type:P dur:2 cpbdur:2 q:42.02 aq:36.89 tex:239206 mv:15561 misc:2777 imb:3363 pmb:417 smb:4380 d:s ref:0 ;
in:2529 out:2529 type:P dur:2 cpbdur:2 q:42.03 aq:39.81 tex:230435 mv:15856 misc:2933 imb:3386 pmb:422 smb:4352 d:s ref:0 ;
in:2530 out:2530 type:P dur:2 cpbdur:2 q:42.03 aq:37.18 tex:233458 mv:15689 misc:2973 imb:3304 pmb:440 smb:4416 d:s ref:0 ;
in:2531 out:2531 type:P dur:2 cpbdur:2 q:42.04 aq:39.05 tex:230691 mv:15948 misc:2777 imb:3306 pmb:463 smb:4391 d:s ref:0 ;
in:2532 out:2532 type:P dur:2 cpbdur:2 q:42.05 aq:38.56 tex:232338 mv:15957 misc:2881 imb:3344 pmb:444 smb:4372 d:s ref:0 ;
in:2533 out:2533 type:P dur:2 cpbdur:2 q:42.06 aq:37.53 tex:228847 mv:15306 misc:3047 imb:3222 pmb:457 smb:4481 d:s ref:0 ;
in:2534 out:2534 type:P dur:2 cpbdur:2 q:42.07 aq:37.27 tex:236061 mv:15872 misc:2843 imb:3347 pmb:407 smb:4406 d:s ref:0 ;
in:2535 out:2535 type:P dur:2 cpbdur:2 q:42.08 aq:40.21 tex:231898 mv:15556 misc:2882 imb:3247 pmb:453 smb:4460 d:s ref:0 ;
in:2536 out:2536 type:P dur:2 cpbdur:2 q:42.08 aq:40.97 tex:237418 mv:15524 misc:2826 imb:3284 pmb:455 smb:4421 d:s ref:0 ;
in:2537 out:2537 type:P dur:2 cpbdur:2 q:42.09 aq:39.92 tex:230216 mv:15373 misc:2835 imb:3239 pmb:437 smb:4484 d:s ref:0 ;
in:2538 out:2538 type:P dur:2 cpbdur:2 q:42.10 aq:39.24 tex:232212 mv:15831 misc:2717 imb:3322 pmb:448 smb:4390 d:s ref:0 ;
in:2539 out:2539 type:P dur:2 cpbdur:2 q:42.11 aq:38.08 tex:227345 mv:15518 misc:3033 imb:3244 pmb:441 smb:4475 d:s ref:0 ;
in:2540 out:2540 type:P dur:2 cpbdur:2 q:42.11 aq:38.80 tex:229057 mv:15493 misc:2850 imb:3287 pmb:420 smb:4453 d:s ref:0 ;
in:2541 out:2541 type:P dur:2 cpbdur:2 q:42.12 aq:38.10 tex:224987 mv:15636 misc:3161 imb:3257 pmb:452 smb:4451 d:s ref:0 ;
in:2542 out:2542 type:P dur:2 cpbdur:2 q:42.13 aq:39.37 tex:228128 mv:15553 misc:2919 imb:3267 pmb:437 smb:4456 d:s ref:0 ;
in:2543 out:2543 type:P dur:2 cpbdur:2 q:42.14 aq:40.73 tex:225890 mv:16134 misc:2912 imb:3220 pmb:479 smb:4461 d:s ref:0 ;
in:2544 out:2544 type:P dur:2 cpbdur:2 q:42.15 aq:38.50 tex:227780 mv:15741 misc:2935 imb:3241 pmb:456 smb:4463 d:s ref:0 ;
in:2545 out:2545 type:P dur:2 cpbdur:2 q:42.15 aq:37.18 tex:227333 mv:16107 misc:3216 imb:3355 pmb:434 smb:4371 d:s ref:0 ;
in:2546 out:2546 type:P dur:2 cpbdur:2 q:42.16 aq:38.85 tex:226580 mv:15508 misc:3032 imb:3210 pmb:444 smb:4506 d:s ref:0 ;
in:2547 out:2547 type:P dur:2 cpbdur:2 q:42.17 aq:38.44 tex:224196 mv:15889 misc:3067 imb:3279 pmb:442 smb:4439 d:s ref:0 ;
in:2548 out:2548 type:P dur:2 cpbdur:2 q:42.17 aq:37.88 tex:231495 mv:16093 misc:2932 imb:3350 pmb:417 smb:4393 d:s ref:0 ;
in:2549 out:2549 type:P dur:2 cpbdur:2 q:42.18 aq:38.96 tex:228211 mv:15742 misc:3087 imb:3275 pmb:436 smb:4449 d:s ref:0 ;
in:2550 out:2550 type:P dur:2 cpbdur:2 q:42.19 aq:37.15 tex:228512 mv:16024 misc:2968 imb:3294 pmb:438 smb:4428 d:s ref:0 ;
in:2551 out:2551 type:P dur:2 cpbdur:2 q:42.19 aq:38.72 tex:222892 mv:16123 misc:2929 imb:3275 pmb:425 smb:4460 d:s ref:0 ;
in:2552 out:2552 type:P dur:2 cpbdur:2 q:42.20 aq:38.59 tex:220504 mv:15770 misc:3342 imb:3172 pmb:473 smb:4515 d:s ref:0 ;
in:2553 out:2553 type:P dur:2 cpbdur:2 q:42.21 aq:39.81 tex:221844 mv:16118 misc:2974 imb:3193 pmb:465 smb:4502 d:s ref:0 ;
in:2554 out:2554 type:P dur:2 cpbdur:2 q:42.21 aq:38.35 tex:225900 mv:15365 misc:3023 imb:3180 pmb:430 smb:4550 d:s ref:0 ;
in:2555 out:2555 type:P dur:2 cpbdur:2 q:42.22 aq:38.68 tex:222574 mv:15372 misc:2942 imb:3190 pmb:404 smb:4566 d:s ref:0 ;
in:2556 out:2556 type:P dur:2 cpbdur:2 q:42.22 aq:39.16 tex:223210 mv:15600 misc:3078 imb:3201 pmb:438 smb:4521 d:s ref:0 ;
in:2557 out:2557 type:P dur:2 cpbdur:2 q:42.23 aq:38.44 tex:225072 mv:15515 misc:3093 imb:3159 pmb:451 smb:4550 d:s ref:0 ;
in:2558 out:2558 type:P dur:2 cpbdur:2 q:42.24 aq:38.14 tex:218698 mv:15718 misc:3152 imb:3214 pmb:394 smb:4552 d:s ref:0 ;
in:2559 out:2559 type:P dur:2 cpbdur:2 q:42.24 aq:38.77 tex:225373 mv:15901 misc:3270 imb:3200 pmb:441 smb:4519 d:s ref:0 ;
in:2560 out:2560 type:P dur:2 cpbdur:2 q:42.25 aq:38.59 tex:222768 mv:15922 misc:3238 imb:3273 pmb:418 smb:4469 d:s ref:0 ;
in:2561 out:2561 type:P dur:2 cpbdur:2 q:42.25 aq:38.00 tex:222499 mv:16122 misc:3379 imb:3240 pmb:447 smb:4473 d:s ref:0 ;
in:2562 out:2562 type:P dur:2 cpbdur:2 q:42.26 aq:38.57 tex:226597 mv:16732 misc:3215 imb:3245 pmb:501 smb:4414 d:s ref:0 ;
in:2563 out:2563 type:P dur:2 cpbdur:2 q:42.27 aq:38.44 tex:228727 mv:16319 misc:3274 imb:3276 pmb:466 smb:4418 d:s ref:0 ;
in:2564 out:2564 type:P dur:2 cpbdur:2 q:42.27 aq:38.41 tex:229972 mv:16337 misc:3203 imb:3345 pmb:440 smb:4375 d:s ref:0 ;
in:2565 out:2565 type:P dur:2 cpbdur:2 q:42.28 aq:37.63 tex:229232 mv:16759 misc:3393 imb:3347 pmb:479 smb:4334 d:s ref:0 ;
in:2566 out:2566 type:P dur:2 cpbdur:2 q:42.29 aq:38.75 tex:226885 mv:16934 misc:3253 imb:3280 pmb:485 smb:4395 d:s ref:0 ;
in:2567 out:2567 type:P dur:2 cpbdur:2 q:42.29 aq:38.05 tex:226880 mv:17037 misc:3283 imb:3342 pmb:511 smb:4307 d:s ref:0 ;
in:2568 out:2568 type:P dur:2 cpbdur:2 q:42.30 aq:38.89 tex:232254 mv:16545 misc:2809 imb:3367 pmb:472 smb:4321 d:s ref:0 ;
in:2569 out:2569 type:P dur:2 cpbdur:2 q:42.31 aq:38.24 tex:231250 mv:17315 misc:3219 imb:3437 pmb:504 smb:4219 d:s ref:0 ;
in:2570 out:2570 type:P dur:2 cpbdur:2 q:42.31 aq:38.32 tex:226725 mv:16689 misc:3194 imb:3353 pmb:453 smb:4354 d:s ref:0 ;
in:2571 out:2571 type:P dur:2 cpbdur:2 q:42.32 aq:38.48 tex:229904 mv:17204 misc:3132 imb:3397 pmb:501 smb:4262 d:s ref:0 ;
in:2572 out:2572 type:P dur:2 cpbdur:2 q:42.33 aq:39.09 tex:229160 mv:17352 misc:3120 imb:3426 pmb:488 smb:4246 d:s ref:0 ;
in:2573 out:2573 type:P dur:2 cpbdur:2 q:42.33 aq:38.09 tex:228145 mv:17227 misc:3508 imb:3469 pmb:488 smb:4203 d:s ref:0 ;
in:2574 out:2574 type:P dur:2 cpbdur:2 q:42.34 aq:38.88 tex:227718 mv:17362 misc:3352 imb:3398 pmb:480 smb:4282 d:s ref:0 ;
in:2575 out:2575 type:P dur:2 cpbdur:2 q:42.35 aq:37.83 tex:225385 mv:17682 misc:3405 imb:3630 pmb:489 smb:4041 d:s ref:0 ;
in:2576 out:2576 type:P dur:2 cpbdur:2 q:42.35 aq:38.41 tex:225306 mv:17737 misc:3333 imb:3393 pmb:513 smb:4254 d:s ref:0 ;
in:2577 out:2577 type:P dur:2 cpbdur:2 q:42.36 aq:39.72 tex:228842 mv:17543 misc:3191 imb:3387 pmb:524 smb:4249 d:s ref:0 ;
in:2578 out:2578 type:P dur:2 cpbdur:2 q:42.37 aq:38.93 tex:229530 mv:17859 misc:3291 imb:3504 pmb:484 smb:4172 d:s ref:0 ;
in:2579 out:2579 type:P dur:2 cpbdur:2 q:42.37 aq:40.88 tex:225985 mv:16482 misc:3381 imb:3372 pmb:467 smb:4321 d:s ref:0 ;
in:2580 out:2580 type:P dur:2 cpbdur:2 q:42.38 aq:38.99 tex:219188 mv:17764 misc:3424 imb:3363 pmb:491 smb:4306 d:s ref:0 ;
in:2581 out:2581 type:P dur:2 cpbdur:2 q:42.39 aq:37.84 tex:222933 mv:17274 misc:3505 imb:3341 pmb:512 smb:4307 d:s ref:0 ;
in:2582 out:2582 type:P dur:2 cpbdur:2 q:42.39 aq:37.74 tex:220272 mv:17836 misc:3468 imb:3403 pmb:504 smb:4253 d:s ref:0 ;
in:2583 out:2583 type:P dur:2 cpbdur:2 q:42.40 aq:38.21 tex:211508 mv:17315 misc:3449 imb:3359 pmb:462 smb:4339 d:s ref:0 ;
in:2584 out:2584 type:P dur:2 cpbdur:2 q:42.41 aq:38.81 tex:212576 mv:17136 misc:3768 imb:3309 pmb:482 smb:4369 d:s ref:0 ;
in:2585 out:2585 type:P dur:2 cpbdur:2 q:42.41 aq:37.80 tex:213602 mv:17167 misc:3439 imb:3343 pmb:498 smb:4319 d:s ref:0 ;
in:2586 out:2586 type:P dur:2 cpbdur:2 q:42.42 aq:38.42 tex:217275 mv:17528 misc:3517 imb:3308 pmb:545 smb:4307 d:s ref:0 ;
in:2587 out:2587 type:P dur:2 cpbdur:2 q:42.43 aq:37.96 tex:208402 mv:16868 misc:3762 imb:3254 pmb:464 smb:4442 d:s ref:0 ;
in:2588 out:2588 type:P dur:2 cpbdur:2 q:42.43 aq:37.72 tex:206032 mv:16813 misc:3739 imb:3197 pmb:500 smb:4463 d:s ref:0 ;
in:2589 out:2589 type:P dur:2 cpbdur:2 q:42.44 aq:37.83 tex:205314 mv:16682 misc:3684 imb:3126 pmb:527 smb:4507 d:s ref:0 ;
in:2590 out:2590 type:P dur:2 cpbdur:2 q:42.44 aq:39.00 tex:209967 mv:17301 misc:3396 imb:3221 pmb:529 smb:4410 d:s ref:0 ;
in:2591 out:2591 type:P dur:2 cpbdur:2 q:42.45 aq:37.78 tex:207393 mv:17294 misc:3689 imb:3235 pmb:512 smb:4413 d:s ref:0 ;
in:2592 out:2592 type:P dur:2 cpbdur:2 q:42.45 aq:37.87 tex:206794 mv:17142 misc:3576 imb:3143 pmb:532 smb:4485 d:s ref:0 ;
in:2593 out:2593 type:P dur:2 cpbdur:2 q:42.46 aq:37.55 tex:204710 mv:17757 misc:3909 imb:3171 pmb:546 smb:4443 d:s ref:0 ;
in:2594 out:2594 type:P dur:2 cpbdur:2 q:42.47 aq:38.06 tex:202879 mv:16276 misc:3901 imb:3122 pmb:457 smb:4581 d:s ref:0 ;
in:2595 out:2595 type:P dur:2 cpbdur:2 q:42.47 aq:38.60 tex:198136 mv:16652 misc:3732 imb:3076 pmb:510 smb:4574 d:s ref:0 ;
in:2596 out:2596 type:P dur:2 cpbdur:2 q:42.48 aq:38.62 tex:208199 mv:16869 misc:3780 imb:3072 pmb:531 smb:4557 d:s ref:0 ;
in:2597 out:2597 type:P dur:2 cpbdur:2 q:42.48 aq:38.64 tex:206015 mv:17212 misc:3677 imb:3201 pmb:482 smb:4477 d:s ref:0 ;
in:2598 out:2598 type:P dur:2 cpbdur:2 q:42.49 aq:37.66 tex:207423 mv:17189 misc:3684 imb:3193 pmb:493 smb:4474 d:s ref:0 ;
in:2599 out:2599 type:P dur:2 cpbdur:2 q:42.49 aq:37.91 tex:205270 mv:16826 misc:3808 imb:3258 pmb:439 smb:4463 d:s ref:0 ;
in:2600 out:2600 type:P dur:2 cpbdur:2 q:42.49 aq:37.45 tex:211397 mv:17416 misc:3531 imb:3202 pmb:530 smb:4428 d:s ref:0 ;
in:2601 out:2601 type:P dur:2 cpbdur:2 q:42.50 aq:38.34 tex:206556 mv:17199 misc:3605 imb:3188 pmb:506 smb:4466 d:s ref:0 ;
in:2602 out:2602 type:P dur:2 cpbdur:2 q:42.50 aq:37.93 tex:207080 mv:16981 misc:3651 imb:3253 pmb:449 smb:4458 d:s ref:0 ;
in:2603 out:2603 type:P dur:2 cpbdur:2 q:42.51 aq:38.37 tex:212720 mv:16966 misc:3746 imb:3219 pmb:489 smb:4452 d:s ref:0 ;
in:2604 out:2604 type:P dur:2 cpbdur:2 q:42.51 aq:37.54 tex:210289 mv:17606 misc:3873 imb:3279 pmb:511 smb:4370 d:s ref:0 ;
in:2605 out:2605 type:P dur:2 cpbdur:2 q:42.51 aq:38.77 tex:208514 mv:16953 misc:3981 imb:3113 pmb:506 smb:4541 d:s ref:0 ;
in:2606 out:2606 type:P dur:2 cpbdur:2 q:42.52 aq:38.41 tex:211506 mv:18080 misc:3942 imb:3231 pmb:540 smb:4389 d:s ref:0 ;
in:2607 out:2607 type:P dur:2 cpbdur:2 q:42.52 aq:38.17 tex:215855 mv:18046 misc:4115 imb:3151 pmb:558 smb:4451 d:s ref:0 ;
in:2608 out:2608 type:P dur:2 cpbdur:2 q:42.53 aq:38.43 tex:210987 mv:17963 misc:3762 imb:3172 pmb:562 smb:4426 d:s ref:0 ;
in:2609 out:2609 type:P dur:2 cpbdur:2 q:42.53 aq:38.63 tex:212351 mv:17996 misc:3837 imb:3098 pmb:572 smb:4490 d:s ref:0 ;
in:2610 out:2610 type:P dur:2 cpbdur:2 q:42.53 aq:38.72 tex:204340 mv:17948 misc:4184 imb:2993 pmb:588 smb:4579 d:s ref:0 ;
in:2611 out:2611 type:P dur:2 cpbdur:2 q:42.54 aq:38.10 tex:205898 mv:18539 misc:4107 imb:3168 pmb:552 smb:4440 d:s ref:0 ;
in:2612 out:2612 type:P dur:2 cpbdur:2 q:42.54 aq:38.29 tex:202433 mv:18922 misc:3957 imb:3034 pmb:649 smb:4477 d:s ref:0 ;
in:2613 out:2613 type:P dur:2 cpbdur:2 q:42.55 aq:38.98 tex:200833 mv:19099 misc:4252 imb:3025 pmb:657 smb:4478 d:s ref:0 ;
in:2614 out:2614 type:P dur:2 cpbdur:2 q:42.55 aq:38.39 tex:207774 mv:18922 misc:4016 imb:3090 pmb:626 smb:4444 d:s ref:0 ;
in:2615 out:2615 type:P dur:2 cpbdur:2 q:42.55 aq:38.02 tex:213741 mv:19437 misc:3862 imb:3192 pmb:635 smb:4333 d:s ref:0 ;
in:2616 out:2616 type:P dur:2 cpbdur:2 q:42.56 aq:38.51 tex:203401 mv:19097 misc:3982 imb:2951 pmb:708 smb:4501 d:s ref:0 ;
in:2617 out:2617 type:P dur:2 cpbdur:2 q:42.56 aq:38.78 tex:200098 mv:19918 misc:3888 imb:3040 pmb:699 smb:4421 d:s ref:0 ;
in:2618 out:2618 type:P dur:2 cpbdur:2 q:42.57 aq:38.06 tex:203969 mv:19716 misc:4059 imb:3043 pmb:676 smb:4441 d:s ref:0 ;
in:2619 out:2619 type:P dur:2 cpbdur:2 q:42.57 aq:38.56 tex:206089 mv:20045 misc:3978 imb:3037 pmb:708 smb:4415 d:s ref:0 ;
in:2620 out:2620 type:P dur:2 cpbdur:2 q:42.58 aq:38.58 tex:203048 mv:19859 misc:4109 imb:2980 pmb:729 smb:4451 d:s ref:0 ;
in:2621 out:2621 type:I dur:2 cpbdur:2 q:39.57 aq:33.26 tex:518151 mv:31720 misc:641 imb:8160 pmb:0 smb:0 d:s ref:;
in:2625 out:2622 type:P dur:2 cpbdur:2 q:42.61 aq:38.52 tex:240503 mv:20001 misc:2424 imb:4174 pmb:323 smb:3663 d:s ref:0 ;
in:2623 out:2623 type:B dur:2 cpbdur:2 q:42.61 aq:43.54 tex:169328 mv:30373 misc:4675 imb:2001 pmb:1343 smb:4816 d:s ref:0 ;
in:2622 out:2624 type:b dur:2 cpbdur:2 q:42.61 aq:43.62 tex:108137 mv:26197 misc:5010 imb:1329 pmb:1281 smb:5550 d:s ref:0 ;
in:2624 out:2625 type:b dur:2 cpbdur:2 q:42.61 aq:43.81 tex:110010 mv:23982 misc:5016 imb:1232 pmb:1338 smb:5590 d:- ref:0 ;
in:2629 out:2626 type:P dur:2 cpbdur:2 q:42.63 aq:41.36 tex:225730 mv:19737 misc:3045 imb:3922 pmb:358 smb:3880 d:s ref:0 ;
in:2627 out:2627 type:B dur:2 cpbdur:2 q:42.63 aq:40.91 tex:162542 mv:29306 misc:4784 imb:1825 pmb:1451 smb:4884 d:s ref:0 ;
in:2626 out:2628 type:b dur:2 cpbdur:2 q:42.63 aq:44.53 tex:104523 mv:24157 misc:5048 imb:1173 pmb:1370 smb:5617 d:s ref:0 ;
in:2628 out:2629 type:b dur:2 cpbdur:2 q:42.63 aq:45.04 tex:97040 mv:23474 misc:5070 imb:1113 pmb:1344 smb:5703 d:- ref:0 ;
in:2633 out:2630 type:P dur:2 cpbdur:2 q:42.64 aq:41.84 tex:222145 mv:20444 misc:2707 imb:4093 pmb:322 smb:3745 d:s ref:0 ;
in:2631 out:2631 type:B dur:2 cpbdur:2 q:42.64 aq:42.74 tex:156749 mv:28261 misc:4774 imb:1803 pmb:1370 smb:4987 d:s ref:0 ;
in:2630 out:2632 type:b dur:2 cpbdur:2 q:42.64 aq:44.87 tex:93694 mv:23584 misc:5018 imb:1090 pmb:1365 smb:5705 d:s ref:0 ;
in:2632 out:2633 type:b dur:2 cpbdur:2 q:42.64 aq:42.20 tex:90784 mv:22289 misc:5087 imb:1096 pmb:1225 smb:5839 d:- ref:0 ;
in:2637 out:2634 type:P dur:2 cpbdur:2 q:42.65 aq:41.54 tex:210863 mv:19965 misc:2596 imb:3873 pmb:363 smb:3924 d:s ref:0 ;
in:2635 out:2635 type:B dur:2 cpbdur:2 q:42.65 aq:40.95 tex:144940 mv:28352 misc:4724 imb:1670 pmb:1457 smb:5033 d:s ref:0 ;
in:2634 out:2636 type:b dur:2 cpbdur:2 q:42.65 aq:44.75 tex:93499 mv:22690 misc:4915 imb:1086 pmb:1319 smb:5755 d:s ref:0 ;
in:2636 out:2637 type:b dur:2 cpbdur:2 q:42.65 aq:44.58 tex:89922 mv:21895 misc:4959 imb:1105 pmb:1224 smb:5831 d:- ref:0 ;
in:2641 out:2638 type:P dur:2 cpbdur:2 q:42.69 aq:41.33 tex:204566 mv:21303 misc:3075 imb:3858 pmb:471 smb:3831 d:s ref:0 ;
in:2639 out:2639 type:B dur:2 cpbdur:2 q:42.68 aq:42.38 tex:140843 mv:28572 misc:4617 imb:1646 pmb:1475 smb:5039 d:s ref:0 ;
in:2638 out:2640 type:b dur:2 cpbdur:2 q:42.68 aq:43.96 tex:83283 mv:22138 misc:5003 imb:1022 pmb:1314 smb:5824 d:s ref:0 ;
in:2640 out:2641 type:b dur:2 cpbdur:2 q:42.68 aq:45.00 tex:81617 mv:21582 misc:4937 imb:967 pmb:1277 smb:5916 d:- ref:0 ;
in:2645 out:2642 type:P dur:2 cpbdur:2 q:42.67 aq:40.69 tex:188421 mv:21421 misc:2814 imb:3826 pmb:481 smb:3853 d:s ref:0 ;
in:2643 out:2643 type:B dur:2 cpbdur:2 q:42.68 aq:42.98 tex:134534 mv:27966 misc:4636 imb:1739 pmb:1488 smb:4933 d:s ref:0 ;
in:2642 out:2644 type:b dur:2 cpbdur:2 q:42.69 aq:44.69 tex:81085 mv:21566 misc:4941 imb:1030 pmb:1239 smb:5891 d:s ref:0 ;
in:2644 out:2645 type:b dur:2 cpbdur:2 q:42.68 aq:43.08 tex:78074 mv:20964 misc:4946 imb:1009 pmb:1246 smb:5905 d:- ref:0 ;
in:2649 out:2646 type:P dur:2 cpbdur:2 q:42.64 aq:38.68 tex:188951 mv:20775 misc:3154 imb:3767 pmb:438 smb:3955 d:s ref:0 ;
in:2647 out:2647 type:B dur:2 cpbdur:2 q:42.67 aq:42.90 tex:125452 mv:26707 misc:4729 imb:1484 pmb:1492 smb:5184 d:s ref:0 ;
in:2646 out:2648 type:b dur:2 cpbdur:2 q:42.67 aq:43.85 tex:78557 mv:20468 misc:4863 imb:972 pmb:1258 smb:5930 d:s ref:0 ;
in:2648 out:2649 type:b dur:2 cpbdur:2 q:42.67 aq:44.18 tex:79760 mv:20272 misc:4704 imb:977 pmb:1199 smb:5984 d:- ref:0 ;
in:2653 out:2650 type:P dur:2 cpbdur:2 q:42.60 aq:40.86 tex:183718 mv:21681 misc:3241 imb:3546 pmb:604 smb:4010 d:s ref:0 ;
in:2651 out:2651 type:B dur:2 cpbdur:2 q:42.64 aq:41.43 tex:113566 mv:24896 misc:4738 imb:1359 pmb:1585 smb:5216 d:s ref:0 ;
in:2650 out:2652 type:b dur:2 cpbdur:2 q:42.64 aq:43.19 tex:79744 mv:19561 misc:4775 imb:1081 pmb:1205 smb:5874 d:s ref:0 ;
in:2652 out:2653 type:b dur:2 cpbdur:2 q:42.64 aq:43.76 tex:74361 mv:18776 misc:4815 imb:907 pmb:1175 smb:6078 d:- ref:0 ;
in:2657 out:2654 type:P dur:2 cpbdur:2 q:42.55 aq:38.70 tex:186866 mv:21918 misc:3184 imb:3487 pmb:669 smb:4004 d:s ref:0 ;
in:2655 out:2655 type:B dur:2 cpbdur:2 q:42.59 aq:39.44 tex:108384 mv:25621 misc:4859 imb:1254 pmb:1648 smb:5258 d:s ref:0 ;
in:2654 out:2656 type:b dur:2 cpbdur:2 q:42.60 aq:42.34 tex:75715 mv:19144 misc:4621 imb:912 pmb:1281 smb:5967 d:s ref:0 ;
in:2656 out:2657 type:b dur:2 cpbdur:2 q:42.59 aq:42.59 tex:73294 mv:17666 misc:4464 imb:838 pmb:1107 smb:6215 d:- ref:0 ;
in:2661 out:2658 type:P dur:2 cpbdur:2 q:42.50 aq:37.76 tex:183408 mv:21868 misc:3996 imb:3568 pmb:676 smb:3916 d:s ref:0 ;
in:2659 out:2659 type:B dur:2 cpbdur:2 q:42.55 aq:38.98 tex:109244 mv:24719 misc:5157 imb:1256 pmb:1529 smb:5375 d:s ref:0 ;
in:2658 out:2660 type:b dur:2 cpbdur:2 q:42.55 aq:42.72 tex:71730 mv:18568 misc:4662 imb:848 pmb:1234 smb:6078 d:s ref:0 ;
in:2660 out:2661 type:b dur:2 cpbdur:2 q:42.55 aq:44.00 tex:72722 mv:18994 misc:4540 imb:795 pmb:1208 smb:6157 d:- ref:0 ;
in:2665 out:2662 type:P dur:2 cpbdur:2 q:42.45 aq:37.44 tex:192876 mv:23217 misc:3899 imb:3808 pmb:690 smb:3662 d:s ref:0 ;
in:2663 out:2663 type:B dur:2 cpbdur:2 q:42.50 aq:39.26 tex:112953 mv:27517 misc:5378 imb:1434 pmb:1572 smb:5154 d:s ref:0 ;
in:2662 out:2664 type:b dur:2 cpbdur:2 q:42.50 aq:40.86 tex:72050 mv:18132 misc:4618 imb:787 pmb:1245 smb:6128 d:s ref:0 ;
in:2664 out:2665 type:b dur:2 cpbdur:2 q:42.50 aq:42.49 tex:71818 mv:19315 misc:4675 imb:816 pmb:1250 smb:6094 d:- ref:0 ;
in:2669 out:2666 type:P dur:2 cpbdur:2 q:42.41 aq:37.79 tex:188686 mv:22693 misc:3917 imb:3427 pmb:712 smb:4021 d:s ref:0 ;
in:2667 out:2667 type:B dur:2 cpbdur:2 q:42.45 aq:40.12 tex:106775 mv:26791 misc:5250 imb:1278 pmb:1581 smb:5301 d:s ref:0 ;
in:2666 out:2668 type:b dur:2 cpbdur:2 q:42.45 aq:41.26 tex:71621 mv:19689 misc:4874 imb:848 pmb:1229 smb:6083 d:s ref:0 ;
in:2668 out:2669 type:b dur:2 cpbdur:2 q:42.45 aq:41.06 tex:67744 mv:19015 misc:4849 imb:820 pmb:1215 smb:6125 d:- ref:0 ;
in:2673 out:2670 type:P dur:2 cpbdur:2 q:42.37 aq:37.39 tex:198593 mv:23273 misc:3926 imb:3363 pmb:763 smb:4034 d:s ref:0 ;
in:2671 out:2671 type:B dur:2 cpbdur:2 q:42.41 aq:39.55 tex:103909 mv:25835 misc:5040 imb:1062 pmb:1689 smb:5409 d:s ref:0 ;
in:2670 out:2672 type:b dur:2 cpbdur:2 q:42.41 aq:41.15 tex:66783 mv:17704 misc:4689 imb:749 pmb:1108 smb:6303 d:s ref:0 ;
in:2672 out:2673 type:b dur:2 cpbdur:2 q:42.41 aq:41.11 tex:62638 mv:17432 misc:4714 imb:687 pmb:1157 smb:6316 d:- ref:0 ;
in:2677 out:2674 type:P dur:2 cpbdur:2 q:42.32 aq:37.14 tex:211058 mv:23978 misc:3804 imb:3229 pmb:878 smb:4053 d:s ref:0 ;
in:2675 out:2675 type:B dur:2 cpbdur:2 q:42.37 aq:40.00 tex:103691 mv:24991 misc:5014 imb:1007 pmb:1700 smb:5453 d:s ref:0 ;
in:2674 out:2676 type:b dur:2 cpbdur:2 q:42.37 aq:42.22 tex:63023 mv:18339 misc:4622 imb:702 pmb:1171 smb:6287 d:s ref:0 ;
in:2676 out:2677 type:b dur:2 cpbdur:2 q:42.36 aq:41.91 tex:64293 mv:17606 misc:4669 imb:644 pmb:1180 smb:6336 d:- ref:0 ;
in:2681 out:2678 type:P dur:2 cpbdur:2 q:42.28 aq:37.34 tex:203498 mv:24098 misc:4108 imb:2929 pmb:1025 smb:4206 d:s ref:0 ;
in:2679 out:2679 type:B dur:2 cpbdur:2 q:42.32 aq:39.55 tex:98183 mv:26032 misc:5153 imb:966 pmb:1700 smb:5494 d:s ref:0 ;
in:2678 out:2680 type:b dur:2 cpbdur:2 q:42.32 aq:42.17 tex:56429 mv:18260 misc:4615 imb:651 pmb:1164 smb:6345 d:s ref:0 ;
in:2680 out:2681 type:b dur:2 cpbdur:2 q:42.32 aq:43.04 tex:57249 mv:17548 misc:4651 imb:590 pmb:1197 smb:6373 d:- ref:0 ;
in:2685 out:2682 type:P dur:2 cpbdur:2 q:42.23 aq:37.54 tex:201959 mv:24876 misc:4197 imb:2829 pmb:1200 smb:4131 d:s ref:0 ;
in:2683 out:2683 type:B dur:2 cpbdur:2 q:42.28 aq:39.32 tex:93386 mv:23753 misc:5109 imb:844 pmb:1624 smb:5692 d:s ref:0 ;
in:2682 out:2684 type:b dur:2 cpbdur:2 q:42.28 aq:42.02 tex:61354 mv:18030 misc:4624 imb:617 pmb:1206 smb:6337 d:s ref:0 ;
in:2684 out:2685 type:b dur:2 cpbdur:2 q:42.28 aq:41.64 tex:55216 mv:16958 misc:4474 imb:543 pmb:1187 smb:6430 d:- ref:0 ;
in:2689 out:2686 type:P dur:2 cpbdur:2 q:42.19 aq:36.89 tex:198922 mv:26087 misc:4303 imb:2821 pmb:1354 smb:3985 d:s ref:0 ;
in:2687 out:2687 type:B dur:2 cpbdur:2 q:42.23 aq:40.28 tex:84851 mv:23496 misc:4965 imb:784 pmb:1540 smb:5836 d:s ref:0 ;
in:2686 out:2688 type:b dur:2 cpbdur:2 q:42.23 aq:42.42 tex:54158 mv:16631 misc:4395 imb:533 pmb:1149 smb:6478 d:s ref:0 ;
in:2688 out:2689 type:b dur:2 cpbdur:2 q:42.23 aq:41.48 tex:51315 mv:15605 misc:4352 imb:461 pmb:1134 smb:6565 d:- ref:0 ;
in:2693 out:2690 type:P dur:2 cpbdur:2 q:42.14 aq:36.07 tex:191797 mv:25452 misc:4375 imb:2300 pmb:1587 smb:4273 d:s ref:0 ;
in:2691 out:2691 type:B dur:2 cpbdur:2 q:42.19 aq:40.70 tex:81803 mv:22072 misc:4813 imb:726 pmb:1522 smb:5912 d:s ref:0 ;
in:2690 out:2692 type:b dur:2 cpbdur:2 q:42.19 aq:40.88 tex:52182 mv:15976 misc:4450 imb:514 pmb:1130 smb:6516 d:s ref:0 ;
in:2692 out:2693 type:b dur:2 cpbdur:2 q:42.19 aq:42.52 tex:43913 mv:13673 misc:4110 imb:380 pmb:1052 smb:6728 d:- ref:0 ;
in:2697 out:2694 type:P dur:2 cpbdur:2 q:42.09 aq:35.54 tex:197093 mv:24865 misc:4378 imb:2243 pmb:1702 smb:4215 d:s ref:0 ;
in:2695 out:2695 type:B dur:2 cpbdur:2 q:42.14 aq:39.33 tex:71397 mv:18888 misc:4659 imb:548 pmb:1407 smb:6205 d:s ref:0 ;
in:2694 out:2696 type:b dur:2 cpbdur:2 q:42.14 aq:41.10 tex:42420 mv:13561 misc:4227 imb:385 pmb:1034 smb:6741 d:s ref:0 ;
in:2696 out:2697 type:b dur:2 cpbdur:2 q:42.14 aq:41.92 tex:38208 mv:10846 misc:3730 imb:327 pmb:858 smb:6975 d:- ref:0 ;
in:2701 out:2698 type:P dur:2 cpbdur:2 q:42.03 aq:35.72 tex:168442 mv:21943 misc:5023 imb:1755 pmb:1812 smb:4593 d:s ref:0 ;
in:2699 out:2699 type:B dur:2 cpbdur:2 q:42.09 aq:40.36 tex:59025 mv:14269 misc:4402 imb:382 pmb:1294 smb:6484 d:s ref:0 ;
in:2698 out:2700 type:b dur:2 cpbdur:2 q:42.09 aq:40.25 tex:36014 mv:9026 misc:3656 imb:297 pmb:824 smb:7039 d:s ref:0 ;
in:2700 out:2701 type:b dur:2 cpbdur:2 q:42.09 aq:41.84 tex:29542 mv:5352 misc:2906 imb:232 pmb:561 smb:7367 d:- ref:0 ;
in:2705 out:2702 type:P dur:2 cpbdur:2 q:41.97 aq:36.70 tex:153361 mv:17719 misc:4392 imb:1286 pmb:1735 smb:5139 d:s ref:0 ;
in:2703 out:2703 type:B dur:2 cpbdur:2 q:42.03 aq:40.10 tex:62736 mv:11562 misc:3966 imb:401 pmb:1120 smb:6639 d:t ref:0 ;
in:2702 out:2704 type:b dur:2 cpbdur:2 q:42.03 aq:42.82 tex:28297 mv:4345 misc:2726 imb:201 pmb:514 smb:7445 d:s ref:0 ;
in:2704 out:2705 type:b dur:2 cpbdur:2 q:42.03 aq:40.60 tex:31286 mv:5432 misc:2818 imb:249 pmb:530 smb:7381 d:- ref:0 ;
in:2709 out:2706 type:P dur:2 cpbdur:2 q:41.91 aq:36.60 tex:152231 mv:18346 misc:4199 imb:1252 pmb:1766 smb:5142 d:s ref:0 ;
in:2707 out:2707 type:B dur:2 cpbdur:2 q:41.97 aq:40.19 tex:65451 mv:12187 misc:3922 imb:434 pmb:1086 smb:6640 d:t ref:0 ;
in:2706 out:2708 type:b dur:2 cpbdur:2 q:41.97 aq:41.68 tex:34821 mv:6270 misc:3037 imb:256 pmb:636 smb:7268 d:s ref:0 ;
in:2708 out:2709 type:b dur:2 cpbdur:2 q:41.97 aq:41.70 tex:34845 mv:6607 misc:3020 imb:263 pmb:639 smb:7258 d:- ref:0 ;
in:2713 out:2710 type:P dur:2 cpbdur:2 q:41.85 aq:37.04 tex:151993 mv:18816 misc:4335 imb:1314 pmb:1691 smb:5155 d:s ref:0 ;
in:2711 out:2711 type:B dur:2 cpbdur:2 q:41.91 aq:40.96 tex:68810 mv:13559 misc:4111 imb:461 pmb:1162 smb:6537 d:t ref:0 ;
in:2710 out:2712 type:b dur:2 cpbdur:2 q:41.91 aq:38.67 tex:41380 mv:8522 misc:3250 imb:287 pmb:760 smb:7113 d:s ref:0 ;
in:2712 out:2713 type:b dur:2 cpbdur:2 q:41.91 aq:37.65 tex:37507 mv:8572 misc:3337 imb:260 pmb:783 smb:7117 d:- ref:0 ;
in:2717 out:2714 type:P dur:2 cpbdur:2 q:41.77 aq:37.10 tex:157824 mv:18473 misc:3935 imb:1369 pmb:1612 smb:5179 d:s ref:0 ;
in:2715 out:2715 type:B dur:2 cpbdur:2 q:41.85 aq:39.74 tex:72543 mv:14941 misc:4148 imb:437 pmb:1253 smb:6470 d:t ref:0 ;
in:2714 out:2716 type:b dur:2 cpbdur:2 q:41.85 aq:40.33 tex:40125 mv:8935 misc:3340 imb:264 pmb:831 smb:7065 d:s ref:0 ;
in:2716 out:2717 type:b dur:2 cpbdur:2 q:41.85 aq:41.12 tex:42564 mv:9238 misc:3366 imb:276 pmb:878 smb:7006 d:- ref:0 ;
in:2721 out:2718 type:P dur:2 cpbdur:2 q:41.69 aq:37.35 tex:160808 mv:19801 misc:3975 imb:1427 pmb:1682 smb:5051 d:s ref:0 ;
in:2719 out:2719 type:B dur:2 cpbdur:2 q:41.77 aq:41.16 tex:76048 mv:16532 misc:4260 imb:470 pmb:1412 smb:6278 d:t ref:0 ;
in:2718 out:2720 type:b dur:2 cpbdur:2 q:41.77 aq:43.40 tex:39980 mv:9631 misc:3405 imb:280 pmb:840 smb:7040 d:s ref:0 ;
in:2720 out:2721 type:b dur:2 cpbdur:2 q:41.77 aq:43.03 tex:44595 mv:10012 misc:3537 imb:343 pmb:830 smb:6987 d:- ref:0 ;
in:2725 out:2722 type:P dur:2 cpbdur:2 q:41.61 aq:35.91 tex:162501 mv:20747 misc:4048 imb:1466 pmb:1717 smb:4977 d:s ref:0 ;
in:2723 out:2723 type:B dur:2 cpbdur:2 q:41.69 aq:39.67 tex:80511 mv:17126 misc:4219 imb:513 pmb:1364 smb:6283 d:t ref:0 ;
in:2722 out:2724 type:b dur:2 cpbdur:2 q:41.69 aq:41.22 tex:46573 mv:10586 misc:3713 imb:318 pmb:953 smb:6889 d:s ref:0 ;
in:2724 out:2725 type:b dur:2 cpbdur:2 q:41.69 aq:42.89 tex:45135 mv:10945 misc:3744 imb:337 pmb:937 smb:6886 d:- ref:0 ;
in:2729 out:2726 type:P dur:2 cpbdur:2 q:41.53 aq:35.79 tex:163196 mv:21013 misc:4087 imb:1513 pmb:1659 smb:4988 d:s ref:0 ;
in:2727 out:2727 type:B dur:2 cpbdur:2 q:41.61 aq:40.52 tex:74969 mv:18133 misc:4290 imb:471 pmb:1448 smb:6241 d:t ref:0 ;
in:2726 out:2728 type:b dur:2 cpbdur:2 q:41.61 aq:43.00 tex:47022 mv:11300 misc:3758 imb:317 pmb:1009 smb:6834 d:s ref:0 ;
in:2728 out:2729 type:b dur:2 cpbdur:2 q:41.61 aq:42.26 tex:48215 mv:11790 misc:3787 imb:322 pmb:1033 smb:6805 d:- ref:0 ;
in:2733 out:2730 type:P dur:2 cpbdur:2 q:41.45 aq:35.99 tex:177359 mv:21630 misc:3947 imb:1716 pmb:1637 smb:4807 d:s ref:0 ;
in:2731 out:2731 type:B dur:2 cpbdur:2 q:41.53 aq:40.51 tex:84132 mv:18399 misc:4237 imb:530 pmb:1457 smb:6173 d:t ref:0 ;
in:2730 out:2732 type:b dur:2 cpbdur:2 q:41.53 aq:41.68 tex:46759 mv:12053 misc:3684 imb:310 pmb:1012 smb:6838 d:s ref:0 ;
in:2732 out:2733 type:b dur:2 cpbdur:2 q:41.53 aq:39.94 tex:52957 mv:12171 misc:3672 imb:363 pmb:973 smb:6824 d:- ref:0 ;
in:2737 out:2734 type:P dur:2 cpbdur:2 q:41.38 aq:35.99 tex:170051 mv:21440 misc:3789 imb:1578 pmb:1633 smb:4949 d:s ref:0 ;
in:2735 out:2735 type:B dur:2 cpbdur:2 q:41.45 aq:41.54 tex:91451 mv:20359 misc:3990 imb:547 pmb:1562 smb:6051 d:t ref:0 ;
in:2734 out:2736 type:b dur:2 cpbdur:2 q:41.45 aq:40.06 tex:55664 mv:13230 misc:3754 imb:383 pmb:1027 smb:6750 d:s ref:0 ;
in:2736 out:2737 type:b dur:2 cpbdur:2 q:41.45 aq:40.05 tex:56194 mv:13763 misc:3835 imb:378 pmb:1121 smb:6661 d:- ref:0 ;
in:2741 out:2738 type:P dur:2 cpbdur:2 q:41.32 aq:36.56 tex:182002 mv:21796 misc:3650 imb:1675 pmb:1587 smb:4898 d:s ref:0 ;
in:2739 out:2739 type:B dur:2 cpbdur:2 q:41.38 aq:40.82 tex:90685 mv:19650 misc:4153 imb:572 pmb:1468 smb:6120 d:t ref:0 ;
in:2738 out:2740 type:b dur:2 cpbdur:2 q:41.38 aq:40.02 tex:57235 mv:14320 misc:3973 imb:394 pmb:1138 smb:6628 d:s ref:0 ;
in:2740 out:2741 type:b dur:2 cpbdur:2 q:41.38 aq:41.75 tex:57554 mv:13948 misc:3978 imb:397 pmb:1165 smb:6598 d:- ref:0 ;
in:2745 out:2742 type:P dur:2 cpbdur:2 q:41.25 aq:35.91 tex:186411 mv:22299 misc:3650 imb:1695 pmb:1554 smb:4911 d:s ref:0 ;
in:2743 out:2743 type:B dur:2 cpbdur:2 q:41.32 aq:40.19 tex:97971 mv:20818 misc:4203 imb:585 pmb:1537 smb:6038 d:s ref:0 ;
in:2742 out:2744 type:b dur:2 cpbdur:2 q:41.32 aq:42.93 tex:59412 mv:14013 misc:3991 imb:388 pmb:1182 smb:6590 d:s ref:0 ;
in:2744 out:2745 type:b dur:2 cpbdur:2 q:41.31 aq:42.65 tex:63686 mv:14838 misc:3892 imb:457 pmb:1143 smb:6560 d:- ref:0 ;
in:2749 out:2746 type:P dur:2 cpbdur:2 q:41.19 aq:35.79 tex:185988 mv:23019 misc:3801 imb:1759 pmb:1640 smb:4761 d:s ref:0 ;
in:2747 out:2747 type:B dur:2 cpbdur:2 q:41.25 aq:41.55 tex:99477 mv:21544 misc:4099 imb:636 pmb:1542 smb:5982 d:t ref:0 ;
in:2746 out:2748 type:b dur:2 cpbdur:2 q:41.25 aq:42.11 tex:65606 mv:15653 misc:3941 imb:441 pmb:1190 smb:6529 d:s ref:0 ;
in:2748 out:2749 type:b dur:2 cpbdur:2 q:41.25 aq:42.31 tex:60736 mv:14896 misc:3960 imb:403 pmb:1169 smb:6588 d:- ref:0 ;
in:2753 out:2750 type:P dur:2 cpbdur:2 q:41.13 aq:36.09 tex:188888 mv:23200 misc:3896 imb:1849 pmb:1569 smb:4742 d:s ref:0 ;
in:2751 out:2751 type:B dur:2 cpbdur:2 q:41.19 aq:40.66 tex:102214 mv:22140 misc:4086 imb:645 pmb:1574 smb:5941 d:s ref:0 ;
in:2750 out:2752 type:b dur:2 cpbdur:2 q:41.19 aq:43.26 tex:60734 mv:15389 misc:3893 imb:397 pmb:1168 smb:6595 d:s ref:0 ;
in:2752 out:2753 type:b dur:2 cpbdur:2 q:41.19 aq:43.44 tex:59868 mv:15207 misc:4109 imb:392 pmb:1218 smb:6550 d:- ref:0 ;
in:2757 out:2754 type:P dur:2 cpbdur:2 q:41.07 aq:35.93 tex:195527 mv:24271 misc:3642 imb:1971 pmb:1561 smb:4628 d:s ref:0 ;
in:2755 out:2755 type:B dur:2 cpbdur:2 q:41.13 aq:39.06 tex:108404 mv:23513 misc:4339 imb:654 pmb:1692 smb:5814 d:s ref:0 ;
in:2754 out:2756 type:b dur:2 cpbdur:2 q:41.13 aq:43.24 tex:64350 mv:16080 misc:3994 imb:427 pmb:1247 smb:6486 d:s ref:0 ;
in:2756 out:2757 type:b dur:2 cpbdur:2 q:41.13 aq:42.95 tex:63870 mv:15585 misc:4009 imb:393 pmb:1231 smb:6536 d:- ref:0 ;
in:2761 out:2758 type:P dur:2 cpbdur:2 q:41.02 aq:35.08 tex:204559 mv:23644 misc:3693 imb:1958 pmb:1508 smb:4694 d:s ref:0 ;
in:2759 out:2759 type:B dur:2 cpbdur:2 q:41.07 aq:40.48 tex:104921 mv:22733 misc:4178 imb:646 pmb:1641 smb:5873 d:s ref:0 ;
in:2758 out:2760 type:b dur:2 cpbdur:2 q:41.07 aq:39.63 tex:71852 mv:16341 misc:3999 imb:477 pmb:1231 smb:6452 d:s ref:0 ;
in:2760 out:2761 type:b dur:2 cpbdur:2 q:41.07 aq:41.34 tex:64110 mv:16390 misc:3956 imb:412 pmb:1260 smb:6488 d:- ref:0 ;
in:2765 out:2762 type:P dur:2 cpbdur:2 q:40.96 aq:34.65 tex:202176 mv:23989 misc:3763 imb:1996 pmb:1509 smb:4655 d:s ref:0 ;
in:2763 out:2763 type:B dur:2 cpbdur:2 q:41.02 aq:40.19 tex:109900 mv:23055 misc:4213 imb:670 pmb:1622 smb:5868 d:s ref:0 ;
in:2762 out:2764 type:b dur:2 cpbdur:2 q:41.02 aq:40.83 tex:70314 mv:16946 misc:3972 imb:477 pmb:1268 smb:6415 d:s ref:0 ;
in:2764 out:2765 type:b dur:2 cpbdur:2 q:41.02 aq:40.91 tex:71294 mv:17836 misc:4198 imb:459 pmb:1341 smb:6360 d:- ref:0 ;
in:2769 out:2766 type:P dur:2 cpbdur:2 q:40.91 aq:35.78 tex:205963 mv:23633 misc:3764 imb:2005 pmb:1485 smb:4670 d:s ref:0 ;
in:2767 out:2767 type:B dur:2 cpbdur:2 q:40.96 aq:39.43 tex:112012 mv:23885 misc:4135 imb:671 pmb:1681 smb:5808 d:s ref:0 ;
in:2766 out:2768 type:b dur:2 cpbdur:2 q:40.96 aq:40.29 tex:76172 mv:17367 misc:3917 imb:483 pmb:1290 smb:6387 d:s ref:0 ;
in:2768 out:2769 type:b dur:2 cpbdur:2 q:40.96 aq:40.78 tex:76184 mv:17702 misc:3914 imb:465 pmb:1328 smb:6367 d:- ref:0 ;
in:2773 out:2770 type:P dur:2 cpbdur:2 q:40.86 aq:35.80 tex:221314 mv:24829 misc:3433 imb:2174 pmb:1449 smb:4537 d:s ref:0 ;
in:2771 out:2771 type:B dur:2 cpbdur:2 q:40.91 aq:39.78 tex:121860 mv:25157 misc:4167 imb:739 pmb:1704 smb:5717 d:s ref:0 ;
in:2770 out:2772 type:b dur:2 cpbdur:2 q:40.91 aq:42.66 tex:75949 mv:18015 misc:3980 imb:484 pmb:1344 smb:6332 d:s ref:0 ;
in:2772 out:2773 type:b dur:2 cpbdur:2 q:40.91 aq:41.89 tex:75681 mv:17888 misc:3975 imb:458 pmb:1340 smb:6362 d:- ref:0 ;
in:2777 out:2774 type:P dur:2 cpbdur:2 q:40.82 aq:35.33 tex:215290 mv:23309 misc:3777 imb:1991 pmb:1432 smb:4737 d:s ref:0 ;
in:2775 out:2775 type:B dur:2 cpbdur:2 q:40.86 aq:40.29 tex:121235 mv:25792 misc:4173 imb:759 pmb:1712 smb:5689 d:s ref:0 ;
in:2774 out:2776 type:b dur:2 cpbdur:2 q:40.86 aq:43.22 tex:81454 mv:18645 misc:4013 imb:513 pmb:1357 smb:6290 d:s ref:0 ;
in:2776 out:2777 type:b dur:2 cpbdur:2 q:40.86 aq:41.60 tex:84829 mv:19655 misc:4068 imb:531 pmb:1431 smb:6198 d:- ref:0 ;
in:2781 out:2778 type:P dur:2 cpbdur:2 q:40.77 aq:35.14 tex:226047 mv:25199 misc:3706 imb:2380 pmb:1397 smb:4383 d:s ref:0 ;
in:2779 out:2779 type:B dur:2 cpbdur:2 q:40.82 aq:40.56 tex:129223 mv:26070 misc:4011 imb:799 pmb:1746 smb:5615 d:s ref:0 ;
in:2778 out:2780 type:b dur:2 cpbdur:2 q:40.82 aq:42.59 tex:82803 mv:19343 misc:4118 imb:538 pmb:1410 smb:6212 d:s ref:0 ;
in:2780 out:2781 type:b dur:2 cpbdur:2 q:40.82 aq:42.13 tex:84239 mv:19560 misc:4057 imb:481 pmb:1467 smb:6212 d:- ref:0 ;
in:2785 out:2782 type:P dur:2 cpbdur:2 q:40.73 aq:35.70 tex:232178 mv:24969 misc:3581 imb:2286 pmb:1420 smb:4454 d:s ref:0 ;
in:2783 out:2783 type:B dur:2 cpbdur:2 q:40.77 aq:40.26 tex:123421 mv:26087 misc:4156 imb:715 pmb:1774 smb:5671 d:s ref:0 ;
in:2782 out:2784 type:b dur:2 cpbdur:2 q:40.77 aq:42.76 tex:85579 mv:19993 misc:4044 imb:556 pmb:1452 smb:6152 d:s ref:0 ;
in:2784 out:2785 type:b dur:2 cpbdur:2 q:40.77 aq:42.37 tex:86207 mv:20157 misc:4140 imb:525 pmb:1439 smb:6196 d:- ref:0 ;
in:2788 out:2786 type:P dur:2 cpbdur:2 q:40.69 aq:36.35 tex:191921 mv:21722 misc:3701 imb:1965 pmb:1390 smb:4805 d:s ref:0 ;
in:2786 out:2787 type:B dur:2 cpbdur:2 q:40.73 aq:41.14 tex:110141 mv:22711 misc:4228 imb:631 pmb:1674 smb:5855 d:t ref:0 ;
in:2787 out:2788 type:b dur:2 cpbdur:2 q:40.73 aq:39.36 tex:86263 mv:19383 misc:4138 imb:488 pmb:1473 smb:6199 d:- ref:0 ;
in:2789 out:2789 type:P dur:2 cpbdur:2 q:40.66 aq:37.15 tex:187710 mv:20567 misc:3691 imb:1472 pmb:1650 smb:5038 d:s ref:0 ;
in:2790 out:2790 type:I dur:2 cpbdur:2 q:38.01 aq:30.81 tex:521185 mv:56383 misc:632 imb:8160 pmb:0 smb:0 d:s ref:;
in:2794 out:2791 type:P dur:2 cpbdur:2 q:40.68 aq:36.77 tex:226755 mv:23925 misc:3272 imb:1968 pmb:1490 smb:4702 d:s ref:0 ;
in:2792 out:2792 type:B dur:2 cpbdur:2 q:40.68 aq:42.21 tex:131970 mv:27401 misc:3957 imb:725 pmb:1831 smb:5604 d:s ref:0 ;
in:2791 out:2793 type:b dur:2 cpbdur:2 q:40.68 aq:43.67 tex:87588 mv:20661 misc:3927 imb:549 pmb:1456 smb:6155 d:s ref:0 ;
in:2793 out:2794 type:b dur:2 cpbdur:2 q:40.68 aq:43.07 tex:85850 mv:20866 misc:3972 imb:534 pmb:1444 smb:6182 d:- ref:0 ;
in:2798 out:2795 type:P dur:2 cpbdur:2 q:40.64 aq:36.73 tex:229152 mv:24627 misc:3237 imb:2156 pmb:1444 smb:4560 d:s ref:0 ;
in:2796 out:2796 type:B dur:2 cpbdur:2 q:40.68 aq:40.77 tex:132629 mv:27661 misc:4078 imb:742 pmb:1853 smb:5565 d:s ref:0 ;
in:2795 out:2797 type:b dur:2 cpbdur:2 q:40.68 aq:42.90 tex:89619 mv:20331 misc:4018 imb:542 pmb:1457 smb:6161 d:s ref:0 ;
in:2797 out:2798 type:b dur:2 cpbdur:2 q:40.68 aq:41.91 tex:90551 mv:20747 misc:4110 imb:538 pmb:1491 smb:6131 d:- ref:0 ;
in:2802 out:2799 type:P dur:2 cpbdur:2 q:40.82 aq:36.76 tex:217796 mv:24918 misc:3230 imb:2256 pmb:1414 smb:4490 d:s ref:0 ;
in:2800 out:2800 type:B dur:2 cpbdur:2 q:40.84 aq:40.95 tex:121434 mv:26413 misc:4105 imb:790 pmb:1721 smb:5649 d:s ref:0 ;
in:2799 out:2801 type:b dur:2 cpbdur:2 q:40.84 aq:42.96 tex:78816 mv:20691 misc:4101 imb:478 pmb:1503 smb:6179 d:s ref:0 ;
in:2801 out:2802 type:b dur:2 cpbdur:2 q:40.84 aq:42.05 tex:85074 mv:19811 misc:4051 imb:577 pmb:1410 smb:6173 d:- ref:0 ;
in:2806 out:2803 type:P dur:2 cpbdur:2 q:40.57 aq:36.08 tex:240259 mv:25344 misc:3149 imb:2283 pmb:1460 smb:4417 d:s ref:0 ;
in:2804 out:2804 type:B dur:2 cpbdur:2 q:40.82 aq:40.12 tex:125334 mv:26384 misc:4050 imb:842 pmb:1653 smb:5665 d:s ref:0 ;
in:2803 out:2805 type:b dur:2 cpbdur:2 q:40.82 aq:43.75 tex:87215 mv:20482 misc:4055 imb:576 pmb:1441 smb:6143 d:s ref:0 ;
in:2805 out:2806 type:b dur:2 cpbdur:2 q:40.82 aq:42.09 tex:93289 mv:21354 misc:4125 imb:586 pmb:1484 smb:6090 d:- ref:0 ;
in:2810 out:2807 type:P dur:2 cpbdur:2 q:40.56 aq:36.03 tex:249263 mv:25405 misc:3228 imb:2334 pmb:1400 smb:4426 d:s ref:0 ;
in:2808 out:2808 type:B dur:2 cpbdur:2 q:40.57 aq:40.66 tex:147569 mv:28594 misc:3757 imb:941 pmb:1791 smb:5428 d:s ref:0 ;
in:2807 out:2809 type:b dur:2 cpbdur:2 q:40.57 aq:42.81 tex:96894 mv:21985 misc:4009 imb:586 pmb:1568 smb:6006 d:s ref:0 ;
in:2809 out:2810 type:b dur:2 cpbdur:2 q:40.57 aq:42.75 tex:97788 mv:22070 misc:4062 imb:591 pmb:1553 smb:6016 d:- ref:0 ;
in:2814 out:2811 type:P dur:2 cpbdur:2 q:40.53 aq:35.65 tex:254968 mv:25849 misc:3111 imb:2621 pmb:1320 smb:4219 d:s ref:0 ;
in:2812 out:2812 type:B dur:2 cpbdur:2 q:40.56 aq:40.02 tex:163920 mv:30977 misc:3799 imb:1002 pmb:1859 smb:5299 d:s ref:0 ;
in:2811 out:2813 type:b dur:2 cpbdur:2 q:40.56 aq:42.08 tex:99814 mv:23164 misc:4086 imb:624 pmb:1589 smb:5947 d:s ref:0 ;
in:2813 out:2814 type:b dur:2 cpbdur:2 q:40.56 aq:41.60 tex:104786 mv:23587 misc:4027 imb:651 pmb:1576 smb:5933 d:- ref:0 ;
in:2818 out:2815 type:P dur:2 cpbdur:2 q:40.72 aq:35.04 tex:251539 mv:26008 misc:3221 imb:2807 pmb:1230 smb:4123 d:s ref:0 ;
in:2816 out:2816 type:B dur:2 cpbdur:2 q:40.73 aq:39.89 tex:149929 mv:30166 misc:3945 imb:970 pmb:1823 smb:5367 d:s ref:0 ;
in:2815 out:2817 type:b dur:2 cpbdur:2 q:40.73 aq:39.72 tex:97009 mv:22522 misc:4053 imb:659 pmb:1501 smb:6000 d:s ref:0 ;
in:2817 out:2818 type:b dur:2 cpbdur:2 q:40.73 aq:40.60 tex:101072 mv:23070 misc:4146 imb:674 pmb:1581 smb:5905 d:- ref:0 ;
in:2822 out:2819 type:P dur:2 cpbdur:2 q:40.68 aq:35.55 tex:262323 mv:25262 misc:3039 imb:2765 pmb:1183 smb:4212 d:s ref:0 ;
in:2820 out:2820 type:B dur:2 cpbdur:2 q:40.72 aq:38.38 tex:156670 mv:30483 misc:3863 imb:1008 pmb:1789 smb:5363 d:s ref:0 ;
in:2819 out:2821 type:b dur:2 cpbdur:2 q:40.72 aq:41.07 tex:99649 mv:22749 misc:4138 imb:700 pmb:1505 smb:5955 d:s ref:0 ;
in:2821 out:2822 type:b dur:2 cpbdur:2 q:40.72 aq:42.00 tex:101254 mv:22782 misc:3996 imb:664 pmb:1571 smb:5925 d:- ref:0 ;
in:2826 out:2823 type:P dur:2 cpbdur:2 q:40.45 aq:35.47 tex:285235 mv:24600 misc:3141 imb:2622 pmb:1154 smb:4384 d:s ref:0 ;
in:2824 out:2824 type:B dur:2 cpbdur:2 q:40.68 aq:38.30 tex:150716 mv:30322 misc:3858 imb:984 pmb:1777 smb:5399 d:s ref:0 ;
in:2823 out:2825 type:b dur:2 cpbdur:2 q:40.68 aq:41.53 tex:103619 mv:24307 misc:4186 imb:706 pmb:1585 smb:5869 d:s ref:0 ;
in:2825 out:2826 type:b dur:2 cpbdur:2 q:40.68 aq:41.16 tex:100422 mv:23722 misc:4152 imb:669 pmb:1582 smb:5909 d:- ref:0 ;
in:2830 out:2827 type:P dur:2 cpbdur:2 q:40.66 aq:34.93 tex:268637 mv:24878 misc:3197 imb:2709 pmb:1138 smb:4313 d:s ref:0 ;
in:2828 out:2828 type:B dur:2 cpbdur:2 q:40.67 aq:38.71 tex:155742 mv:31550 misc:3868 imb:1060 pmb:1836 smb:5264 d:s ref:0 ;
in:2827 out:2829 type:b dur:2 cpbdur:2 q:40.67 aq:39.09 tex:107358 mv:24478 misc:4276 imb:737 pmb:1592 smb:5831 d:s ref:0 ;
in:2829 out:2830 type:b dur:2 cpbdur:2 q:40.67 aq:40.41 tex:109074 mv:24538 misc:4092 imb:699 pmb:1660 smb:5801 d:- ref:0 ;
in:2834 out:2831 type:P dur:2 cpbdur:2 q:40.64 aq:35.52 tex:278116 mv:26072 misc:3204 imb:2852 pmb:1138 smb:4170 d:s ref:0 ;
in:2832 out:2832 type:B dur:2 cpbdur:2 q:40.66 aq:39.48 tex:161765 mv:32541 misc:3886 imb:1056 pmb:1906 smb:5198 d:s ref:0 ;
in:2831 out:2833 type:b dur:2 cpbdur:2 q:40.66 aq:39.36 tex:108685 mv:24262 misc:4221 imb:715 pmb:1638 smb:5807 d:s ref:0 ;
in:2833 out:2834 type:b dur:2 cpbdur:2 q:40.66 aq:41.14 tex:101617 mv:23371 misc:4060 imb:568 pmb:1699 smb:5893 d:- ref:0 ;
in:2838 out:2835 type:P dur:2 cpbdur:2 q:40.63 aq:35.56 tex:280614 mv:26708 misc:3118 imb:2734 pmb:1217 smb:4209 d:s ref:0 ;
in:2836 out:2836 type:B dur:2 cpbdur:2 q:40.65 aq:38.14 tex:159796 mv:33562 misc:4074 imb:1017 pmb:1953 smb:5190 d:s ref:0 ;
in:2835 out:2837 type:b dur:2 cpbdur:2 q:40.65 aq:41.62 tex:101154 mv:25068 misc:4178 imb:626 pmb:1764 smb:5770 d:s ref:0 ;
in:2837 out:2838 type:b dur:2 cpbdur:2 q:40.65 aq:40.92 tex:105483 mv:25171 misc:4218 imb:620 pmb:1727 smb:5813 d:- ref:0 ;
in:2842 out:2839 type:P dur:2 cpbdur:2 q:40.85 aq:35.67 tex:261955 mv:25639 misc:3214 imb:2718 pmb:1192 smb:4250 d:s ref:0 ;
in:2840 out:2840 type:B dur:2 cpbdur:2 q:40.86 aq:39.23 tex:149895 mv:32358 misc:4203 imb:971 pmb:1932 smb:5257 d:s ref:0 ;
in:2839 out:2841 type:b dur:2 cpbdur:2 q:40.86 aq:40.50 tex:91321 mv:23907 misc:4316 imb:643 pmb:1578 smb:5939 d:s ref:0 ;
in:2841 out:2842 type:b dur:2 cpbdur:2 q:40.86 aq:39.78 tex:89363 mv:23746 misc:4275 imb:609 pmb:1614 smb:5937 d:- ref:0 ;
in:2846 out:2843 type:P dur:2 cpbdur:2 q:40.61 aq:36.10 tex:287615 mv:26513 misc:3272 imb:2779 pmb:1258 smb:4123 d:s ref:0 ;
in:2844 out:2844 type:B dur:2 cpbdur:2 q:40.86 aq:38.36 tex:144300 mv:31926 misc:4166 imb:970 pmb:1892 smb:5298 d:s ref:0 ;
in:2843 out:2845 type:b dur:2 cpbdur:2 q:40.86 aq:40.92 tex:88578 mv:23090 misc:4324 imb:603 pmb:1600 smb:5957 d:s ref:0 ;
in:2845 out:2846 type:b dur:2 cpbdur:2 q:40.86 aq:40.32 tex:89594 mv:24289 misc:4237 imb:603 pmb:1600 smb:5957 d:- ref:0 ;
in:2850 out:2847 type:P dur:2 cpbdur:2 q:40.59 aq:35.00 tex:295755 mv:26387 misc:3018 imb:2779 pmb:1167 smb:4214 d:s ref:0 ;
in:2848 out:2848 type:B dur:2 cpbdur:2 q:40.61 aq:38.83 tex:166045 mv:34255 misc:3876 imb:1006 pmb:1993 smb:5161 d:s ref:0 ;
in:2847 out:2849 type:b dur:2 cpbdur:2 q:40.61 aq:42.49 tex:109057 mv:25919 misc:4136 imb:669 pmb:1773 smb:5718 d:s ref:0 ;
in:2849 out:2850 type:b dur:2 cpbdur:2 q:40.61 aq:39.23 tex:103492 mv:26075 misc:4265 imb:647 pmb:1757 smb:5756 d:- ref:0 ;
in:2854 out:2851 type:P dur:2 cpbdur:2 q:40.59 aq:34.94 tex:291659 mv:26455 misc:3390 imb:2856 pmb:1197 smb:4107 d:s ref:0 ;
in:2852 out:2852 type:B dur:2 cpbdur:2 q:40.60 aq:38.60 tex:159054 mv:33966 misc:3964 imb:945 pmb:2058 smb:5157 d:s ref:0 ;
in:2851 out:2853 type:b dur:2 cpbdur:2 q:40.60 aq:40.73 tex:102047 mv:25308 misc:4245 imb:621 pmb:1717 smb:5822 d:s ref:0 ;
in:2853 out:2854 type:b dur:2 cpbdur:2 q:40.60 aq:40.73 tex:101888 mv:25006 misc:4178 imb:594 pmb:1780 smb:5786 d:- ref:0 ;
in:2858 out:2855 type:P dur:2 cpbdur:2 q:40.57 aq:35.27 tex:291523 mv:26470 misc:3215 imb:2644 pmb:1226 smb:4290 d:s ref:0 ;
in:2856 out:2856 type:B dur:2 cpbdur:2 q:40.59 aq:39.01 tex:169129 mv:34370 misc:3933 imb:986 pmb:2010 smb:5164 d:s ref:0 ;
in:2855 out:2857 type:b dur:2 cpbdur:2 q:40.59 aq:39.35 tex:101305 mv:25453 misc:4146 imb:595 pmb:1761 smb:5804 d:s ref:0 ;
in:2857 out:2858 type:b dur:2 cpbdur:2 q:40.59 aq:40.16 tex:108147 mv:25278 misc:4047 imb:558 pmb:1834 smb:5768 d:- ref:0 ;
in:2862 out:2859 type:P dur:2 cpbdur:2 q:40.56 aq:35.78 tex:302299 mv:25974 misc:2983 imb:2750 pmb:1193 smb:4217 d:s ref:0 ;
in:2860 out:2860 type:B dur:2 cpbdur:2 q:40.57 aq:39.12 tex:167629 mv:35345 misc:3938 imb:1024 pmb:2022 smb:5114 d:s ref:0 ;
in:2859 out:2861 type:b dur:2 cpbdur:2 q:40.57 aq:40.29 tex:108410 mv:25891 misc:4251 imb:633 pmb:1779 smb:5748 d:s ref:0 ;
in:2861 out:2862 type:b dur:2 cpbdur:2 q:40.57 aq:41.64 tex:106576 mv:25502 misc:4194 imb:568 pmb:1843 smb:5749 d:- ref:0 ;
in:2866 out:2863 type:P dur:2 cpbdur:2 q:40.79 aq:35.78 tex:283873 mv:25303 misc:3008 imb:2818 pmb:1139 smb:4203 d:s ref:0 ;
in:2864 out:2864 type:B dur:2 cpbdur:2 q:40.79 aq:40.50 tex:150809 mv:33453 misc:4250 imb:924 pmb:1988 smb:5248 d:s ref:0 ;
in:2863 out:2865 type:b dur:2 cpbdur:2 q:40.79 aq:40.96 tex:100071 mv:24050 misc:4263 imb:611 pmb:1674 smb:5875 d:s ref:0 ;
in:2865 out:2866 type:b dur:2 cpbdur:2 q:40.79 aq:40.91 tex:97626 mv:24217 misc:4365 imb:620 pmb:1673 smb:5867 d:- ref:0 ;
in:2870 out:2867 type:P dur:2 cpbdur:2 q:40.53 aq:34.91 tex:323834 mv:26779 misc:3219 imb:3051 pmb:1138 smb:3971 d:s ref:0 ;
in:2868 out:2868 type:B dur:2 cpbdur:2 q:40.79 aq:38.67 tex:153961 mv:34185 misc:4102 imb:936 pmb:2021 smb:5203 d:s ref:0 ;
in:2867 out:2869 type:b dur:2 cpbdur:2 q:40.79 aq:40.96 tex:98415 mv:24389 misc:4308 imb:632 pmb:1635 smb:5893 d:s ref:0 ;
in:2869 out:2870 type:b dur:2 cpbdur:2 q:40.79 aq:42.21 tex:97445 mv:23374 misc:4125 imb:569 pmb:1655 smb:5936 d:- ref:0 ;
in:2874 out:2871 type:P dur:2 cpbdur:2 q:40.52 aq:35.03 tex:339676 mv:26776 misc:3172 imb:3153 pmb:1075 smb:3932 d:s ref:0 ;
in:2872 out:2872 type:B dur:2 cpbdur:2 q:40.53 aq:39.62 tex:182078 mv:35986 misc:3904 imb:1027 pmb:2058 smb:5075 d:s ref:0 ;
in:2871 out:2873 type:b dur:2 cpbdur:2 q:40.53 aq:42.40 tex:113695 mv:26238 misc:4155 imb:628 pmb:1849 smb:5683 d:s ref:0 ;
in:2873 out:2874 type:b dur:2 cpbdur:2 q:40.53 aq:40.28 tex:119057 mv:25865 misc:4246 imb:655 pmb:1861 smb:5644 d:- ref:0 ;
in:2878 out:2875 type:P dur:2 cpbdur:2 q:40.76 aq:35.19 tex:302448 mv:25929 misc:3167 imb:3008 pmb:1129 smb:4023 d:s ref:0 ;
in:2876 out:2876 type:B dur:2 cpbdur:2 q:40.76 aq:38.77 tex:167416 mv:34776 misc:4048 imb:948 pmb:2067 smb:5145 d:s ref:0 ;
in:2875 out:2877 type:b dur:2 cpbdur:2 q:40.76 aq:39.88 tex:102629 mv:25037 misc:4382 imb:622 pmb:1714 smb:5824 d:s ref:0 ;
in:2877 out:2878 type:b dur:2 cpbdur:2 q:40.76 aq:42.01 tex:102172 mv:24358 misc:4238 imb:596 pmb:1704 smb:5860 d:- ref:0 ;
in:2882 out:2879 type:P dur:2 cpbdur:2 q:40.76 aq:36.25 tex:323904 mv:24620 misc:3004 imb:3128 pmb:962 smb:4070 d:s ref:0 ;
in:2880 out:2880 type:B dur:2 cpbdur:2 q:40.77 aq:39.69 tex:169493 mv:34198 misc:4053 imb:1003 pmb:1981 smb:5176 d:s ref:0 ;
in:2879 out:2881 type:b dur:2 cpbdur:2 q:40.77 aq:41.45 tex:106838 mv:25121 misc:4305 imb:621 pmb:1724 smb:5815 d:s ref:0 ;
in:2881 out:2882 type:b dur:2 cpbdur:2 q:40.77 aq:41.87 tex:111629 mv:24964 misc:4167 imb:665 pmb:1727 smb:5768 d:- ref:0 ;
in:2886 out:2883 type:P dur:2 cpbdur:2 q:40.76 aq:34.75 tex:323048 mv:25818 misc:3502 imb:3256 pmb:984 smb:3920 d:s ref:0 ;
in:2884 out:2884 type:B dur:2 cpbdur:2 q:40.76 aq:38.18 tex:179216 mv:33627 misc:4069 imb:1050 pmb:1961 smb:5149 d:s ref:0 ;
in:2883 out:2885 type:b dur:2 cpbdur:2 q:40.76 aq:40.93 tex:106631 mv:24737 misc:4416 imb:652 pmb:1699 smb:5809 d:s ref:0 ;
in:2885 out:2886 type:b dur:2 cpbdur:2 q:40.76 aq:43.16 tex:109999 mv:24429 misc:4300 imb:652 pmb:1677 smb:5831 d:- ref:0 ;
in:2890 out:2887 type:P dur:2 cpbdur:2 q:40.75 aq:35.78 tex:314465 mv:24947 misc:3156 imb:3122 pmb:983 smb:4055 d:s ref:0 ;
in:2888 out:2888 type:B dur:2 cpbdur:2 q:40.76 aq:39.76 tex:177218 mv:34304 misc:4190 imb:1017 pmb:2019 smb:5124 d:s ref:0 ;
in:2887 out:2889 type:b dur:2 cpbdur:2 q:40.76 aq:41.73 tex:119810 mv:25600 misc:4382 imb:753 pmb:1704 smb:5703 d:s ref:0 ;
in:2889 out:2890 type:b dur:2 cpbdur:2 q:40.76 aq:42.62 tex:117349 mv:24676 misc:4287 imb:710 pmb:1663 smb:5787 d:- ref:0 ;
in:2894 out:2891 type:P dur:2 cpbdur:2 q:40.75 aq:34.97 tex:329338 mv:25447 misc:2751 imb:3239 pmb:966 smb:3955 d:s ref:0 ;
in:2892 out:2892 type:B dur:2 cpbdur:2 q:40.75 aq:38.17 tex:182795 mv:35184 misc:4317 imb:1133 pmb:2066 smb:4961 d:s ref:0 ;
in:2891 out:2893 type:b dur:2 cpbdur:2 q:40.75 aq:41.73 tex:119985 mv:25147 misc:4300 imb:750 pmb:1669 smb:5741 d:s ref:0 ;
in:2893 out:2894 type:b dur:2 cpbdur:2 q:40.75 aq:41.97 tex:118068 mv:25502 misc:4542 imb:745 pmb:1696 smb:5719 d:- ref:0 ;
in:2898 out:2895 type:P dur:2 cpbdur:2 q:40.99 aq:35.03 tex:312095 mv:25284 misc:3125 imb:3187 pmb:984 smb:3989 d:s ref:0 ;
in:2896 out:2896 type:B dur:2 cpbdur:2 q:40.99 aq:39.13 tex:167217 mv:33236 misc:4179 imb:1084 pmb:1866 smb:5210 d:s ref:0 ;
in:2895 out:2897 type:b dur:2 cpbdur:2 q:40.99 aq:41.25 tex:97661 mv:23674 misc:4537 imb:693 pmb:1528 smb:5939 d:s ref:0 ;
in:2897 out:2898 type:b dur:2 cpbdur:2 q:40.99 aq:39.23 tex:104814 mv:23794 misc:4496 imb:720 pmb:1580 smb:5860 d:- ref:0 ;
in:2902 out:2899 type:P dur:2 cpbdur:2 q:40.98 aq:34.87 tex:307562 mv:25133 misc:3409 imb:3183 pmb:1018 smb:3959 d:s ref:0 ;
in:2900 out:2900 type:B dur:2 cpbdur:2 q:40.99 aq:39.49 tex:166222 mv:33302 misc:4220 imb:1144 pmb:1865 smb:5151 d:s ref:0 ;
in:2899 out:2901 type:b dur:2 cpbdur:2 q:40.99 aq:41.33 tex:111769 mv:23882 misc:4413 imb:688 pmb:1617 smb:5855 d:s ref:0 ;
in:2901 out:2902 type:b dur:2 cpbdur:2 q:40.99 aq:41.76 tex:106673 mv:22785 misc:4414 imb:705 pmb:1547 smb:5908 d:- ref:0 ;
in:2906 out:2903 type:P dur:2 cpbdur:2 q:40.76 aq:34.76 tex:330448 mv:26343 misc:3281 imb:3228 pmb:1055 smb:3877 d:s ref:0 ;
in:2904 out:2904 type:B dur:2 cpbdur:2 q:40.99 aq:39.83 tex:167783 mv:33135 misc:4378 imb:1067 pmb:1952 smb:5141 d:s ref:0 ;
in:2903 out:2905 type:b dur:2 cpbdur:2 q:40.99 aq:41.64 tex:111595 mv:22917 misc:4376 imb:738 pmb:1529 smb:5893 d:s ref:0 ;
in:2905 out:2906 type:b dur:2 cpbdur:2 q:40.99 aq:39.92 tex:113745 mv:23254 misc:4385 imb:742 pmb:1508 smb:5910 d:- ref:0 ;
in:2908 out:2907 type:P dur:2 cpbdur:2 q:40.74 aq:35.92 tex:281947 mv:24391 misc:3406 imb:2369 pmb:1369 smb:4422 d:s ref:0 ;
in:2907 out:2908 type:b dur:2 cpbdur:2 q:40.76 aq:41.94 tex:128376 mv:25375 misc:4345 imb:818 pmb:1622 smb:5720 d:s ref:0 ;
in:2909 out:2909 type:I dur:2 cpbdur:2 q:37.37 aq:30.61 tex:698423 mv:50071 misc:618 imb:8160 pmb:0 smb:0 d:s ref:;
in:2913 out:2910 type:P dur:2 cpbdur:2 q:40.32 aq:35.56 tex:382652 mv:26586 misc:2706 imb:2968 pmb:1171 smb:4021 d:s ref:0 ;
in:2911 out:2911 type:B dur:2 cpbdur:2 q:40.32 aq:40.42 tex:217974 mv:37118 misc:3748 imb:1103 pmb:2171 smb:4886 d:s ref:0 ;
in:2910 out:2912 type:b dur:2 cpbdur:2 q:40.32 aq:43.10 tex:158098 mv:27161 misc:4173 imb:817 pmb:1816 smb:5527 d:s ref:0 ;
in:2912 out:2913 type:b dur:2 cpbdur:2 q:40.32 aq:43.12 tex:160634 mv:28088 misc:4118 imb:794 pmb:1930 smb:5436 d:- ref:0 ;
in:2917 out:2914 type:P dur:2 cpbdur:2 q:40.56 aq:35.54 tex:346605 mv:27115 misc:2680 imb:3052 pmb:1182 smb:3926 d:s ref:0 ;
in:2915 out:2915 type:B dur:2 cpbdur:2 q:40.57 aq:41.29 tex:201363 mv:36105 misc:3844 imb:1151 pmb:2089 smb:4920 d:s ref:0 ;
in:2914 out:2916 type:b dur:2 cpbdur:2 q:40.57 aq:43.16 tex:143976 mv:26755 misc:4293 imb:791 pmb:1825 smb:5544 d:s ref:0 ;
in:2916 out:2917 type:b dur:2 cpbdur:2 q:40.57 aq:43.41 tex:144104 mv:26804 misc:4332 imb:788 pmb:1797 smb:5575 d:- ref:0 ;
in:2921 out:2918 type:P dur:2 cpbdur:2 q:40.56 aq:36.63 tex:354098 mv:25877 misc:2801 imb:2988 pmb:1119 smb:4053 d:s ref:0 ;
in:2919 out:2919 type:B dur:2 cpbdur:2 q:40.57 aq:42.15 tex:215061 mv:36189 misc:3990 imb:1164 pmb:2122 smb:4874 d:s ref:0 ;
in:2918 out:2920 type:b dur:2 cpbdur:2 q:40.57 aq:43.45 tex:145017 mv:26922 misc:4317 imb:793 pmb:1798 smb:5569 d:s ref:0 ;
in:2920 out:2921 type:b dur:2 cpbdur:2 q:40.57 aq:42.79 tex:152283 mv:26751 misc:4262 imb:828 pmb:1803 smb:5529 d:- ref:0 ;
in:2925 out:2922 type:P dur:2 cpbdur:2 q:40.58 aq:36.24 tex:353805 mv:26239 misc:2644 imb:3266 pmb:1058 smb:3836 d:s ref:0 ;
in:2923 out:2923 type:B dur:2 cpbdur:2 q:40.58 aq:41.95 tex:209148 mv:36351 misc:3997 imb:1171 pmb:2075 smb:4914 d:s ref:0 ;
in:2922 out:2924 type:b dur:2 cpbdur:2 q:40.58 aq:42.16 tex:156921 mv:27080 misc:4351 imb:906 pmb:1822 smb:5432 d:s ref:0 ;
in:2924 out:2925 type:b dur:2 cpbdur:2 q:40.58 aq:42.83 tex:154460 mv:26767 misc:4341 imb:866 pmb:1798 smb:5496 d:- ref:0 ;
in:2929 out:2926 type:P dur:2 cpbdur:2 q:40.62 aq:35.08 tex:390028 mv:24680 misc:2396 imb:3873 pmb:718 smb:3569 d:s ref:0 ;
in:2927 out:2927 type:B dur:2 cpbdur:2 q:40.63 aq:41.05 tex:223837 mv:38867 misc:3952 imb:1329 pmb:2162 smb:4669 d:s ref:0 ;
in:2926 out:2928 type:b dur:2 cpbdur:2 q:40.63 aq:41.53 tex:156011 mv:29723 misc:4490 imb:981 pmb:1870 smb:5309 d:s ref:0 ;
in:2928 out:2929 type:b dur:2 cpbdur:2 q:40.63 aq:43.74 tex:161430 mv:29783 misc:4403 imb:983 pmb:1879 smb:5298 d:- ref:0 ;
in:2933 out:2930 type:P dur:2 cpbdur:2 q:40.64 aq:35.37 tex:382103 mv:25006 misc:2227 imb:3944 pmb:724 smb:3492 d:s ref:0 ;
in:2931 out:2931 type:B dur:2 cpbdur:2 q:40.65 aq:38.41 tex:232346 mv:39465 misc:4205 imb:1450 pmb:2120 smb:4590 d:s ref:0 ;
in:2930 out:2932 type:b dur:2 cpbdur:2 q:40.65 aq:41.66 tex:165471 mv:30641 misc:4488 imb:1058 pmb:1854 smb:5248 d:s ref:0 ;
in:2932 out:2933 type:b dur:2 cpbdur:2 q:40.65 aq:43.14 tex:163709 mv:29692 misc:4471 imb:997 pmb:1869 smb:5294 d:- ref:0 ;
in:2937 out:2934 type:P dur:2 cpbdur:2 q:40.66 aq:34.61 tex:381882 mv:25314 misc:2732 imb:4177 pmb:676 smb:3307 d:s ref:0 ;
in:2935 out:2935 type:B dur:2 cpbdur:2 q:40.67 aq:40.74 tex:237857 mv:38222 misc:4001 imb:1504 pmb:2023 smb:4633 d:s ref:0 ;
in:2934 out:2936 type:b dur:2 cpbdur:2 q:40.67 aq:42.53 tex:167172 mv:30380 misc:4432 imb:1074 pmb:1806 smb:5280 d:s ref:0 ;
in:2936 out:2937 type:b dur:2 cpbdur:2 q:40.67 aq:40.59 tex:166363 mv:30225 misc:4524 imb:1055 pmb:1837 smb:5268 d:- ref:0 ;
in:2941 out:2938 type:P dur:2 cpbdur:2 q:40.71 aq:34.57 tex:381601 mv:25334 misc:3041 imb:4210 pmb:621 smb:3329 d:s ref:0 ;
in:2939 out:2939 type:B dur:2 cpbdur:2 q:40.71 aq:40.13 tex:242317 mv:38853 misc:3974 imb:1599 pmb:2028 smb:4533 d:s ref:0 ;
in:2938 out:2940 type:b dur:2 cpbdur:2 q:40.71 aq:39.03 tex:182177 mv:30057 misc:4430 imb:1177 pmb:1754 smb:5229 d:s ref:0 ;
in:2940 out:2941 type:b dur:2 cpbdur:2 q:40.71 aq:41.53 tex:173410 mv:29504 misc:4446 imb:1128 pmb:1768 smb:5264 d:- ref:0 ;
in:2945 out:2942 type:P dur:2 cpbdur:2 q:40.74 aq:35.00 tex:382806 mv:24960 misc:2914 imb:4451 pmb:589 smb:3120 d:s ref:0 ;
in:2943 out:2943 type:B dur:2 cpbdur:2 q:40.75 aq:36.67 tex:249806 mv:38913 misc:4049 imb:1657 pmb:2002 smb:4501 d:s ref:0 ;
in:2942 out:2944 type:b dur:2 cpbdur:2 q:40.75 aq:41.11 tex:173271 mv:30946 misc:4543 imb:1121 pmb:1867 smb:5172 d:s ref:0 ;
in:2944 out:2945 type:b dur:2 cpbdur:2 q:40.75 aq:39.74 tex:178119 mv:31031 misc:4634 imb:1149 pmb:1850 smb:5161 d:- ref:0 ;
in:2949 out:2946 type:P dur:2 cpbdur:2 q:40.77 aq:35.09 tex:392004 mv:26049 misc:3083 imb:4597 pmb:640 smb:2923 d:s ref:0 ;
in:2947 out:2947 type:B dur:2 cpbdur:2 q:40.78 aq:38.23 tex:264441 mv:39696 misc:4135 imb:1801 pmb:2030 smb:4329 d:s ref:0 ;
in:2946 out:2948 type:b dur:2 cpbdur:2 q:40.78 aq:39.57 tex:188577 mv:32121 misc:4542 imb:1275 pmb:1861 smb:5024 d:s ref:0 ;
in:2948 out:2949 type:b dur:2 cpbdur:2 q:40.78 aq:39.44 tex:178755 mv:31421 misc:4680 imb:1186 pmb:1865 smb:5109 d:- ref:0 ;
in:2953 out:2950 type:P dur:2 cpbdur:2 q:40.83 aq:35.29 tex:380465 mv:25841 misc:3390 imb:4393 pmb:647 smb:3120 d:s ref:0 ;
in:2951 out:2951 type:B dur:2 cpbdur:2 q:40.83 aq:39.24 tex:278220 mv:39000 misc:4204 imb:1970 pmb:1896 smb:4294 d:s ref:0 ;
in:2950 out:2952 type:b dur:2 cpbdur:2 q:40.83 aq:39.93 tex:182739 mv:32417 misc:4732 imb:1266 pmb:1847 smb:5047 d:s ref:0 ;
in:2952 out:2953 type:b dur:2 cpbdur:2 q:40.83 aq:39.79 tex:181746 mv:31043 misc:4739 imb:1256 pmb:1766 smb:5138 d:- ref:0 ;
in:2957 out:2954 type:P dur:2 cpbdur:2 q:40.86 aq:35.32 tex:394456 mv:25306 misc:3182 imb:4444 pmb:643 smb:3073 d:s ref:0 ;
in:2955 out:2955 type:B dur:2 cpbdur:2 q:40.87 aq:38.78 tex:275426 mv:39713 misc:4293 imb:2003 pmb:1896 smb:4261 d:s ref:0 ;
in:2954 out:2956 type:b dur:2 cpbdur:2 q:40.87 aq:40.78 tex:192382 mv:32645 misc:4701 imb:1316 pmb:1849 smb:4995 d:s ref:0 ;
in:2956 out:2957 type:b dur:2 cpbdur:2 q:40.87 aq:40.30 tex:190001 mv:31973 misc:4666 imb:1273 pmb:1829 smb:5058 d:- ref:0 ;
in:2961 out:2958 type:P dur:2 cpbdur:2 q:40.89 aq:35.93 tex:396629 mv:25768 misc:3395 imb:4385 pmb:703 smb:3072 d:s ref:0 ;
in:2959 out:2959 type:B dur:2 cpbdur:2 q:40.91 aq:38.36 tex:293216 mv:40081 misc:4183 imb:2123 pmb:1918 smb:4119 d:s ref:0 ;
in:2958 out:2960 type:b dur:2 cpbdur:2 q:40.91 aq:40.01 tex:197391 mv:32530 misc:4687 imb:1319 pmb:1891 smb:4950 d:s ref:0 ;
in:2960 out:2961 type:b dur:2 cpbdur:2 q:40.91 aq:40.11 tex:196453 mv:31620 misc:4823 imb:1327 pmb:1799 smb:5034 d:- ref:0 ;
in:2965 out:2962 type:P dur:2 cpbdur:2 q:40.72 aq:36.11 tex:417767 mv:26564 misc:3469 imb:4499 pmb:694 smb:2967 d:s ref:0 ;
in:2963 out:2963 type:B dur:2 cpbdur:2 q:40.92 aq:38.94 tex:296045 mv:40031 misc:4236 imb:2101 pmb:1921 smb:4138 d:s ref:0 ;
in:2962 out:2964 type:b dur:2 cpbdur:2 q:40.92 aq:42.07 tex:206940 mv:33646 misc:4630 imb:1426 pmb:1887 smb:4847 d:s ref:0 ;
in:2964 out:2965 type:b dur:2 cpbdur:2 q:40.92 aq:40.00 tex:198783 mv:33222 misc:4835 imb:1363 pmb:1851 smb:4946 d:- ref:0 ;
in:2969 out:2966 type:P dur:2 cpbdur:2 q:40.78 aq:36.02 tex:415459 mv:26257 misc:2940 imb:4670 pmb:629 smb:2861 d:s ref:0 ;
in:2967 out:2967 type:B dur:2 cpbdur:2 q:40.78 aq:37.95 tex:324395 mv:41283 misc:4082 imb:2328 pmb:1906 smb:3926 d:s ref:0 ;
in:2966 out:2968 type:b dur:2 cpbdur:2 q:40.77 aq:39.65 tex:216784 mv:35306 misc:4774 imb:1449 pmb:1966 smb:4745 d:s ref:0 ;
in:2968 out:2969 type:b dur:2 cpbdur:2 q:40.78 aq:39.74 tex:210265 mv:33901 misc:4802 imb:1418 pmb:1907 smb:4835 d:- ref:0 ;
in:2973 out:2970 type:P dur:2 cpbdur:2 q:40.84 aq:36.10 tex:418850 mv:25876 misc:2994 imb:4585 pmb:663 smb:2912 d:s ref:0 ;
in:2971 out:2971 type:B dur:2 cpbdur:2 q:40.84 aq:38.88 tex:325993 mv:40521 misc:4206 imb:2343 pmb:1892 smb:3925 d:s ref:0 ;
in:2970 out:2972 type:b dur:2 cpbdur:2 q:40.83 aq:39.48 tex:229856 mv:36120 misc:4640 imb:1625 pmb:1959 smb:4576 d:s ref:0 ;
in:2972 out:2973 type:b dur:2 cpbdur:2 q:40.84 aq:39.66 tex:232859 mv:34669 misc:4776 imb:1604 pmb:1896 smb:4660 d:- ref:0 ;
in:2976 out:2974 type:P dur:2 cpbdur:2 q:40.90 aq:36.79 tex:388377 mv:24919 misc:3200 imb:4325 pmb:653 smb:3182 d:s ref:0 ;
in:2974 out:2975 type:B dur:2 cpbdur:2 q:40.90 aq:40.15 tex:269534 mv:38206 misc:4524 imb:1934 pmb:2031 smb:4195 d:s ref:0 ;
in:2975 out:2976 type:b dur:2 cpbdur:2 q:40.90 aq:40.69 tex:214532 mv:34949 misc:4935 imb:1484 pmb:2016 smb:4660 d:- ref:0 ;
in:2977 out:2977 type:I dur:2 cpbdur:2 q:37.74 aq:32.74 tex:737549 mv:42263 misc:628 imb:8160 pmb:0 smb:0 d:s ref:;
in:2981 out:2978 type:P dur:2 cpbdur:2 q:41.01 aq:37.56 tex:416182 mv:25206 misc:2124 imb:4634 pmb:611 smb:2915 d:s ref:0 ;
in:2979 out:2979 type:B dur:2 cpbdur:2 q:41.01 aq:41.93 tex:303274 mv:43212 misc:4042 imb:2293 pmb:2001 smb:3866 d:s ref:0 ;
in:2978 out:2980 type:b dur:2 cpbdur:2 q:41.01 aq:43.03 tex:212337 mv:36167 misc:5032 imb:1592 pmb:1942 smb:4626 d:s ref:0 ;
in:2980 out:2981 type:b dur:2 cpbdur:2 q:41.01 aq:43.11 tex:217643 mv:35446 misc:4911 imb:1578 pmb:1967 smb:4615 d:- ref:0 ;
in:2985 out:2982 type:P dur:2 cpbdur:2 q:41.07 aq:39.22 tex:414251 mv:25194 misc:2147 imb:4631 pmb:603 smb:2926 d:s ref:0 ;
in:2983 out:2983 type:B dur:2 cpbdur:2 q:41.07 aq:41.49 tex:319740 mv:40854 misc:3966 imb:2488 pmb:1938 smb:3734 d:s ref:0 ;
in:2982 out:2984 type:b dur:2 cpbdur:2 q:41.07 aq:42.94 tex:222803 mv:37247 misc:4990 imb:1681 pmb:2053 smb:4426 d:s ref:0 ;
in:2984 out:2985 type:b dur:2 cpbdur:2 q:41.07 aq:43.30 tex:231111 mv:34936 misc:4881 imb:1750 pmb:1938 smb:4472 d:- ref:0 ;
in:2989 out:2986 type:P dur:2 cpbdur:2 q:41.23 aq:37.85 tex:397850 mv:23945 misc:2389 imb:4447 pmb:625 smb:3088 d:s ref:0 ;
in:2987 out:2987 type:B dur:2 cpbdur:2 q:41.23 aq:41.20 tex:329203 mv:40185 misc:3996 imb:2621 pmb:1892 smb:3647 d:s ref:0 ;
in:2986 out:2988 type:b dur:2 cpbdur:2 q:41.22 aq:39.95 tex:221672 mv:36333 misc:4891 imb:1806 pmb:1986 smb:4368 d:s ref:0 ;
in:2988 out:2989 type:b dur:2 cpbdur:2 q:41.23 aq:42.70 tex:221796 mv:35472 misc:5036 imb:1745 pmb:1943 smb:4472 d:- ref:0 ;
in:2993 out:2990 type:P dur:2 cpbdur:2 q:41.53 aq:38.36 tex:367971 mv:24817 misc:2436 imb:4599 pmb:664 smb:2897 d:s ref:0 ;
in:2991 out:2991 type:B dur:2 cpbdur:2 q:41.53 aq:42.23 tex:294824 mv:38633 misc:4127 imb:2654 pmb:1818 smb:3688 d:s ref:0 ;
in:2990 out:2992 type:b dur:2 cpbdur:2 q:41.53 aq:43.32 tex:208118 mv:34197 misc:5149 imb:1908 pmb:1828 smb:4424 d:s ref:0 ;
in:2992 out:2993 type:b dur:2 cpbdur:2 q:41.53 aq:42.98 tex:210812 mv:33619 misc:5209 imb:1888 pmb:1775 smb:4497 d:- ref:0 ;
in:2997 out:2994 type:P dur:2 cpbdur:2 q:41.87 aq:38.88 tex:339905 mv:23963 misc:2548 imb:4561 pmb:621 smb:2978 d:s ref:0 ;
in:2995 out:2995 type:B dur:2 cpbdur:2 q:41.87 aq:41.58 tex:263482 mv:36708 misc:4514 imb:2524 pmb:1858 smb:3778 d:s ref:0 ;
in:2994 out:2996 type:b dur:2 cpbdur:2 q:41.87 aq:43.03 tex:196731 mv:32110 misc:5351 imb:1982 pmb:1624 smb:4554 d:s ref:0 ;
in:2996 out:2997 type:b dur:2 cpbdur:2 q:41.87 aq:41.93 tex:184088 mv:31011 misc:5477 imb:1800 pmb:1671 smb:4689 d:- ref:0 ;
in:3001 out:2998 type:P dur:2 cpbdur:2 q:42.05 aq:38.63 tex:319868 mv:24449 misc:2739 imb:4801 pmb:596 smb:2763 d:s ref:0 ;
in:2999 out:2999 type:B dur:2 cpbdur:2 q:42.04 aq:40.63 tex:249133 mv:35566 misc:4829 imb:2395 pmb:1904 smb:3861 d:s ref:0 ;
in:2998 out:3000 type:b dur:2 cpbdur:2 q:42.04 aq:42.56 tex:176685 mv:30697 misc:5490 imb:1856 pmb:1685 smb:4619 d:s ref:0 ;
in:3000 out:3001 type:b dur:2 cpbdur:2 q:42.05 aq:41.09 tex:178461 mv:29928 misc:5523 imb:1783 pmb:1657 smb:4720 d:- ref:0 ;
in:3005 out:3002 type:P dur:2 cpbdur:2 q:42.28 aq:39.28 tex:302603 mv:24169 misc:3356 imb:4871 pmb:607 smb:2682 d:s ref:0 ;
in:3003 out:3003 type:B dur:2 cpbdur:2 q:42.28 aq:40.61 tex:223728 mv:33366 misc:5154 imb:2311 pmb:1885 smb:3964 d:s ref:0 ;
in:3002 out:3004 type:b dur:2 cpbdur:2 q:42.28 aq:41.29 tex:166668 mv:28337 misc:5739 imb:1816 pmb:1560 smb:4784 d:s ref:0 ;
in:3004 out:3005 type:b dur:2 cpbdur:2 q:42.28 aq:41.07 tex:158348 mv:27602 misc:5706 imb:1722 pmb:1513 smb:4925 d:- ref:0 ;
in:3009 out:3006 type:P dur:2 cpbdur:2 q:42.09 aq:38.45 tex:322337 mv:24243 misc:2996 imb:4911 pmb:579 smb:2670 d:s ref:0 ;
in:3007 out:3007 type:B dur:2 cpbdur:2 q:42.28 aq:40.90 tex:223595 mv:33361 misc:5260 imb:2337 pmb:1824 smb:3999 d:s ref:0 ;
in:3006 out:3008 type:b dur:2 cpbdur:2 q:42.28 aq:41.98 tex:167761 mv:28824 misc:5703 imb:1860 pmb:1581 smb:4719 d:s ref:0 ;
in:3008 out:3009 type:b dur:2 cpbdur:2 q:42.28 aq:43.56 tex:163933 mv:27583 misc:5684 imb:1815 pmb:1506 smb:4839 d:- ref:0 ;
in:3013 out:3010 type:P dur:2 cpbdur:2 q:42.20 aq:39.16 tex:303839 mv:23959 misc:3082 imb:4996 pmb:524 smb:2640 d:s ref:0 ;
in:3011 out:3011 type:B dur:2 cpbdur:2 q:42.28 aq:42.04 tex:219462 mv:32666 misc:5344 imb:2351 pmb:1847 smb:3962 d:s ref:0 ;
in:3010 out:3012 type:b dur:2 cpbdur:2 q:42.28 aq:42.02 tex:167960 mv:27973 misc:5675 imb:1901 pmb:1510 smb:4749 d:s ref:0 ;
in:3012 out:3013 type:b dur:2 cpbdur:2 q:42.27 aq:41.33 tex:158669 mv:27180 misc:5847 imb:1740 pmb:1535 smb:4885 d:- ref:0 ;
in:3014 out:3014 type:P dur:2 cpbdur:2 q:42.29 aq:39.73 tex:258389 mv:22625 misc:4218 imb:3894 pmb:791 smb:3475 d:s ref:0 ;
in:3015 out:3015 type:I dur:2 cpbdur:2 q:38.51 aq:34.68 tex:745917 mv:33065 misc:658 imb:8160 pmb:0 smb:0 d:s ref:;
in:3019 out:3016 type:P dur:2 cpbdur:2 q:41.63 aq:39.16 tex:391374 mv:23524 misc:1990 imb:5124 pmb:430 smb:2606 d:s ref:0 ;
in:3017 out:3017 type:B dur:2 cpbdur:2 q:41.63 aq:42.58 tex:311433 mv:39673 misc:4262 imb:2920 pmb:1812 smb:3428 d:s ref:0 ;
in:3016 out:3018 type:b dur:2 cpbdur:2 q:41.63 aq:42.61 tex:234492 mv:35549 misc:5247 imb:2276 pmb:1745 smb:4139 d:s ref:0 ;
in:3018 out:3019 type:b dur:2 cpbdur:2 q:41.63 aq:40.04 tex:237227 mv:34145 misc:5172 imb:2282 pmb:1715 smb:4163 d:- ref:0 ;
in:3023 out:3020 type:P dur:2 cpbdur:2 q:41.66 aq:38.80 tex:392224 mv:24158 misc:2386 imb:4955 pmb:593 smb:2612 d:s ref:0 ;
in:3021 out:3021 type:B dur:2 cpbdur:2 q:41.66 aq:42.05 tex:305583 mv:38103 misc:4450 imb:2861 pmb:1874 smb:3425 d:s ref:0 ;
in:3020 out:3022 type:b dur:2 cpbdur:2 q:41.66 aq:43.81 tex:247061 mv:34908 misc:5223 imb:2382 pmb:1761 smb:4017 d:s ref:0 ;
in:3022 out:3023 type:b dur:2 cpbdur:2 q:41.66 aq:44.07 tex:238806 mv:34795 misc:5191 imb:2297 pmb:1754 smb:4109 d:- ref:0 ;
in:3027 out:3024 type:P dur:2 cpbdur:2 q:41.70 aq:41.12 tex:390485 mv:23740 misc:2111 imb:5098 pmb:555 smb:2507 d:s ref:0 ;
in:3025 out:3025 type:B dur:2 cpbdur:2 q:41.70 aq:43.28 tex:313419 mv:38982 misc:4391 imb:2875 pmb:1940 smb:3345 d:s ref:0 ;
in:3024 out:3026 type:b dur:2 cpbdur:2 q:41.70 aq:42.89 tex:246597 mv:36126 misc:5229 imb:2419 pmb:1807 smb:3934 d:s ref:0 ;
in:3026 out:3027 type:b dur:2 cpbdur:2 q:41.70 aq:44.14 tex:243558 mv:34066 misc:5312 imb:2359 pmb:1745 smb:4056 d:- ref:0 ;
in:3031 out:3028 type:P dur:2 cpbdur:2 q:41.74 aq:38.55 tex:390945 mv:23934 misc:2161 imb:5165 pmb:547 smb:2448 d:s ref:0 ;
in:3029 out:3029 type:B dur:2 cpbdur:2 q:41.74 aq:43.28 tex:297575 mv:38874 misc:4567 imb:2873 pmb:1933 smb:3354 d:s ref:0 ;
in:3028 out:3030 type:b dur:2 cpbdur:2 q:41.74 aq:43.92 tex:239803 mv:34716 misc:5249 imb:2408 pmb:1789 smb:3963 d:s ref:0 ;
in:3030 out:3031 type:b dur:2 cpbdur:2 q:41.74 aq:43.81 tex:237965 mv:33288 misc:5419 imb:2357 pmb:1712 smb:4091 d:- ref:0 ;
in:3035 out:3032 type:P dur:2 cpbdur:2 q:41.84 aq:39.68 tex:381282 mv:23664 misc:2110 imb:5155 pmb:518 smb:2487 d:s ref:0 ;
in:3033 out:3033 type:B dur:2 cpbdur:2 q:41.84 aq:43.60 tex:302909 mv:38139 misc:4472 imb:2987 pmb:1817 smb:3356 d:s ref:0 ;
in:3032 out:3034 type:b dur:2 cpbdur:2 q:41.84 aq:43.17 tex:238670 mv:34660 misc:5446 imb:2394 pmb:1766 smb:4000 d:s ref:0 ;
in:3034 out:3035 type:b dur:2 cpbdur:2 q:41.84 aq:44.29 tex:236168 mv:33188 misc:5516 imb:2324 pmb:1710 smb:4126 d:- ref:0 ;
in:3039 out:3036 type:P dur:2 cpbdur:2 q:42.43 aq:39.45 tex:330776 mv:22263 misc:2497 imb:5152 pmb:438 smb:2570 d:s ref:0 ;
in:3037 out:3037 type:B dur:2 cpbdur:2 q:42.42 aq:44.22 tex:241147 mv:33653 misc:5272 imb:2681 pmb:1725 smb:3754 d:s ref:0 ;
in:3036 out:3038 type:b dur:2 cpbdur:2 q:42.42 aq:43.68 tex:191902 mv:30583 misc:5947 imb:2292 pmb:1456 smb:4412 d:s ref:0 ;
in:3038 out:3039 type:b dur:2 cpbdur:2 q:42.42 aq:44.68 tex:177914 mv:29008 misc:6006 imb:2099 pmb:1483 smb:4578 d:- ref:0 ;
in:3040 out:3040 type:I dur:2 cpbdur:2 q:40.02 aq:36.92 tex:637328 mv:26729 misc:615 imb:8160 pmb:0 smb:0 d:s ref:;
in:3044 out:3041 type:P dur:2 cpbdur:2 q:42.62 aq:41.94 tex:315336 mv:22417 misc:2287 imb:5239 pmb:357 smb:2564 d:s ref:0 ;
in:3042 out:3042 type:B dur:2 cpbdur:2 q:42.62 aq:42.33 tex:221511 mv:33466 misc:5687 imb:2714 pmb:1512 smb:3934 d:s ref:0 ;
in:3041 out:3043 type:b dur:2 cpbdur:2 q:42.62 aq:44.80 tex:173475 mv:29987 misc:6066 imb:2358 pmb:1230 smb:4572 d:s ref:0 ;
in:3043 out:3044 type:b dur:2 cpbdur:2 q:42.62 aq:45.15 tex:162894 mv:27006 misc:6132 imb:1942 pmb:1443 smb:4775 d:- ref:0 ;
in:3048 out:3045 type:P dur:2 cpbdur:2 q:42.84 aq:41.67 tex:267657 mv:21802 misc:3101 imb:4994 pmb:411 smb:2755 d:s ref:0 ;
in:3046 out:3046 type:B dur:2 cpbdur:2 q:42.87 aq:43.73 tex:174094 mv:29089 misc:6041 imb:2116 pmb:1738 smb:4306 d:s ref:0 ;
in:3045 out:3047 type:b dur:2 cpbdur:2 q:42.87 aq:45.18 tex:134330 mv:25022 misc:6224 imb:1795 pmb:1297 smb:5068 d:s ref:0 ;
in:3047 out:3048 type:b dur:2 cpbdur:2 q:42.87 aq:45.01 tex:132371 mv:23329 misc:6212 imb:1689 pmb:1372 smb:5099 d:- ref:0 ;
in:3052 out:3049 type:P dur:2 cpbdur:2 q:42.93 aq:41.83 tex:257639 mv:21388 misc:3485 imb:4859 pmb:424 smb:2877 d:s ref:0 ;
in:3050 out:3050 type:B dur:2 cpbdur:2 q:42.93 aq:43.41 tex:174228 mv:28560 misc:6036 imb:2121 pmb:1705 smb:4334 d:s ref:0 ;
in:3049 out:3051 type:b dur:2 cpbdur:2 q:42.93 aq:44.04 tex:125662 mv:23505 misc:6321 imb:1699 pmb:1337 smb:5124 d:s ref:0 ;
in:3051 out:3052 type:b dur:2 cpbdur:2 q:42.93 aq:45.21 tex:124706 mv:22964 misc:6170 imb:1632 pmb:1295 smb:5233 d:- ref:0 ;
in:3056 out:3053 type:P dur:2 cpbdur:2 q:42.86 aq:41.25 tex:249793 mv:21369 misc:3566 imb:4895 pmb:415 smb:2850 d:s ref:0 ;
in:3054 out:3054 type:B dur:2 cpbdur:2 q:43.01 aq:44.61 tex:158155 mv:27064 misc:6173 imb:1990 pmb:1623 smb:4547 d:s ref:0 ;
in:3053 out:3055 type:b dur:2 cpbdur:2 q:43.01 aq:45.47 tex:120773 mv:23079 misc:6140 imb:1671 pmb:1237 smb:5252 d:s ref:0 ;
in:3055 out:3056 type:b dur:2 cpbdur:2 q:43.01 aq:45.09 tex:110135 mv:21476 misc:6173 imb:1540 pmb:1284 smb:5336 d:- ref:0 ;
in:3060 out:3057 type:P dur:2 cpbdur:2 q:42.90 aq:41.19 tex:238171 mv:20677 misc:3840 imb:4716 pmb:412 smb:3032 d:s ref:0 ;
in:3058 out:3058 type:B dur:2 cpbdur:2 q:42.97 aq:44.45 tex:154301 mv:26369 misc:6114 imb:1926 pmb:1623 smb:4611 d:s ref:0 ;
in:3057 out:3059 type:b dur:2 cpbdur:2 q:42.97 aq:44.87 tex:116111 mv:22610 misc:6175 imb:1572 pmb:1263 smb:5325 d:s ref:0 ;
in:3059 out:3060 type:b dur:2 cpbdur:2 q:42.97 aq:45.27 tex:110366 mv:20393 misc:6145 imb:1513 pmb:1172 smb:5475 d:- ref:0 ;
in:3064 out:3061 type:P dur:2 cpbdur:2 q:42.90 aq:42.78 tex:245327 mv:21385 misc:4072 imb:4848 pmb:429 smb:2883 d:s ref:0 ;
in:3062 out:3062 type:B dur:2 cpbdur:2 q:42.98 aq:44.30 tex:147297 mv:25923 misc:6164 imb:1898 pmb:1576 smb:4686 d:s ref:0 ;
in:3061 out:3063 type:b dur:2 cpbdur:2 q:42.98 aq:44.70 tex:116519 mv:21737 misc:6168 imb:1584 pmb:1190 smb:5386 d:s ref:0 ;
in:3063 out:3064 type:b dur:2 cpbdur:2 q:42.98 aq:44.60 tex:103997 mv:20388 misc:6071 imb:1467 pmb:1162 smb:5531 d:- ref:0 ;
in:3065 out:3065 type:P dur:2 cpbdur:2 q:42.93 aq:41.84 tex:211325 mv:20446 misc:4701 imb:4003 pmb:554 smb:3603 d:s ref:0 ;
in:3066 out:3066 type:P dur:2 cpbdur:2 q:42.91 aq:43.85 tex:201968 mv:19165 misc:5067 imb:3673 pmb:555 smb:3932 d:s ref:0 ;
in:3067 out:3067 type:I dur:2 cpbdur:2 q:39.30 aq:37.00 tex:728652 mv:28351 misc:637 imb:8160 pmb:0 smb:0 d:s ref:;
in:3071 out:3068 type:P dur:2 cpbdur:2 q:42.30 aq:40.43 tex:332803 mv:22822 misc:2055 imb:5405 pmb:370 smb:2385 d:s ref:0 ;
in:3069 out:3069 type:B dur:2 cpbdur:2 q:42.30 aq:43.94 tex:253341 mv:35579 misc:5248 imb:2960 pmb:1569 smb:3631 d:s ref:0 ;
in:3068 out:3070 type:b dur:2 cpbdur:2 q:42.30 aq:43.30 tex:194353 mv:30885 misc:5882 imb:2400 pmb:1312 smb:4448 d:s ref:0 ;
in:3070 out:3071 type:b dur:2 cpbdur:2 q:42.30 aq:43.67 tex:176953 mv:27287 misc:6024 imb:2002 pmb:1443 smb:4715 d:- ref:0 ;
in:3075 out:3072 type:P dur:2 cpbdur:2 q:42.62 aq:41.51 tex:283233 mv:21962 misc:3029 imb:5079 pmb:394 smb:2687 d:s ref:0 ;
in:3073 out:3073 type:B dur:2 cpbdur:2 q:42.63 aq:42.25 tex:190624 mv:29625 misc:5871 imb:2263 pmb:1638 smb:4259 d:s ref:0 ;
in:3072 out:3074 type:b dur:2 cpbdur:2 q:42.63 aq:45.06 tex:147992 mv:25782 misc:6130 imb:1909 pmb:1305 smb:4946 d:s ref:0 ;
in:3074 out:3075 type:b dur:2 cpbdur:2 q:42.63 aq:43.89 tex:140420 mv:23655 misc:6117 imb:1733 pmb:1293 smb:5134 d:- ref:0 ;
in:3079 out:3076 type:P dur:2 cpbdur:2 q:42.92 aq:41.20 tex:235884 mv:21052 misc:3552 imb:4782 pmb:392 smb:2986 d:s ref:0 ;
in:3077 out:3077 type:B dur:2 cpbdur:2 q:42.93 aq:43.00 tex:144078 mv:24620 misc:6230 imb:1802 pmb:1446 smb:4912 d:s ref:0 ;
in:3076 out:3078 type:b dur:2 cpbdur:2 q:42.93 aq:45.05 tex:104784 mv:20089 misc:5975 imb:1464 pmb:1062 smb:5634 d:s ref:0 ;
in:3078 out:3079 type:b dur:2 cpbdur:2 q:42.93 aq:44.27 tex:105388 mv:19067 misc:5905 imb:1391 pmb:1054 smb:5715 d:- ref:0 ;
in:3083 out:3080 type:P dur:2 cpbdur:2 q:42.89 aq:41.62 tex:223156 mv:20132 misc:4240 imb:4515 pmb:409 smb:3236 d:s ref:0 ;
in:3081 out:3081 type:B dur:2 cpbdur:2 q:42.92 aq:42.31 tex:137954 mv:22779 misc:6155 imb:1615 pmb:1528 smb:5017 d:s ref:0 ;
in:3080 out:3082 type:b dur:2 cpbdur:2 q:42.92 aq:42.35 tex:102269 mv:19025 misc:5914 imb:1393 pmb:1038 smb:5729 d:s ref:0 ;
in:3082 out:3083 type:b dur:2 cpbdur:2 q:42.92 aq:44.38 tex:99339 mv:18082 misc:5907 imb:1268 pmb:1126 smb:5766 d:- ref:0 ;
in:3087 out:3084 type:P dur:2 cpbdur:2 q:42.94 aq:39.38 tex:208863 mv:19821 misc:4380 imb:4416 pmb:411 smb:3333 d:s ref:0 ;
in:3085 out:3085 type:B dur:2 cpbdur:2 q:42.95 aq:43.70 tex:129421 mv:22209 misc:6218 imb:1547 pmb:1508 smb:5105 d:s ref:0 ;
in:3084 out:3086 type:b dur:2 cpbdur:2 q:42.95 aq:42.15 tex:94114 mv:17935 misc:5863 imb:1237 pmb:1089 smb:5834 d:s ref:0 ;
in:3086 out:3087 type:b dur:2 cpbdur:2 q:42.95 aq:44.01 tex:91714 mv:16549 misc:5761 imb:1178 pmb:1014 smb:5968 d:- ref:0 ;
in:3091 out:3088 type:P dur:2 cpbdur:2 q:42.94 aq:40.57 tex:205584 mv:19619 misc:4661 imb:4155 pmb:502 smb:3503 d:s ref:0 ;
in:3089 out:3089 type:B dur:2 cpbdur:2 q:42.97 aq:42.86 tex:117051 mv:20448 misc:6149 imb:1422 pmb:1400 smb:5338 d:s ref:0 ;
in:3088 out:3090 type:b dur:2 cpbdur:2 q:42.97 aq:44.50 tex:92236 mv:16997 misc:5847 imb:1230 pmb:989 smb:5941 d:s ref:0 ;
in:3090 out:3091 type:b dur:2 cpbdur:2 q:42.97 aq:44.54 tex:87795 mv:16679 misc:5734 imb:1195 pmb:966 smb:5999 d:- ref:0 ;
in:3095 out:3092 type:P dur:2 cpbdur:2 q:42.92 aq:38.86 tex:206427 mv:19030 misc:4847 imb:4124 pmb:397 smb:3639 d:s ref:0 ;
in:3093 out:3093 type:B dur:2 cpbdur:2 q:42.95 aq:42.43 tex:120270 mv:20767 misc:6099 imb:1441 pmb:1370 smb:5349 d:s ref:0 ;
in:3092 out:3094 type:b dur:2 cpbdur:2 q:42.95 aq:43.88 tex:87336 mv:16767 misc:5825 imb:1213 pmb:949 smb:5998 d:s ref:0 ;
in:3094 out:3095 type:b dur:2 cpbdur:2 q:42.95 aq:43.46 tex:82995 mv:15987 misc:5666 imb:1123 pmb:968 smb:6069 d:- ref:0 ;
in:3099 out:3096 type:P dur:2 cpbdur:2 q:42.90 aq:40.61 tex:195224 mv:18860 misc:4900 imb:3931 pmb:471 smb:3758 d:s ref:0 ;
in:3097 out:3097 type:B dur:2 cpbdur:2 q:42.92 aq:42.51 tex:118196 mv:19803 misc:6057 imb:1369 pmb:1381 smb:5410 d:s ref:0 ;
in:3096 out:3098 type:b dur:2 cpbdur:2 q:42.92 aq:42.94 tex:81407 mv:16469 misc:5540 imb:1175 pmb:864 smb:6121 d:s ref:0 ;
in:3098 out:3099 type:b dur:2 cpbdur:2 q:42.92 aq:43.47 tex:86272 mv:15112 misc:5416 imb:1108 pmb:915 smb:6137 d:- ref:0 ;
in:3100 out:3100 type:P dur:2 cpbdur:2 q:42.87 aq:42.89 tex:163843 mv:15683 misc:5418 imb:3122 pmb:500 smb:4538 d:s ref:0 ;
in:3101 out:3101 type:P dur:2 cpbdur:2 q:42.55 aq:41.54 tex:206289 mv:17507 misc:4836 imb:3548 pmb:587 smb:4025 d:s ref:0 ;
in:3102 out:3102 type:P dur:2 cpbdur:2 q:42.23 aq:40.27 tex:251945 mv:20221 misc:4082 imb:3997 pmb:671 smb:3492 d:s ref:0 ;
in:3103 out:3103 type:P dur:2 cpbdur:2 q:42.24 aq:40.61 tex:255724 mv:20296 misc:3828 imb:4139 pmb:602 smb:3419 d:s ref:0 ;
in:3104 out:3104 type:P dur:2 cpbdur:2 q:42.23 aq:40.82 tex:256925 mv:20577 misc:3682 imb:4158 pmb:582 smb:3420 d:s ref:0 ;
in:3105 out:3105 type:P dur:2 cpbdur:2 q:42.24 aq:39.67 tex:247544 mv:20867 misc:3693 imb:4239 pmb:595 smb:3326 d:s ref:0 ;
in:3106 out:3106 type:P dur:2 cpbdur:2 q:42.23 aq:40.51 tex:248470 mv:20570 misc:3816 imb:4090 pmb:650 smb:3420 d:s ref:0 ;
in:3107 out:3107 type:P dur:2 cpbdur:2 q:42.23 aq:40.81 tex:257991 mv:20222 misc:3955 imb:4135 pmb:644 smb:3381 d:s ref:0 ;
in:3108 out:3108 type:P dur:2 cpbdur:2 q:42.23 aq:40.64 tex:255579 mv:20530 misc:3467 imb:4174 pmb:588 smb:3398 d:s ref:0 ;
in:3109 out:3109 type:P dur:2 cpbdur:2 q:42.22 aq:40.22 tex:250506 mv:19544 misc:3862 imb:3995 pmb:618 smb:3547 d:s ref:0 ;
in:3110 out:3110 type:P dur:2 cpbdur:2 q:42.22 aq:41.59 tex:253645 mv:19820 misc:3839 imb:4032 pmb:588 smb:3540 d:s ref:0 ;
in:3111 out:3111 type:P dur:2 cpbdur:2 q:42.23 aq:39.94 tex:254630 mv:20490 misc:3784 imb:4111 pmb:608 smb:3441 d:s ref:0 ;
in:3112 out:3112 type:P dur:2 cpbdur:2 q:42.22 aq:39.01 tex:247838 mv:19969 misc:4113 imb:3992 pmb:629 smb:3539 d:s ref:0 ;
in:3113 out:3113 type:P dur:2 cpbdur:2 q:42.21 aq:40.44 tex:253577 mv:20032 misc:3831 imb:3955 pmb:612 smb:3593 d:s ref:0 ;
in:3114 out:3114 type:P dur:2 cpbdur:2 q:42.21 aq:40.74 tex:247502 mv:19663 misc:3715 imb:3928 pmb:625 smb:3607 d:s ref:0 ;
in:3115 out:3115 type:P dur:2 cpbdur:2 q:42.21 aq:41.51 tex:241003 mv:19456 misc:3829 imb:3934 pmb:606 smb:3620 d:s ref:0 ;
in:3116 out:3116 type:P dur:2 cpbdur:2 q:42.21 aq:38.95 tex:255428 mv:20635 misc:3745 imb:4046 pmb:642 smb:3472 d:s ref:0 ;
in:3117 out:3117 type:P dur:2 cpbdur:2 q:42.22 aq:40.59 tex:247787 mv:20298 misc:3651 imb:4028 pmb:596 smb:3536 d:s ref:0 ;
in:3118 out:3118 type:P dur:2 cpbdur:2 q:42.23 aq:40.08 tex:244083 mv:19854 misc:3903 imb:4044 pmb:572 smb:3544 d:s ref:0 ;
in:3119 out:3119 type:P dur:2 cpbdur:2 q:42.24 aq:40.24 tex:245115 mv:19556 misc:3825 imb:3975 pmb:554 smb:3631 d:s ref:0 ;
in:3120 out:3120 type:P dur:2 cpbdur:2 q:42.25 aq:39.97 tex:239697 mv:19698 misc:3805 imb:3919 pmb:590 smb:3651 d:s ref:0 ;
in:3121 out:3121 type:P dur:2 cpbdur:2 q:42.25 aq:38.92 tex:239315 mv:19805 misc:4056 imb:3930 pmb:571 smb:3659 d:s ref:0 ;
in:3122 out:3122 type:P dur:2 cpbdur:2 q:42.26 aq:39.11 tex:239834 mv:19759 misc:4207 imb:4063 pmb:580 smb:3517 d:s ref:0 ;
in:3123 out:3123 type:P dur:2 cpbdur:2 q:42.27 aq:39.38 tex:233597 mv:19401 misc:4082 imb:3994 pmb:573 smb:3593 d:s ref:0 ;
in:3124 out:3124 type:P dur:2 cpbdur:2 q:42.28 aq:39.11 tex:228321 mv:18427 misc:4268 imb:3800 pmb:572 smb:3788 d:s ref:0 ;
in:3125 out:3125 type:P dur:2 cpbdur:2 q:42.29 aq:38.73 tex:230282 mv:19374 misc:3992 imb:3986 pmb:545 smb:3629 d:s ref:0 ;
in:3126 out:3126 type:P dur:2 cpbdur:2 q:42.30 aq:39.99 tex:227405 mv:18963 misc:3992 imb:3809 pmb:594 smb:3757 d:s ref:0 ;
in:3127 out:3127 type:P dur:2 cpbdur:2 q:42.31 aq:38.53 tex:227474 mv:18720 misc:4310 imb:3775 pmb:590 smb:3795 d:s ref:0 ;
in:3128 out:3128 type:P dur:2 cpbdur:2 q:42.32 aq:39.19 tex:224868 mv:19499 misc:4009 imb:3814 pmb:602 smb:3744 d:s ref:0 ;
in:3129 out:3129 type:P dur:2 cpbdur:2 q:42.33 aq:38.63 tex:226893 mv:19063 misc:3940 imb:3810 pmb:613 smb:3737 d:s ref:0 ;
in:3130 out:3130 type:P dur:2 cpbdur:2 q:42.34 aq:39.23 tex:214119 mv:18582 misc:4227 imb:3609 pmb:597 smb:3954 d:s ref:0 ;
in:3131 out:3131 type:P dur:2 cpbdur:2 q:42.35 aq:39.09 tex:216142 mv:18082 misc:4176 imb:3670 pmb:562 smb:3928 d:s ref:0 ;
in:3132 out:3132 type:P dur:2 cpbdur:2 q:42.36 aq:39.19 tex:217479 mv:18324 misc:4069 imb:3691 pmb:579 smb:3890 d:s ref:0 ;
in:3133 out:3133 type:P dur:2 cpbdur:2 q:42.36 aq:39.77 tex:215733 mv:18785 misc:4026 imb:3779 pmb:597 smb:3784 d:s ref:0 ;
in:3134 out:3134 type:P dur:2 cpbdur:2 q:42.38 aq:40.61 tex:217408 mv:18093 misc:3995 imb:3704 pmb:579 smb:3877 d:s ref:0 ;
in:3135 out:3135 type:P dur:2 cpbdur:2 q:42.38 aq:39.39 tex:205582 mv:17754 misc:4240 imb:3626 pmb:550 smb:3984 d:s ref:0 ;
in:3136 out:3136 type:P dur:2 cpbdur:2 q:42.39 aq:39.91 tex:205363 mv:18397 misc:4272 imb:3604 pmb:561 smb:3995 d:s ref:0 ;
in:3137 out:3137 type:P dur:2 cpbdur:2 q:42.40 aq:40.75 tex:209314 mv:17527 misc:4343 imb:3585 pmb:552 smb:4023 d:s ref:0 ;
in:3138 out:3138 type:P dur:2 cpbdur:2 q:42.40 aq:39.96 tex:212794 mv:18077 misc:4057 imb:3635 pmb:547 smb:3978 d:s ref:0 ;
in:3139 out:3139 type:P dur:2 cpbdur:2 q:42.41 aq:39.75 tex:214000 mv:17723 misc:4237 imb:3669 pmb:558 smb:3933 d:s ref:0 ;
in:3140 out:3140 type:P dur:2 cpbdur:2 q:42.41 aq:40.35 tex:204452 mv:17542 misc:4278 imb:3555 pmb:520 smb:4085 d:s ref:0 ;
in:3141 out:3141 type:P dur:2 cpbdur:2 q:42.42 aq:39.51 tex:210848 mv:16803 misc:4309 imb:3616 pmb:502 smb:4042 d:s ref:0 ;
in:3142 out:3142 type:P dur:2 cpbdur:2 q:42.43 aq:40.12 tex:204371 mv:17868 misc:4145 imb:3520 pmb:561 smb:4079 d:s ref:0 ;
in:3143 out:3143 type:P dur:2 cpbdur:2 q:42.43 aq:40.34 tex:202275 mv:17341 misc:4368 imb:3511 pmb:526 smb:4123 d:s ref:0 ;
in:3144 out:3144 type:P dur:2 cpbdur:2 q:42.44 aq:39.21 tex:197631 mv:17563 misc:4158 imb:3502 pmb:562 smb:4096 d:s ref:0 ;
in:3145 out:3145 type:P dur:2 cpbdur:2 q:42.44 aq:39.63 tex:189616 mv:17211 misc:4173 imb:3453 pmb:513 smb:4194 d:s ref:0 ;
in:3146 out:3146 type:P dur:2 cpbdur:2 q:42.44 aq:39.20 tex:195531 mv:16897 misc:4396 imb:3352 pmb:552 smb:4256 d:s ref:0 ;
in:3147 out:3147 type:P dur:2 cpbdur:2 q:42.45 aq:39.89 tex:189879 mv:16502 misc:4435 imb:3309 pmb:520 smb:4331 d:s ref:0 ;
in:3148 out:3148 type:P dur:2 cpbdur:2 q:42.45 aq:40.74 tex:166033 mv:15865 misc:4518 imb:3232 pmb:464 smb:4464 d:s ref:0 ;
in:3149 out:3149 type:P dur:2 cpbdur:2 q:42.45 aq:40.64 tex:142832 mv:13282 misc:4886 imb:2829 pmb:344 smb:4987 d:s ref:0 ;
